"design","n_per_group","n_vector","panel","skew","excess_kurtosis","group_mean_offsets","shift","cell","seed","sd_vector"
"balanced n, equal SD",10,"10, 10, 10, 10",1,0,0,"0.00, 0.25, 0.50, 0.75","ordered",1,202609281,"1,1,1,1"
"balanced n, equal SD",10,"10, 10, 10, 10",2,0,6,"0.00, 0.25, 0.50, 0.75","ordered",2,202609282,"1,1,1,1"
"balanced n, equal SD",10,"10, 10, 10, 10",3,0.5,1,"0.00, 0.25, 0.50, 0.75","ordered",3,202609283,"1,1,1,1"
"balanced n, equal SD",10,"10, 10, 10, 10",4,1,1.6,"0.00, 0.25, 0.50, 0.75","ordered",4,202609284,"1,1,1,1"
"balanced n, equal SD",10,"10, 10, 10, 10",5,2,6.6,"0.00, 0.25, 0.50, 0.75","ordered",5,202609285,"1,1,1,1"
"balanced n, equal SD",20,"20, 20, 20, 20",1,0,0,"0.00, 0.25, 0.50, 0.75","ordered",6,202609286,"1,1,1,1"
"balanced n, equal SD",20,"20, 20, 20, 20",2,0,6,"0.00, 0.25, 0.50, 0.75","ordered",7,202609287,"1,1,1,1"
"balanced n, equal SD",20,"20, 20, 20, 20",3,0.5,1,"0.00, 0.25, 0.50, 0.75","ordered",8,202609288,"1,1,1,1"
"balanced n, equal SD",20,"20, 20, 20, 20",4,1,1.6,"0.00, 0.25, 0.50, 0.75","ordered",9,202609289,"1,1,1,1"
"balanced n, equal SD",20,"20, 20, 20, 20",5,2,6.6,"0.00, 0.25, 0.50, 0.75","ordered",10,202609290,"1,1,1,1"
"balanced n, equal SD",30,"30, 30, 30, 30",1,0,0,"0.00, 0.25, 0.50, 0.75","ordered",11,202609291,"1,1,1,1"
"balanced n, equal SD",30,"30, 30, 30, 30",2,0,6,"0.00, 0.25, 0.50, 0.75","ordered",12,202609292,"1,1,1,1"
"balanced n, equal SD",30,"30, 30, 30, 30",3,0.5,1,"0.00, 0.25, 0.50, 0.75","ordered",13,202609293,"1,1,1,1"
"balanced n, equal SD",30,"30, 30, 30, 30",4,1,1.6,"0.00, 0.25, 0.50, 0.75","ordered",14,202609294,"1,1,1,1"
"balanced n, equal SD",30,"30, 30, 30, 30",5,2,6.6,"0.00, 0.25, 0.50, 0.75","ordered",15,202609295,"1,1,1,1"
"balanced n, equal SD",50,"50, 50, 50, 50",1,0,0,"0.00, 0.25, 0.50, 0.75","ordered",16,202609296,"1,1,1,1"
"balanced n, equal SD",50,"50, 50, 50, 50",2,0,6,"0.00, 0.25, 0.50, 0.75","ordered",17,202609297,"1,1,1,1"
"balanced n, equal SD",50,"50, 50, 50, 50",3,0.5,1,"0.00, 0.25, 0.50, 0.75","ordered",18,202609298,"1,1,1,1"
"balanced n, equal SD",50,"50, 50, 50, 50",4,1,1.6,"0.00, 0.25, 0.50, 0.75","ordered",19,202609299,"1,1,1,1"
"balanced n, equal SD",50,"50, 50, 50, 50",5,2,6.6,"0.00, 0.25, 0.50, 0.75","ordered",20,202609300,"1,1,1,1"
"balanced n, equal SD",100,"100, 100, 100, 100",1,0,0,"0.00, 0.25, 0.50, 0.75","ordered",21,202609301,"1,1,1,1"
"balanced n, equal SD",100,"100, 100, 100, 100",2,0,6,"0.00, 0.25, 0.50, 0.75","ordered",22,202609302,"1,1,1,1"
"balanced n, equal SD",100,"100, 100, 100, 100",3,0.5,1,"0.00, 0.25, 0.50, 0.75","ordered",23,202609303,"1,1,1,1"
"balanced n, equal SD",100,"100, 100, 100, 100",4,1,1.6,"0.00, 0.25, 0.50, 0.75","ordered",24,202609304,"1,1,1,1"
"balanced n, equal SD",100,"100, 100, 100, 100",5,2,6.6,"0.00, 0.25, 0.50, 0.75","ordered",25,202609305,"1,1,1,1"
"balanced n, equal SD",200,"200, 200, 200, 200",1,0,0,"0.00, 0.25, 0.50, 0.75","ordered",26,202609306,"1,1,1,1"
"balanced n, equal SD",200,"200, 200, 200, 200",2,0,6,"0.00, 0.25, 0.50, 0.75","ordered",27,202609307,"1,1,1,1"
"balanced n, equal SD",200,"200, 200, 200, 200",3,0.5,1,"0.00, 0.25, 0.50, 0.75","ordered",28,202609308,"1,1,1,1"
"balanced n, equal SD",200,"200, 200, 200, 200",4,1,1.6,"0.00, 0.25, 0.50, 0.75","ordered",29,202609309,"1,1,1,1"
"balanced n, equal SD",200,"200, 200, 200, 200",5,2,6.6,"0.00, 0.25, 0.50, 0.75","ordered",30,202609310,"1,1,1,1"
"unbalanced n, equal SD",10,"5, 8, 12, 15",1,0,0,"0.00, 0.25, 0.50, 0.75","ordered",31,202609311,"1,1,1,1"
"unbalanced n, equal SD",10,"5, 8, 12, 15",2,0,6,"0.00, 0.25, 0.50, 0.75","ordered",32,202609312,"1,1,1,1"
"unbalanced n, equal SD",10,"5, 8, 12, 15",3,0.5,1,"0.00, 0.25, 0.50, 0.75","ordered",33,202609313,"1,1,1,1"
"unbalanced n, equal SD",10,"5, 8, 12, 15",4,1,1.6,"0.00, 0.25, 0.50, 0.75","ordered",34,202609314,"1,1,1,1"
"unbalanced n, equal SD",10,"5, 8, 12, 15",5,2,6.6,"0.00, 0.25, 0.50, 0.75","ordered",35,202609315,"1,1,1,1"
"unbalanced n, equal SD",20,"10, 16, 24, 30",1,0,0,"0.00, 0.25, 0.50, 0.75","ordered",36,202609316,"1,1,1,1"
"unbalanced n, equal SD",20,"10, 16, 24, 30",2,0,6,"0.00, 0.25, 0.50, 0.75","ordered",37,202609317,"1,1,1,1"
"unbalanced n, equal SD",20,"10, 16, 24, 30",3,0.5,1,"0.00, 0.25, 0.50, 0.75","ordered",38,202609318,"1,1,1,1"
"unbalanced n, equal SD",20,"10, 16, 24, 30",4,1,1.6,"0.00, 0.25, 0.50, 0.75","ordered",39,202609319,"1,1,1,1"
"unbalanced n, equal SD",20,"10, 16, 24, 30",5,2,6.6,"0.00, 0.25, 0.50, 0.75","ordered",40,202609320,"1,1,1,1"
"unbalanced n, equal SD",30,"15, 24, 36, 45",1,0,0,"0.00, 0.25, 0.50, 0.75","ordered",41,202609321,"1,1,1,1"
"unbalanced n, equal SD",30,"15, 24, 36, 45",2,0,6,"0.00, 0.25, 0.50, 0.75","ordered",42,202609322,"1,1,1,1"
"unbalanced n, equal SD",30,"15, 24, 36, 45",3,0.5,1,"0.00, 0.25, 0.50, 0.75","ordered",43,202609323,"1,1,1,1"
"unbalanced n, equal SD",30,"15, 24, 36, 45",4,1,1.6,"0.00, 0.25, 0.50, 0.75","ordered",44,202609324,"1,1,1,1"
"unbalanced n, equal SD",30,"15, 24, 36, 45",5,2,6.6,"0.00, 0.25, 0.50, 0.75","ordered",45,202609325,"1,1,1,1"
"unbalanced n, equal SD",50,"25, 40, 60, 75",1,0,0,"0.00, 0.25, 0.50, 0.75","ordered",46,202609326,"1,1,1,1"
"unbalanced n, equal SD",50,"25, 40, 60, 75",2,0,6,"0.00, 0.25, 0.50, 0.75","ordered",47,202609327,"1,1,1,1"
"unbalanced n, equal SD",50,"25, 40, 60, 75",3,0.5,1,"0.00, 0.25, 0.50, 0.75","ordered",48,202609328,"1,1,1,1"
"unbalanced n, equal SD",50,"25, 40, 60, 75",4,1,1.6,"0.00, 0.25, 0.50, 0.75","ordered",49,202609329,"1,1,1,1"
"unbalanced n, equal SD",50,"25, 40, 60, 75",5,2,6.6,"0.00, 0.25, 0.50, 0.75","ordered",50,202609330,"1,1,1,1"
"unbalanced n, equal SD",100,"50, 80, 120, 150",1,0,0,"0.00, 0.25, 0.50, 0.75","ordered",51,202609331,"1,1,1,1"
"unbalanced n, equal SD",100,"50, 80, 120, 150",2,0,6,"0.00, 0.25, 0.50, 0.75","ordered",52,202609332,"1,1,1,1"
"unbalanced n, equal SD",100,"50, 80, 120, 150",3,0.5,1,"0.00, 0.25, 0.50, 0.75","ordered",53,202609333,"1,1,1,1"
"unbalanced n, equal SD",100,"50, 80, 120, 150",4,1,1.6,"0.00, 0.25, 0.50, 0.75","ordered",54,202609334,"1,1,1,1"
"unbalanced n, equal SD",100,"50, 80, 120, 150",5,2,6.6,"0.00, 0.25, 0.50, 0.75","ordered",55,202609335,"1,1,1,1"
"unbalanced n, equal SD",200,"100, 160, 240, 300",1,0,0,"0.00, 0.25, 0.50, 0.75","ordered",56,202609336,"1,1,1,1"
"unbalanced n, equal SD",200,"100, 160, 240, 300",2,0,6,"0.00, 0.25, 0.50, 0.75","ordered",57,202609337,"1,1,1,1"
"unbalanced n, equal SD",200,"100, 160, 240, 300",3,0.5,1,"0.00, 0.25, 0.50, 0.75","ordered",58,202609338,"1,1,1,1"
"unbalanced n, equal SD",200,"100, 160, 240, 300",4,1,1.6,"0.00, 0.25, 0.50, 0.75","ordered",59,202609339,"1,1,1,1"
"unbalanced n, equal SD",200,"100, 160, 240, 300",5,2,6.6,"0.00, 0.25, 0.50, 0.75","ordered",60,202609340,"1,1,1,1"
"balanced n, unequal SD",10,"10, 10, 10, 10",1,0,0,"0.00, 0.25, 0.50, 0.75","ordered",61,202609341,"1.000000000000000,1.414213562373095,2.000000000000000,2.236067977499790"
"balanced n, unequal SD",10,"10, 10, 10, 10",2,0,6,"0.00, 0.25, 0.50, 0.75","ordered",62,202609342,"1.000000000000000,1.414213562373095,2.000000000000000,2.236067977499790"
"balanced n, unequal SD",10,"10, 10, 10, 10",3,0.5,1,"0.00, 0.25, 0.50, 0.75","ordered",63,202609343,"1.000000000000000,1.414213562373095,2.000000000000000,2.236067977499790"
"balanced n, unequal SD",10,"10, 10, 10, 10",4,1,1.6,"0.00, 0.25, 0.50, 0.75","ordered",64,202609344,"1.000000000000000,1.414213562373095,2.000000000000000,2.236067977499790"
"balanced n, unequal SD",10,"10, 10, 10, 10",5,2,6.6,"0.00, 0.25, 0.50, 0.75","ordered",65,202609345,"1.000000000000000,1.414213562373095,2.000000000000000,2.236067977499790"
"balanced n, unequal SD",20,"20, 20, 20, 20",1,0,0,"0.00, 0.25, 0.50, 0.75","ordered",66,202609346,"1.000000000000000,1.414213562373095,2.000000000000000,2.236067977499790"
"balanced n, unequal SD",20,"20, 20, 20, 20",2,0,6,"0.00, 0.25, 0.50, 0.75","ordered",67,202609347,"1.000000000000000,1.414213562373095,2.000000000000000,2.236067977499790"
"balanced n, unequal SD",20,"20, 20, 20, 20",3,0.5,1,"0.00, 0.25, 0.50, 0.75","ordered",68,202609348,"1.000000000000000,1.414213562373095,2.000000000000000,2.236067977499790"
"balanced n, unequal SD",20,"20, 20, 20, 20",4,1,1.6,"0.00, 0.25, 0.50, 0.75","ordered",69,202609349,"1.000000000000000,1.414213562373095,2.000000000000000,2.236067977499790"
"balanced n, unequal SD",20,"20, 20, 20, 20",5,2,6.6,"0.00, 0.25, 0.50, 0.75","ordered",70,202609350,"1.000000000000000,1.414213562373095,2.000000000000000,2.236067977499790"
"balanced n, unequal SD",30,"30, 30, 30, 30",1,0,0,"0.00, 0.25, 0.50, 0.75","ordered",71,202609351,"1.000000000000000,1.414213562373095,2.000000000000000,2.236067977499790"
"balanced n, unequal SD",30,"30, 30, 30, 30",2,0,6,"0.00, 0.25, 0.50, 0.75","ordered",72,202609352,"1.000000000000000,1.414213562373095,2.000000000000000,2.236067977499790"
"balanced n, unequal SD",30,"30, 30, 30, 30",3,0.5,1,"0.00, 0.25, 0.50, 0.75","ordered",73,202609353,"1.000000000000000,1.414213562373095,2.000000000000000,2.236067977499790"
"balanced n, unequal SD",30,"30, 30, 30, 30",4,1,1.6,"0.00, 0.25, 0.50, 0.75","ordered",74,202609354,"1.000000000000000,1.414213562373095,2.000000000000000,2.236067977499790"
"balanced n, unequal SD",30,"30, 30, 30, 30",5,2,6.6,"0.00, 0.25, 0.50, 0.75","ordered",75,202609355,"1.000000000000000,1.414213562373095,2.000000000000000,2.236067977499790"
"balanced n, unequal SD",50,"50, 50, 50, 50",1,0,0,"0.00, 0.25, 0.50, 0.75","ordered",76,202609356,"1.000000000000000,1.414213562373095,2.000000000000000,2.236067977499790"
"balanced n, unequal SD",50,"50, 50, 50, 50",2,0,6,"0.00, 0.25, 0.50, 0.75","ordered",77,202609357,"1.000000000000000,1.414213562373095,2.000000000000000,2.236067977499790"
"balanced n, unequal SD",50,"50, 50, 50, 50",3,0.5,1,"0.00, 0.25, 0.50, 0.75","ordered",78,202609358,"1.000000000000000,1.414213562373095,2.000000000000000,2.236067977499790"
"balanced n, unequal SD",50,"50, 50, 50, 50",4,1,1.6,"0.00, 0.25, 0.50, 0.75","ordered",79,202609359,"1.000000000000000,1.414213562373095,2.000000000000000,2.236067977499790"
"balanced n, unequal SD",50,"50, 50, 50, 50",5,2,6.6,"0.00, 0.25, 0.50, 0.75","ordered",80,202609360,"1.000000000000000,1.414213562373095,2.000000000000000,2.236067977499790"
"balanced n, unequal SD",100,"100, 100, 100, 100",1,0,0,"0.00, 0.25, 0.50, 0.75","ordered",81,202609361,"1.000000000000000,1.414213562373095,2.000000000000000,2.236067977499790"
"balanced n, unequal SD",100,"100, 100, 100, 100",2,0,6,"0.00, 0.25, 0.50, 0.75","ordered",82,202609362,"1.000000000000000,1.414213562373095,2.000000000000000,2.236067977499790"
"balanced n, unequal SD",100,"100, 100, 100, 100",3,0.5,1,"0.00, 0.25, 0.50, 0.75","ordered",83,202609363,"1.000000000000000,1.414213562373095,2.000000000000000,2.236067977499790"
"balanced n, unequal SD",100,"100, 100, 100, 100",4,1,1.6,"0.00, 0.25, 0.50, 0.75","ordered",84,202609364,"1.000000000000000,1.414213562373095,2.000000000000000,2.236067977499790"
"balanced n, unequal SD",100,"100, 100, 100, 100",5,2,6.6,"0.00, 0.25, 0.50, 0.75","ordered",85,202609365,"1.000000000000000,1.414213562373095,2.000000000000000,2.236067977499790"
"balanced n, unequal SD",200,"200, 200, 200, 200",1,0,0,"0.00, 0.25, 0.50, 0.75","ordered",86,202609366,"1.000000000000000,1.414213562373095,2.000000000000000,2.236067977499790"
"balanced n, unequal SD",200,"200, 200, 200, 200",2,0,6,"0.00, 0.25, 0.50, 0.75","ordered",87,202609367,"1.000000000000000,1.414213562373095,2.000000000000000,2.236067977499790"
"balanced n, unequal SD",200,"200, 200, 200, 200",3,0.5,1,"0.00, 0.25, 0.50, 0.75","ordered",88,202609368,"1.000000000000000,1.414213562373095,2.000000000000000,2.236067977499790"
"balanced n, unequal SD",200,"200, 200, 200, 200",4,1,1.6,"0.00, 0.25, 0.50, 0.75","ordered",89,202609369,"1.000000000000000,1.414213562373095,2.000000000000000,2.236067977499790"
"balanced n, unequal SD",200,"200, 200, 200, 200",5,2,6.6,"0.00, 0.25, 0.50, 0.75","ordered",90,202609370,"1.000000000000000,1.414213562373095,2.000000000000000,2.236067977499790"
"unbalanced n, larger n with larger SD",10,"5, 8, 12, 15",1,0,0,"0.00, 0.25, 0.50, 0.75","ordered",91,202609371,"1.000000000000000,1.414213562373095,2.000000000000000,2.236067977499790"
"unbalanced n, larger n with larger SD",10,"5, 8, 12, 15",2,0,6,"0.00, 0.25, 0.50, 0.75","ordered",92,202609372,"1.000000000000000,1.414213562373095,2.000000000000000,2.236067977499790"
"unbalanced n, larger n with larger SD",10,"5, 8, 12, 15",3,0.5,1,"0.00, 0.25, 0.50, 0.75","ordered",93,202609373,"1.000000000000000,1.414213562373095,2.000000000000000,2.236067977499790"
"unbalanced n, larger n with larger SD",10,"5, 8, 12, 15",4,1,1.6,"0.00, 0.25, 0.50, 0.75","ordered",94,202609374,"1.000000000000000,1.414213562373095,2.000000000000000,2.236067977499790"
"unbalanced n, larger n with larger SD",10,"5, 8, 12, 15",5,2,6.6,"0.00, 0.25, 0.50, 0.75","ordered",95,202609375,"1.000000000000000,1.414213562373095,2.000000000000000,2.236067977499790"
"unbalanced n, larger n with larger SD",20,"10, 16, 24, 30",1,0,0,"0.00, 0.25, 0.50, 0.75","ordered",96,202609376,"1.000000000000000,1.414213562373095,2.000000000000000,2.236067977499790"
"unbalanced n, larger n with larger SD",20,"10, 16, 24, 30",2,0,6,"0.00, 0.25, 0.50, 0.75","ordered",97,202609377,"1.000000000000000,1.414213562373095,2.000000000000000,2.236067977499790"
"unbalanced n, larger n with larger SD",20,"10, 16, 24, 30",3,0.5,1,"0.00, 0.25, 0.50, 0.75","ordered",98,202609378,"1.000000000000000,1.414213562373095,2.000000000000000,2.236067977499790"
"unbalanced n, larger n with larger SD",20,"10, 16, 24, 30",4,1,1.6,"0.00, 0.25, 0.50, 0.75","ordered",99,202609379,"1.000000000000000,1.414213562373095,2.000000000000000,2.236067977499790"
"unbalanced n, larger n with larger SD",20,"10, 16, 24, 30",5,2,6.6,"0.00, 0.25, 0.50, 0.75","ordered",100,202609380,"1.000000000000000,1.414213562373095,2.000000000000000,2.236067977499790"
"unbalanced n, larger n with larger SD",30,"15, 24, 36, 45",1,0,0,"0.00, 0.25, 0.50, 0.75","ordered",101,202609381,"1.000000000000000,1.414213562373095,2.000000000000000,2.236067977499790"
"unbalanced n, larger n with larger SD",30,"15, 24, 36, 45",2,0,6,"0.00, 0.25, 0.50, 0.75","ordered",102,202609382,"1.000000000000000,1.414213562373095,2.000000000000000,2.236067977499790"
"unbalanced n, larger n with larger SD",30,"15, 24, 36, 45",3,0.5,1,"0.00, 0.25, 0.50, 0.75","ordered",103,202609383,"1.000000000000000,1.414213562373095,2.000000000000000,2.236067977499790"
"unbalanced n, larger n with larger SD",30,"15, 24, 36, 45",4,1,1.6,"0.00, 0.25, 0.50, 0.75","ordered",104,202609384,"1.000000000000000,1.414213562373095,2.000000000000000,2.236067977499790"
"unbalanced n, larger n with larger SD",30,"15, 24, 36, 45",5,2,6.6,"0.00, 0.25, 0.50, 0.75","ordered",105,202609385,"1.000000000000000,1.414213562373095,2.000000000000000,2.236067977499790"
"unbalanced n, larger n with larger SD",50,"25, 40, 60, 75",1,0,0,"0.00, 0.25, 0.50, 0.75","ordered",106,202609386,"1.000000000000000,1.414213562373095,2.000000000000000,2.236067977499790"
"unbalanced n, larger n with larger SD",50,"25, 40, 60, 75",2,0,6,"0.00, 0.25, 0.50, 0.75","ordered",107,202609387,"1.000000000000000,1.414213562373095,2.000000000000000,2.236067977499790"
"unbalanced n, larger n with larger SD",50,"25, 40, 60, 75",3,0.5,1,"0.00, 0.25, 0.50, 0.75","ordered",108,202609388,"1.000000000000000,1.414213562373095,2.000000000000000,2.236067977499790"
"unbalanced n, larger n with larger SD",50,"25, 40, 60, 75",4,1,1.6,"0.00, 0.25, 0.50, 0.75","ordered",109,202609389,"1.000000000000000,1.414213562373095,2.000000000000000,2.236067977499790"
"unbalanced n, larger n with larger SD",50,"25, 40, 60, 75",5,2,6.6,"0.00, 0.25, 0.50, 0.75","ordered",110,202609390,"1.000000000000000,1.414213562373095,2.000000000000000,2.236067977499790"
"unbalanced n, larger n with larger SD",100,"50, 80, 120, 150",1,0,0,"0.00, 0.25, 0.50, 0.75","ordered",111,202609391,"1.000000000000000,1.414213562373095,2.000000000000000,2.236067977499790"
"unbalanced n, larger n with larger SD",100,"50, 80, 120, 150",2,0,6,"0.00, 0.25, 0.50, 0.75","ordered",112,202609392,"1.000000000000000,1.414213562373095,2.000000000000000,2.236067977499790"
"unbalanced n, larger n with larger SD",100,"50, 80, 120, 150",3,0.5,1,"0.00, 0.25, 0.50, 0.75","ordered",113,202609393,"1.000000000000000,1.414213562373095,2.000000000000000,2.236067977499790"
"unbalanced n, larger n with larger SD",100,"50, 80, 120, 150",4,1,1.6,"0.00, 0.25, 0.50, 0.75","ordered",114,202609394,"1.000000000000000,1.414213562373095,2.000000000000000,2.236067977499790"
"unbalanced n, larger n with larger SD",100,"50, 80, 120, 150",5,2,6.6,"0.00, 0.25, 0.50, 0.75","ordered",115,202609395,"1.000000000000000,1.414213562373095,2.000000000000000,2.236067977499790"
"unbalanced n, larger n with larger SD",200,"100, 160, 240, 300",1,0,0,"0.00, 0.25, 0.50, 0.75","ordered",116,202609396,"1.000000000000000,1.414213562373095,2.000000000000000,2.236067977499790"
"unbalanced n, larger n with larger SD",200,"100, 160, 240, 300",2,0,6,"0.00, 0.25, 0.50, 0.75","ordered",117,202609397,"1.000000000000000,1.414213562373095,2.000000000000000,2.236067977499790"
"unbalanced n, larger n with larger SD",200,"100, 160, 240, 300",3,0.5,1,"0.00, 0.25, 0.50, 0.75","ordered",118,202609398,"1.000000000000000,1.414213562373095,2.000000000000000,2.236067977499790"
"unbalanced n, larger n with larger SD",200,"100, 160, 240, 300",4,1,1.6,"0.00, 0.25, 0.50, 0.75","ordered",119,202609399,"1.000000000000000,1.414213562373095,2.000000000000000,2.236067977499790"
"unbalanced n, larger n with larger SD",200,"100, 160, 240, 300",5,2,6.6,"0.00, 0.25, 0.50, 0.75","ordered",120,202609400,"1.000000000000000,1.414213562373095,2.000000000000000,2.236067977499790"
"unbalanced n, larger n with smaller SD",10,"5, 8, 12, 15",1,0,0,"0.00, 0.25, 0.50, 0.75","ordered",121,202609401,"2.236067977499790,2.000000000000000,1.414213562373095,1.000000000000000"
"unbalanced n, larger n with smaller SD",10,"5, 8, 12, 15",2,0,6,"0.00, 0.25, 0.50, 0.75","ordered",122,202609402,"2.236067977499790,2.000000000000000,1.414213562373095,1.000000000000000"
"unbalanced n, larger n with smaller SD",10,"5, 8, 12, 15",3,0.5,1,"0.00, 0.25, 0.50, 0.75","ordered",123,202609403,"2.236067977499790,2.000000000000000,1.414213562373095,1.000000000000000"
"unbalanced n, larger n with smaller SD",10,"5, 8, 12, 15",4,1,1.6,"0.00, 0.25, 0.50, 0.75","ordered",124,202609404,"2.236067977499790,2.000000000000000,1.414213562373095,1.000000000000000"
"unbalanced n, larger n with smaller SD",10,"5, 8, 12, 15",5,2,6.6,"0.00, 0.25, 0.50, 0.75","ordered",125,202609405,"2.236067977499790,2.000000000000000,1.414213562373095,1.000000000000000"
"unbalanced n, larger n with smaller SD",20,"10, 16, 24, 30",1,0,0,"0.00, 0.25, 0.50, 0.75","ordered",126,202609406,"2.236067977499790,2.000000000000000,1.414213562373095,1.000000000000000"
"unbalanced n, larger n with smaller SD",20,"10, 16, 24, 30",2,0,6,"0.00, 0.25, 0.50, 0.75","ordered",127,202609407,"2.236067977499790,2.000000000000000,1.414213562373095,1.000000000000000"
"unbalanced n, larger n with smaller SD",20,"10, 16, 24, 30",3,0.5,1,"0.00, 0.25, 0.50, 0.75","ordered",128,202609408,"2.236067977499790,2.000000000000000,1.414213562373095,1.000000000000000"
"unbalanced n, larger n with smaller SD",20,"10, 16, 24, 30",4,1,1.6,"0.00, 0.25, 0.50, 0.75","ordered",129,202609409,"2.236067977499790,2.000000000000000,1.414213562373095,1.000000000000000"
"unbalanced n, larger n with smaller SD",20,"10, 16, 24, 30",5,2,6.6,"0.00, 0.25, 0.50, 0.75","ordered",130,202609410,"2.236067977499790,2.000000000000000,1.414213562373095,1.000000000000000"
"unbalanced n, larger n with smaller SD",30,"15, 24, 36, 45",1,0,0,"0.00, 0.25, 0.50, 0.75","ordered",131,202609411,"2.236067977499790,2.000000000000000,1.414213562373095,1.000000000000000"
"unbalanced n, larger n with smaller SD",30,"15, 24, 36, 45",2,0,6,"0.00, 0.25, 0.50, 0.75","ordered",132,202609412,"2.236067977499790,2.000000000000000,1.414213562373095,1.000000000000000"
"unbalanced n, larger n with smaller SD",30,"15, 24, 36, 45",3,0.5,1,"0.00, 0.25, 0.50, 0.75","ordered",133,202609413,"2.236067977499790,2.000000000000000,1.414213562373095,1.000000000000000"
"unbalanced n, larger n with smaller SD",30,"15, 24, 36, 45",4,1,1.6,"0.00, 0.25, 0.50, 0.75","ordered",134,202609414,"2.236067977499790,2.000000000000000,1.414213562373095,1.000000000000000"
"unbalanced n, larger n with smaller SD",30,"15, 24, 36, 45",5,2,6.6,"0.00, 0.25, 0.50, 0.75","ordered",135,202609415,"2.236067977499790,2.000000000000000,1.414213562373095,1.000000000000000"
"unbalanced n, larger n with smaller SD",50,"25, 40, 60, 75",1,0,0,"0.00, 0.25, 0.50, 0.75","ordered",136,202609416,"2.236067977499790,2.000000000000000,1.414213562373095,1.000000000000000"
"unbalanced n, larger n with smaller SD",50,"25, 40, 60, 75",2,0,6,"0.00, 0.25, 0.50, 0.75","ordered",137,202609417,"2.236067977499790,2.000000000000000,1.414213562373095,1.000000000000000"
"unbalanced n, larger n with smaller SD",50,"25, 40, 60, 75",3,0.5,1,"0.00, 0.25, 0.50, 0.75","ordered",138,202609418,"2.236067977499790,2.000000000000000,1.414213562373095,1.000000000000000"
"unbalanced n, larger n with smaller SD",50,"25, 40, 60, 75",4,1,1.6,"0.00, 0.25, 0.50, 0.75","ordered",139,202609419,"2.236067977499790,2.000000000000000,1.414213562373095,1.000000000000000"
"unbalanced n, larger n with smaller SD",50,"25, 40, 60, 75",5,2,6.6,"0.00, 0.25, 0.50, 0.75","ordered",140,202609420,"2.236067977499790,2.000000000000000,1.414213562373095,1.000000000000000"
"unbalanced n, larger n with smaller SD",100,"50, 80, 120, 150",1,0,0,"0.00, 0.25, 0.50, 0.75","ordered",141,202609421,"2.236067977499790,2.000000000000000,1.414213562373095,1.000000000000000"
"unbalanced n, larger n with smaller SD",100,"50, 80, 120, 150",2,0,6,"0.00, 0.25, 0.50, 0.75","ordered",142,202609422,"2.236067977499790,2.000000000000000,1.414213562373095,1.000000000000000"
"unbalanced n, larger n with smaller SD",100,"50, 80, 120, 150",3,0.5,1,"0.00, 0.25, 0.50, 0.75","ordered",143,202609423,"2.236067977499790,2.000000000000000,1.414213562373095,1.000000000000000"
"unbalanced n, larger n with smaller SD",100,"50, 80, 120, 150",4,1,1.6,"0.00, 0.25, 0.50, 0.75","ordered",144,202609424,"2.236067977499790,2.000000000000000,1.414213562373095,1.000000000000000"
"unbalanced n, larger n with smaller SD",100,"50, 80, 120, 150",5,2,6.6,"0.00, 0.25, 0.50, 0.75","ordered",145,202609425,"2.236067977499790,2.000000000000000,1.414213562373095,1.000000000000000"
"unbalanced n, larger n with smaller SD",200,"100, 160, 240, 300",1,0,0,"0.00, 0.25, 0.50, 0.75","ordered",146,202609426,"2.236067977499790,2.000000000000000,1.414213562373095,1.000000000000000"
"unbalanced n, larger n with smaller SD",200,"100, 160, 240, 300",2,0,6,"0.00, 0.25, 0.50, 0.75","ordered",147,202609427,"2.236067977499790,2.000000000000000,1.414213562373095,1.000000000000000"
"unbalanced n, larger n with smaller SD",200,"100, 160, 240, 300",3,0.5,1,"0.00, 0.25, 0.50, 0.75","ordered",148,202609428,"2.236067977499790,2.000000000000000,1.414213562373095,1.000000000000000"
"unbalanced n, larger n with smaller SD",200,"100, 160, 240, 300",4,1,1.6,"0.00, 0.25, 0.50, 0.75","ordered",149,202609429,"2.236067977499790,2.000000000000000,1.414213562373095,1.000000000000000"
"unbalanced n, larger n with smaller SD",200,"100, 160, 240, 300",5,2,6.6,"0.00, 0.25, 0.50, 0.75","ordered",150,202609430,"2.236067977499790,2.000000000000000,1.414213562373095,1.000000000000000"
"balanced n, equal SD",10,"10, 10, 10, 10",1,0,0,"0.00, 0.00, 0.00, 0.50","onepoint_0.5",151,202609431,"1,1,1,1"
"balanced n, equal SD",10,"10, 10, 10, 10",2,0,6,"0.00, 0.00, 0.00, 0.50","onepoint_0.5",152,202609432,"1,1,1,1"
"balanced n, equal SD",10,"10, 10, 10, 10",3,0.5,1,"0.00, 0.00, 0.00, 0.50","onepoint_0.5",153,202609433,"1,1,1,1"
"balanced n, equal SD",10,"10, 10, 10, 10",4,1,1.6,"0.00, 0.00, 0.00, 0.50","onepoint_0.5",154,202609434,"1,1,1,1"
"balanced n, equal SD",10,"10, 10, 10, 10",5,2,6.6,"0.00, 0.00, 0.00, 0.50","onepoint_0.5",155,202609435,"1,1,1,1"
"balanced n, equal SD",20,"20, 20, 20, 20",1,0,0,"0.00, 0.00, 0.00, 0.50","onepoint_0.5",156,202609436,"1,1,1,1"
"balanced n, equal SD",20,"20, 20, 20, 20",2,0,6,"0.00, 0.00, 0.00, 0.50","onepoint_0.5",157,202609437,"1,1,1,1"
"balanced n, equal SD",20,"20, 20, 20, 20",3,0.5,1,"0.00, 0.00, 0.00, 0.50","onepoint_0.5",158,202609438,"1,1,1,1"
"balanced n, equal SD",20,"20, 20, 20, 20",4,1,1.6,"0.00, 0.00, 0.00, 0.50","onepoint_0.5",159,202609439,"1,1,1,1"
"balanced n, equal SD",20,"20, 20, 20, 20",5,2,6.6,"0.00, 0.00, 0.00, 0.50","onepoint_0.5",160,202609440,"1,1,1,1"
"balanced n, equal SD",30,"30, 30, 30, 30",1,0,0,"0.00, 0.00, 0.00, 0.50","onepoint_0.5",161,202609441,"1,1,1,1"
"balanced n, equal SD",30,"30, 30, 30, 30",2,0,6,"0.00, 0.00, 0.00, 0.50","onepoint_0.5",162,202609442,"1,1,1,1"
"balanced n, equal SD",30,"30, 30, 30, 30",3,0.5,1,"0.00, 0.00, 0.00, 0.50","onepoint_0.5",163,202609443,"1,1,1,1"
"balanced n, equal SD",30,"30, 30, 30, 30",4,1,1.6,"0.00, 0.00, 0.00, 0.50","onepoint_0.5",164,202609444,"1,1,1,1"
"balanced n, equal SD",30,"30, 30, 30, 30",5,2,6.6,"0.00, 0.00, 0.00, 0.50","onepoint_0.5",165,202609445,"1,1,1,1"
"balanced n, equal SD",50,"50, 50, 50, 50",1,0,0,"0.00, 0.00, 0.00, 0.50","onepoint_0.5",166,202609446,"1,1,1,1"
"balanced n, equal SD",50,"50, 50, 50, 50",2,0,6,"0.00, 0.00, 0.00, 0.50","onepoint_0.5",167,202609447,"1,1,1,1"
"balanced n, equal SD",50,"50, 50, 50, 50",3,0.5,1,"0.00, 0.00, 0.00, 0.50","onepoint_0.5",168,202609448,"1,1,1,1"
"balanced n, equal SD",50,"50, 50, 50, 50",4,1,1.6,"0.00, 0.00, 0.00, 0.50","onepoint_0.5",169,202609449,"1,1,1,1"
"balanced n, equal SD",50,"50, 50, 50, 50",5,2,6.6,"0.00, 0.00, 0.00, 0.50","onepoint_0.5",170,202609450,"1,1,1,1"
"balanced n, equal SD",100,"100, 100, 100, 100",1,0,0,"0.00, 0.00, 0.00, 0.50","onepoint_0.5",171,202609451,"1,1,1,1"
"balanced n, equal SD",100,"100, 100, 100, 100",2,0,6,"0.00, 0.00, 0.00, 0.50","onepoint_0.5",172,202609452,"1,1,1,1"
"balanced n, equal SD",100,"100, 100, 100, 100",3,0.5,1,"0.00, 0.00, 0.00, 0.50","onepoint_0.5",173,202609453,"1,1,1,1"
"balanced n, equal SD",100,"100, 100, 100, 100",4,1,1.6,"0.00, 0.00, 0.00, 0.50","onepoint_0.5",174,202609454,"1,1,1,1"
"balanced n, equal SD",100,"100, 100, 100, 100",5,2,6.6,"0.00, 0.00, 0.00, 0.50","onepoint_0.5",175,202609455,"1,1,1,1"
"unbalanced n, equal SD",10,"5, 8, 12, 15",1,0,0,"0.00, 0.00, 0.00, 0.50","onepoint_0.5",176,202609456,"1,1,1,1"
"unbalanced n, equal SD",10,"5, 8, 12, 15",2,0,6,"0.00, 0.00, 0.00, 0.50","onepoint_0.5",177,202609457,"1,1,1,1"
"unbalanced n, equal SD",10,"5, 8, 12, 15",3,0.5,1,"0.00, 0.00, 0.00, 0.50","onepoint_0.5",178,202609458,"1,1,1,1"
"unbalanced n, equal SD",10,"5, 8, 12, 15",4,1,1.6,"0.00, 0.00, 0.00, 0.50","onepoint_0.5",179,202609459,"1,1,1,1"
"unbalanced n, equal SD",10,"5, 8, 12, 15",5,2,6.6,"0.00, 0.00, 0.00, 0.50","onepoint_0.5",180,202609460,"1,1,1,1"
"unbalanced n, equal SD",20,"10, 16, 24, 30",1,0,0,"0.00, 0.00, 0.00, 0.50","onepoint_0.5",181,202609461,"1,1,1,1"
"unbalanced n, equal SD",20,"10, 16, 24, 30",2,0,6,"0.00, 0.00, 0.00, 0.50","onepoint_0.5",182,202609462,"1,1,1,1"
"unbalanced n, equal SD",20,"10, 16, 24, 30",3,0.5,1,"0.00, 0.00, 0.00, 0.50","onepoint_0.5",183,202609463,"1,1,1,1"
"unbalanced n, equal SD",20,"10, 16, 24, 30",4,1,1.6,"0.00, 0.00, 0.00, 0.50","onepoint_0.5",184,202609464,"1,1,1,1"
"unbalanced n, equal SD",20,"10, 16, 24, 30",5,2,6.6,"0.00, 0.00, 0.00, 0.50","onepoint_0.5",185,202609465,"1,1,1,1"
"unbalanced n, equal SD",30,"15, 24, 36, 45",1,0,0,"0.00, 0.00, 0.00, 0.50","onepoint_0.5",186,202609466,"1,1,1,1"
"unbalanced n, equal SD",30,"15, 24, 36, 45",2,0,6,"0.00, 0.00, 0.00, 0.50","onepoint_0.5",187,202609467,"1,1,1,1"
"unbalanced n, equal SD",30,"15, 24, 36, 45",3,0.5,1,"0.00, 0.00, 0.00, 0.50","onepoint_0.5",188,202609468,"1,1,1,1"
"unbalanced n, equal SD",30,"15, 24, 36, 45",4,1,1.6,"0.00, 0.00, 0.00, 0.50","onepoint_0.5",189,202609469,"1,1,1,1"
"unbalanced n, equal SD",30,"15, 24, 36, 45",5,2,6.6,"0.00, 0.00, 0.00, 0.50","onepoint_0.5",190,202609470,"1,1,1,1"
"unbalanced n, equal SD",50,"25, 40, 60, 75",1,0,0,"0.00, 0.00, 0.00, 0.50","onepoint_0.5",191,202609471,"1,1,1,1"
"unbalanced n, equal SD",50,"25, 40, 60, 75",2,0,6,"0.00, 0.00, 0.00, 0.50","onepoint_0.5",192,202609472,"1,1,1,1"
"unbalanced n, equal SD",50,"25, 40, 60, 75",3,0.5,1,"0.00, 0.00, 0.00, 0.50","onepoint_0.5",193,202609473,"1,1,1,1"
"unbalanced n, equal SD",50,"25, 40, 60, 75",4,1,1.6,"0.00, 0.00, 0.00, 0.50","onepoint_0.5",194,202609474,"1,1,1,1"
"unbalanced n, equal SD",50,"25, 40, 60, 75",5,2,6.6,"0.00, 0.00, 0.00, 0.50","onepoint_0.5",195,202609475,"1,1,1,1"
"unbalanced n, equal SD",100,"50, 80, 120, 150",1,0,0,"0.00, 0.00, 0.00, 0.50","onepoint_0.5",196,202609476,"1,1,1,1"
"unbalanced n, equal SD",100,"50, 80, 120, 150",2,0,6,"0.00, 0.00, 0.00, 0.50","onepoint_0.5",197,202609477,"1,1,1,1"
"unbalanced n, equal SD",100,"50, 80, 120, 150",3,0.5,1,"0.00, 0.00, 0.00, 0.50","onepoint_0.5",198,202609478,"1,1,1,1"
"unbalanced n, equal SD",100,"50, 80, 120, 150",4,1,1.6,"0.00, 0.00, 0.00, 0.50","onepoint_0.5",199,202609479,"1,1,1,1"
"unbalanced n, equal SD",100,"50, 80, 120, 150",5,2,6.6,"0.00, 0.00, 0.00, 0.50","onepoint_0.5",200,202609480,"1,1,1,1"
"balanced n, unequal SD",10,"10, 10, 10, 10",1,0,0,"0.00, 0.00, 0.00, 0.50","onepoint_0.5",201,202609481,"1.000000000000000,1.414213562373095,2.000000000000000,2.236067977499790"
"balanced n, unequal SD",10,"10, 10, 10, 10",2,0,6,"0.00, 0.00, 0.00, 0.50","onepoint_0.5",202,202609482,"1.000000000000000,1.414213562373095,2.000000000000000,2.236067977499790"
"balanced n, unequal SD",10,"10, 10, 10, 10",3,0.5,1,"0.00, 0.00, 0.00, 0.50","onepoint_0.5",203,202609483,"1.000000000000000,1.414213562373095,2.000000000000000,2.236067977499790"
"balanced n, unequal SD",10,"10, 10, 10, 10",4,1,1.6,"0.00, 0.00, 0.00, 0.50","onepoint_0.5",204,202609484,"1.000000000000000,1.414213562373095,2.000000000000000,2.236067977499790"
"balanced n, unequal SD",10,"10, 10, 10, 10",5,2,6.6,"0.00, 0.00, 0.00, 0.50","onepoint_0.5",205,202609485,"1.000000000000000,1.414213562373095,2.000000000000000,2.236067977499790"
"balanced n, unequal SD",20,"20, 20, 20, 20",1,0,0,"0.00, 0.00, 0.00, 0.50","onepoint_0.5",206,202609486,"1.000000000000000,1.414213562373095,2.000000000000000,2.236067977499790"
"balanced n, unequal SD",20,"20, 20, 20, 20",2,0,6,"0.00, 0.00, 0.00, 0.50","onepoint_0.5",207,202609487,"1.000000000000000,1.414213562373095,2.000000000000000,2.236067977499790"
"balanced n, unequal SD",20,"20, 20, 20, 20",3,0.5,1,"0.00, 0.00, 0.00, 0.50","onepoint_0.5",208,202609488,"1.000000000000000,1.414213562373095,2.000000000000000,2.236067977499790"
"balanced n, unequal SD",20,"20, 20, 20, 20",4,1,1.6,"0.00, 0.00, 0.00, 0.50","onepoint_0.5",209,202609489,"1.000000000000000,1.414213562373095,2.000000000000000,2.236067977499790"
"balanced n, unequal SD",20,"20, 20, 20, 20",5,2,6.6,"0.00, 0.00, 0.00, 0.50","onepoint_0.5",210,202609490,"1.000000000000000,1.414213562373095,2.000000000000000,2.236067977499790"
"balanced n, unequal SD",30,"30, 30, 30, 30",1,0,0,"0.00, 0.00, 0.00, 0.50","onepoint_0.5",211,202609491,"1.000000000000000,1.414213562373095,2.000000000000000,2.236067977499790"
"balanced n, unequal SD",30,"30, 30, 30, 30",2,0,6,"0.00, 0.00, 0.00, 0.50","onepoint_0.5",212,202609492,"1.000000000000000,1.414213562373095,2.000000000000000,2.236067977499790"
"balanced n, unequal SD",30,"30, 30, 30, 30",3,0.5,1,"0.00, 0.00, 0.00, 0.50","onepoint_0.5",213,202609493,"1.000000000000000,1.414213562373095,2.000000000000000,2.236067977499790"
"balanced n, unequal SD",30,"30, 30, 30, 30",4,1,1.6,"0.00, 0.00, 0.00, 0.50","onepoint_0.5",214,202609494,"1.000000000000000,1.414213562373095,2.000000000000000,2.236067977499790"
"balanced n, unequal SD",30,"30, 30, 30, 30",5,2,6.6,"0.00, 0.00, 0.00, 0.50","onepoint_0.5",215,202609495,"1.000000000000000,1.414213562373095,2.000000000000000,2.236067977499790"
"balanced n, unequal SD",50,"50, 50, 50, 50",1,0,0,"0.00, 0.00, 0.00, 0.50","onepoint_0.5",216,202609496,"1.000000000000000,1.414213562373095,2.000000000000000,2.236067977499790"
"balanced n, unequal SD",50,"50, 50, 50, 50",2,0,6,"0.00, 0.00, 0.00, 0.50","onepoint_0.5",217,202609497,"1.000000000000000,1.414213562373095,2.000000000000000,2.236067977499790"
"balanced n, unequal SD",50,"50, 50, 50, 50",3,0.5,1,"0.00, 0.00, 0.00, 0.50","onepoint_0.5",218,202609498,"1.000000000000000,1.414213562373095,2.000000000000000,2.236067977499790"
"balanced n, unequal SD",50,"50, 50, 50, 50",4,1,1.6,"0.00, 0.00, 0.00, 0.50","onepoint_0.5",219,202609499,"1.000000000000000,1.414213562373095,2.000000000000000,2.236067977499790"
"balanced n, unequal SD",50,"50, 50, 50, 50",5,2,6.6,"0.00, 0.00, 0.00, 0.50","onepoint_0.5",220,202609500,"1.000000000000000,1.414213562373095,2.000000000000000,2.236067977499790"
"balanced n, unequal SD",100,"100, 100, 100, 100",1,0,0,"0.00, 0.00, 0.00, 0.50","onepoint_0.5",221,202609501,"1.000000000000000,1.414213562373095,2.000000000000000,2.236067977499790"
"balanced n, unequal SD",100,"100, 100, 100, 100",2,0,6,"0.00, 0.00, 0.00, 0.50","onepoint_0.5",222,202609502,"1.000000000000000,1.414213562373095,2.000000000000000,2.236067977499790"
"balanced n, unequal SD",100,"100, 100, 100, 100",3,0.5,1,"0.00, 0.00, 0.00, 0.50","onepoint_0.5",223,202609503,"1.000000000000000,1.414213562373095,2.000000000000000,2.236067977499790"
"balanced n, unequal SD",100,"100, 100, 100, 100",4,1,1.6,"0.00, 0.00, 0.00, 0.50","onepoint_0.5",224,202609504,"1.000000000000000,1.414213562373095,2.000000000000000,2.236067977499790"
"balanced n, unequal SD",100,"100, 100, 100, 100",5,2,6.6,"0.00, 0.00, 0.00, 0.50","onepoint_0.5",225,202609505,"1.000000000000000,1.414213562373095,2.000000000000000,2.236067977499790"
"unbalanced n, larger n with larger SD",10,"5, 8, 12, 15",1,0,0,"0.00, 0.00, 0.00, 0.50","onepoint_0.5",226,202609506,"1.000000000000000,1.414213562373095,2.000000000000000,2.236067977499790"
"unbalanced n, larger n with larger SD",10,"5, 8, 12, 15",2,0,6,"0.00, 0.00, 0.00, 0.50","onepoint_0.5",227,202609507,"1.000000000000000,1.414213562373095,2.000000000000000,2.236067977499790"
"unbalanced n, larger n with larger SD",10,"5, 8, 12, 15",3,0.5,1,"0.00, 0.00, 0.00, 0.50","onepoint_0.5",228,202609508,"1.000000000000000,1.414213562373095,2.000000000000000,2.236067977499790"
"unbalanced n, larger n with larger SD",10,"5, 8, 12, 15",4,1,1.6,"0.00, 0.00, 0.00, 0.50","onepoint_0.5",229,202609509,"1.000000000000000,1.414213562373095,2.000000000000000,2.236067977499790"
"unbalanced n, larger n with larger SD",10,"5, 8, 12, 15",5,2,6.6,"0.00, 0.00, 0.00, 0.50","onepoint_0.5",230,202609510,"1.000000000000000,1.414213562373095,2.000000000000000,2.236067977499790"
"unbalanced n, larger n with larger SD",20,"10, 16, 24, 30",1,0,0,"0.00, 0.00, 0.00, 0.50","onepoint_0.5",231,202609511,"1.000000000000000,1.414213562373095,2.000000000000000,2.236067977499790"
"unbalanced n, larger n with larger SD",20,"10, 16, 24, 30",2,0,6,"0.00, 0.00, 0.00, 0.50","onepoint_0.5",232,202609512,"1.000000000000000,1.414213562373095,2.000000000000000,2.236067977499790"
"unbalanced n, larger n with larger SD",20,"10, 16, 24, 30",3,0.5,1,"0.00, 0.00, 0.00, 0.50","onepoint_0.5",233,202609513,"1.000000000000000,1.414213562373095,2.000000000000000,2.236067977499790"
"unbalanced n, larger n with larger SD",20,"10, 16, 24, 30",4,1,1.6,"0.00, 0.00, 0.00, 0.50","onepoint_0.5",234,202609514,"1.000000000000000,1.414213562373095,2.000000000000000,2.236067977499790"
"unbalanced n, larger n with larger SD",20,"10, 16, 24, 30",5,2,6.6,"0.00, 0.00, 0.00, 0.50","onepoint_0.5",235,202609515,"1.000000000000000,1.414213562373095,2.000000000000000,2.236067977499790"
"unbalanced n, larger n with larger SD",30,"15, 24, 36, 45",1,0,0,"0.00, 0.00, 0.00, 0.50","onepoint_0.5",236,202609516,"1.000000000000000,1.414213562373095,2.000000000000000,2.236067977499790"
"unbalanced n, larger n with larger SD",30,"15, 24, 36, 45",2,0,6,"0.00, 0.00, 0.00, 0.50","onepoint_0.5",237,202609517,"1.000000000000000,1.414213562373095,2.000000000000000,2.236067977499790"
"unbalanced n, larger n with larger SD",30,"15, 24, 36, 45",3,0.5,1,"0.00, 0.00, 0.00, 0.50","onepoint_0.5",238,202609518,"1.000000000000000,1.414213562373095,2.000000000000000,2.236067977499790"
"unbalanced n, larger n with larger SD",30,"15, 24, 36, 45",4,1,1.6,"0.00, 0.00, 0.00, 0.50","onepoint_0.5",239,202609519,"1.000000000000000,1.414213562373095,2.000000000000000,2.236067977499790"
"unbalanced n, larger n with larger SD",30,"15, 24, 36, 45",5,2,6.6,"0.00, 0.00, 0.00, 0.50","onepoint_0.5",240,202609520,"1.000000000000000,1.414213562373095,2.000000000000000,2.236067977499790"
"unbalanced n, larger n with larger SD",50,"25, 40, 60, 75",1,0,0,"0.00, 0.00, 0.00, 0.50","onepoint_0.5",241,202609521,"1.000000000000000,1.414213562373095,2.000000000000000,2.236067977499790"
"unbalanced n, larger n with larger SD",50,"25, 40, 60, 75",2,0,6,"0.00, 0.00, 0.00, 0.50","onepoint_0.5",242,202609522,"1.000000000000000,1.414213562373095,2.000000000000000,2.236067977499790"
"unbalanced n, larger n with larger SD",50,"25, 40, 60, 75",3,0.5,1,"0.00, 0.00, 0.00, 0.50","onepoint_0.5",243,202609523,"1.000000000000000,1.414213562373095,2.000000000000000,2.236067977499790"
"unbalanced n, larger n with larger SD",50,"25, 40, 60, 75",4,1,1.6,"0.00, 0.00, 0.00, 0.50","onepoint_0.5",244,202609524,"1.000000000000000,1.414213562373095,2.000000000000000,2.236067977499790"
"unbalanced n, larger n with larger SD",50,"25, 40, 60, 75",5,2,6.6,"0.00, 0.00, 0.00, 0.50","onepoint_0.5",245,202609525,"1.000000000000000,1.414213562373095,2.000000000000000,2.236067977499790"
"unbalanced n, larger n with larger SD",100,"50, 80, 120, 150",1,0,0,"0.00, 0.00, 0.00, 0.50","onepoint_0.5",246,202609526,"1.000000000000000,1.414213562373095,2.000000000000000,2.236067977499790"
"unbalanced n, larger n with larger SD",100,"50, 80, 120, 150",2,0,6,"0.00, 0.00, 0.00, 0.50","onepoint_0.5",247,202609527,"1.000000000000000,1.414213562373095,2.000000000000000,2.236067977499790"
"unbalanced n, larger n with larger SD",100,"50, 80, 120, 150",3,0.5,1,"0.00, 0.00, 0.00, 0.50","onepoint_0.5",248,202609528,"1.000000000000000,1.414213562373095,2.000000000000000,2.236067977499790"
"unbalanced n, larger n with larger SD",100,"50, 80, 120, 150",4,1,1.6,"0.00, 0.00, 0.00, 0.50","onepoint_0.5",249,202609529,"1.000000000000000,1.414213562373095,2.000000000000000,2.236067977499790"
"unbalanced n, larger n with larger SD",100,"50, 80, 120, 150",5,2,6.6,"0.00, 0.00, 0.00, 0.50","onepoint_0.5",250,202609530,"1.000000000000000,1.414213562373095,2.000000000000000,2.236067977499790"
"unbalanced n, larger n with smaller SD",10,"5, 8, 12, 15",1,0,0,"0.00, 0.00, 0.00, 0.50","onepoint_0.5",251,202609531,"2.236067977499790,2.000000000000000,1.414213562373095,1.000000000000000"
"unbalanced n, larger n with smaller SD",10,"5, 8, 12, 15",2,0,6,"0.00, 0.00, 0.00, 0.50","onepoint_0.5",252,202609532,"2.236067977499790,2.000000000000000,1.414213562373095,1.000000000000000"
"unbalanced n, larger n with smaller SD",10,"5, 8, 12, 15",3,0.5,1,"0.00, 0.00, 0.00, 0.50","onepoint_0.5",253,202609533,"2.236067977499790,2.000000000000000,1.414213562373095,1.000000000000000"
"unbalanced n, larger n with smaller SD",10,"5, 8, 12, 15",4,1,1.6,"0.00, 0.00, 0.00, 0.50","onepoint_0.5",254,202609534,"2.236067977499790,2.000000000000000,1.414213562373095,1.000000000000000"
"unbalanced n, larger n with smaller SD",10,"5, 8, 12, 15",5,2,6.6,"0.00, 0.00, 0.00, 0.50","onepoint_0.5",255,202609535,"2.236067977499790,2.000000000000000,1.414213562373095,1.000000000000000"
"unbalanced n, larger n with smaller SD",20,"10, 16, 24, 30",1,0,0,"0.00, 0.00, 0.00, 0.50","onepoint_0.5",256,202609536,"2.236067977499790,2.000000000000000,1.414213562373095,1.000000000000000"
"unbalanced n, larger n with smaller SD",20,"10, 16, 24, 30",2,0,6,"0.00, 0.00, 0.00, 0.50","onepoint_0.5",257,202609537,"2.236067977499790,2.000000000000000,1.414213562373095,1.000000000000000"
"unbalanced n, larger n with smaller SD",20,"10, 16, 24, 30",3,0.5,1,"0.00, 0.00, 0.00, 0.50","onepoint_0.5",258,202609538,"2.236067977499790,2.000000000000000,1.414213562373095,1.000000000000000"
"unbalanced n, larger n with smaller SD",20,"10, 16, 24, 30",4,1,1.6,"0.00, 0.00, 0.00, 0.50","onepoint_0.5",259,202609539,"2.236067977499790,2.000000000000000,1.414213562373095,1.000000000000000"
"unbalanced n, larger n with smaller SD",20,"10, 16, 24, 30",5,2,6.6,"0.00, 0.00, 0.00, 0.50","onepoint_0.5",260,202609540,"2.236067977499790,2.000000000000000,1.414213562373095,1.000000000000000"
"unbalanced n, larger n with smaller SD",30,"15, 24, 36, 45",1,0,0,"0.00, 0.00, 0.00, 0.50","onepoint_0.5",261,202609541,"2.236067977499790,2.000000000000000,1.414213562373095,1.000000000000000"
"unbalanced n, larger n with smaller SD",30,"15, 24, 36, 45",2,0,6,"0.00, 0.00, 0.00, 0.50","onepoint_0.5",262,202609542,"2.236067977499790,2.000000000000000,1.414213562373095,1.000000000000000"
"unbalanced n, larger n with smaller SD",30,"15, 24, 36, 45",3,0.5,1,"0.00, 0.00, 0.00, 0.50","onepoint_0.5",263,202609543,"2.236067977499790,2.000000000000000,1.414213562373095,1.000000000000000"
"unbalanced n, larger n with smaller SD",30,"15, 24, 36, 45",4,1,1.6,"0.00, 0.00, 0.00, 0.50","onepoint_0.5",264,202609544,"2.236067977499790,2.000000000000000,1.414213562373095,1.000000000000000"
"unbalanced n, larger n with smaller SD",30,"15, 24, 36, 45",5,2,6.6,"0.00, 0.00, 0.00, 0.50","onepoint_0.5",265,202609545,"2.236067977499790,2.000000000000000,1.414213562373095,1.000000000000000"
"unbalanced n, larger n with smaller SD",50,"25, 40, 60, 75",1,0,0,"0.00, 0.00, 0.00, 0.50","onepoint_0.5",266,202609546,"2.236067977499790,2.000000000000000,1.414213562373095,1.000000000000000"
"unbalanced n, larger n with smaller SD",50,"25, 40, 60, 75",2,0,6,"0.00, 0.00, 0.00, 0.50","onepoint_0.5",267,202609547,"2.236067977499790,2.000000000000000,1.414213562373095,1.000000000000000"
"unbalanced n, larger n with smaller SD",50,"25, 40, 60, 75",3,0.5,1,"0.00, 0.00, 0.00, 0.50","onepoint_0.5",268,202609548,"2.236067977499790,2.000000000000000,1.414213562373095,1.000000000000000"
"unbalanced n, larger n with smaller SD",50,"25, 40, 60, 75",4,1,1.6,"0.00, 0.00, 0.00, 0.50","onepoint_0.5",269,202609549,"2.236067977499790,2.000000000000000,1.414213562373095,1.000000000000000"
"unbalanced n, larger n with smaller SD",50,"25, 40, 60, 75",5,2,6.6,"0.00, 0.00, 0.00, 0.50","onepoint_0.5",270,202609550,"2.236067977499790,2.000000000000000,1.414213562373095,1.000000000000000"
"unbalanced n, larger n with smaller SD",100,"50, 80, 120, 150",1,0,0,"0.00, 0.00, 0.00, 0.50","onepoint_0.5",271,202609551,"2.236067977499790,2.000000000000000,1.414213562373095,1.000000000000000"
"unbalanced n, larger n with smaller SD",100,"50, 80, 120, 150",2,0,6,"0.00, 0.00, 0.00, 0.50","onepoint_0.5",272,202609552,"2.236067977499790,2.000000000000000,1.414213562373095,1.000000000000000"
"unbalanced n, larger n with smaller SD",100,"50, 80, 120, 150",3,0.5,1,"0.00, 0.00, 0.00, 0.50","onepoint_0.5",273,202609553,"2.236067977499790,2.000000000000000,1.414213562373095,1.000000000000000"
"unbalanced n, larger n with smaller SD",100,"50, 80, 120, 150",4,1,1.6,"0.00, 0.00, 0.00, 0.50","onepoint_0.5",274,202609554,"2.236067977499790,2.000000000000000,1.414213562373095,1.000000000000000"
"unbalanced n, larger n with smaller SD",100,"50, 80, 120, 150",5,2,6.6,"0.00, 0.00, 0.00, 0.50","onepoint_0.5",275,202609555,"2.236067977499790,2.000000000000000,1.414213562373095,1.000000000000000"
"balanced n, equal SD",10,"10, 10, 10, 10",1,0,0,"0.00, 0.00, 0.00, 1.00","onepoint_1",276,202609556,"1,1,1,1"
"balanced n, equal SD",10,"10, 10, 10, 10",2,0,6,"0.00, 0.00, 0.00, 1.00","onepoint_1",277,202609557,"1,1,1,1"
"balanced n, equal SD",10,"10, 10, 10, 10",3,0.5,1,"0.00, 0.00, 0.00, 1.00","onepoint_1",278,202609558,"1,1,1,1"
"balanced n, equal SD",10,"10, 10, 10, 10",4,1,1.6,"0.00, 0.00, 0.00, 1.00","onepoint_1",279,202609559,"1,1,1,1"
"balanced n, equal SD",10,"10, 10, 10, 10",5,2,6.6,"0.00, 0.00, 0.00, 1.00","onepoint_1",280,202609560,"1,1,1,1"
"balanced n, equal SD",20,"20, 20, 20, 20",1,0,0,"0.00, 0.00, 0.00, 1.00","onepoint_1",281,202609561,"1,1,1,1"
"balanced n, equal SD",20,"20, 20, 20, 20",2,0,6,"0.00, 0.00, 0.00, 1.00","onepoint_1",282,202609562,"1,1,1,1"
"balanced n, equal SD",20,"20, 20, 20, 20",3,0.5,1,"0.00, 0.00, 0.00, 1.00","onepoint_1",283,202609563,"1,1,1,1"
"balanced n, equal SD",20,"20, 20, 20, 20",4,1,1.6,"0.00, 0.00, 0.00, 1.00","onepoint_1",284,202609564,"1,1,1,1"
"balanced n, equal SD",20,"20, 20, 20, 20",5,2,6.6,"0.00, 0.00, 0.00, 1.00","onepoint_1",285,202609565,"1,1,1,1"
"balanced n, equal SD",30,"30, 30, 30, 30",1,0,0,"0.00, 0.00, 0.00, 1.00","onepoint_1",286,202609566,"1,1,1,1"
"balanced n, equal SD",30,"30, 30, 30, 30",2,0,6,"0.00, 0.00, 0.00, 1.00","onepoint_1",287,202609567,"1,1,1,1"
"balanced n, equal SD",30,"30, 30, 30, 30",3,0.5,1,"0.00, 0.00, 0.00, 1.00","onepoint_1",288,202609568,"1,1,1,1"
"balanced n, equal SD",30,"30, 30, 30, 30",4,1,1.6,"0.00, 0.00, 0.00, 1.00","onepoint_1",289,202609569,"1,1,1,1"
"balanced n, equal SD",30,"30, 30, 30, 30",5,2,6.6,"0.00, 0.00, 0.00, 1.00","onepoint_1",290,202609570,"1,1,1,1"
"balanced n, equal SD",50,"50, 50, 50, 50",1,0,0,"0.00, 0.00, 0.00, 1.00","onepoint_1",291,202609571,"1,1,1,1"
"balanced n, equal SD",50,"50, 50, 50, 50",2,0,6,"0.00, 0.00, 0.00, 1.00","onepoint_1",292,202609572,"1,1,1,1"
"balanced n, equal SD",50,"50, 50, 50, 50",3,0.5,1,"0.00, 0.00, 0.00, 1.00","onepoint_1",293,202609573,"1,1,1,1"
"balanced n, equal SD",50,"50, 50, 50, 50",4,1,1.6,"0.00, 0.00, 0.00, 1.00","onepoint_1",294,202609574,"1,1,1,1"
"balanced n, equal SD",50,"50, 50, 50, 50",5,2,6.6,"0.00, 0.00, 0.00, 1.00","onepoint_1",295,202609575,"1,1,1,1"
"balanced n, equal SD",100,"100, 100, 100, 100",1,0,0,"0.00, 0.00, 0.00, 1.00","onepoint_1",296,202609576,"1,1,1,1"
"balanced n, equal SD",100,"100, 100, 100, 100",2,0,6,"0.00, 0.00, 0.00, 1.00","onepoint_1",297,202609577,"1,1,1,1"
"balanced n, equal SD",100,"100, 100, 100, 100",3,0.5,1,"0.00, 0.00, 0.00, 1.00","onepoint_1",298,202609578,"1,1,1,1"
"balanced n, equal SD",100,"100, 100, 100, 100",4,1,1.6,"0.00, 0.00, 0.00, 1.00","onepoint_1",299,202609579,"1,1,1,1"
"balanced n, equal SD",100,"100, 100, 100, 100",5,2,6.6,"0.00, 0.00, 0.00, 1.00","onepoint_1",300,202609580,"1,1,1,1"
"unbalanced n, equal SD",10,"5, 8, 12, 15",1,0,0,"0.00, 0.00, 0.00, 1.00","onepoint_1",301,202609581,"1,1,1,1"
"unbalanced n, equal SD",10,"5, 8, 12, 15",2,0,6,"0.00, 0.00, 0.00, 1.00","onepoint_1",302,202609582,"1,1,1,1"
"unbalanced n, equal SD",10,"5, 8, 12, 15",3,0.5,1,"0.00, 0.00, 0.00, 1.00","onepoint_1",303,202609583,"1,1,1,1"
"unbalanced n, equal SD",10,"5, 8, 12, 15",4,1,1.6,"0.00, 0.00, 0.00, 1.00","onepoint_1",304,202609584,"1,1,1,1"
"unbalanced n, equal SD",10,"5, 8, 12, 15",5,2,6.6,"0.00, 0.00, 0.00, 1.00","onepoint_1",305,202609585,"1,1,1,1"
"unbalanced n, equal SD",20,"10, 16, 24, 30",1,0,0,"0.00, 0.00, 0.00, 1.00","onepoint_1",306,202609586,"1,1,1,1"
"unbalanced n, equal SD",20,"10, 16, 24, 30",2,0,6,"0.00, 0.00, 0.00, 1.00","onepoint_1",307,202609587,"1,1,1,1"
"unbalanced n, equal SD",20,"10, 16, 24, 30",3,0.5,1,"0.00, 0.00, 0.00, 1.00","onepoint_1",308,202609588,"1,1,1,1"
"unbalanced n, equal SD",20,"10, 16, 24, 30",4,1,1.6,"0.00, 0.00, 0.00, 1.00","onepoint_1",309,202609589,"1,1,1,1"
"unbalanced n, equal SD",20,"10, 16, 24, 30",5,2,6.6,"0.00, 0.00, 0.00, 1.00","onepoint_1",310,202609590,"1,1,1,1"
"unbalanced n, equal SD",30,"15, 24, 36, 45",1,0,0,"0.00, 0.00, 0.00, 1.00","onepoint_1",311,202609591,"1,1,1,1"
"unbalanced n, equal SD",30,"15, 24, 36, 45",2,0,6,"0.00, 0.00, 0.00, 1.00","onepoint_1",312,202609592,"1,1,1,1"
"unbalanced n, equal SD",30,"15, 24, 36, 45",3,0.5,1,"0.00, 0.00, 0.00, 1.00","onepoint_1",313,202609593,"1,1,1,1"
"unbalanced n, equal SD",30,"15, 24, 36, 45",4,1,1.6,"0.00, 0.00, 0.00, 1.00","onepoint_1",314,202609594,"1,1,1,1"
"unbalanced n, equal SD",30,"15, 24, 36, 45",5,2,6.6,"0.00, 0.00, 0.00, 1.00","onepoint_1",315,202609595,"1,1,1,1"
"unbalanced n, equal SD",50,"25, 40, 60, 75",1,0,0,"0.00, 0.00, 0.00, 1.00","onepoint_1",316,202609596,"1,1,1,1"
"unbalanced n, equal SD",50,"25, 40, 60, 75",2,0,6,"0.00, 0.00, 0.00, 1.00","onepoint_1",317,202609597,"1,1,1,1"
"unbalanced n, equal SD",50,"25, 40, 60, 75",3,0.5,1,"0.00, 0.00, 0.00, 1.00","onepoint_1",318,202609598,"1,1,1,1"
"unbalanced n, equal SD",50,"25, 40, 60, 75",4,1,1.6,"0.00, 0.00, 0.00, 1.00","onepoint_1",319,202609599,"1,1,1,1"
"unbalanced n, equal SD",50,"25, 40, 60, 75",5,2,6.6,"0.00, 0.00, 0.00, 1.00","onepoint_1",320,202609600,"1,1,1,1"
"unbalanced n, equal SD",100,"50, 80, 120, 150",1,0,0,"0.00, 0.00, 0.00, 1.00","onepoint_1",321,202609601,"1,1,1,1"
"unbalanced n, equal SD",100,"50, 80, 120, 150",2,0,6,"0.00, 0.00, 0.00, 1.00","onepoint_1",322,202609602,"1,1,1,1"
"unbalanced n, equal SD",100,"50, 80, 120, 150",3,0.5,1,"0.00, 0.00, 0.00, 1.00","onepoint_1",323,202609603,"1,1,1,1"
"unbalanced n, equal SD",100,"50, 80, 120, 150",4,1,1.6,"0.00, 0.00, 0.00, 1.00","onepoint_1",324,202609604,"1,1,1,1"
"unbalanced n, equal SD",100,"50, 80, 120, 150",5,2,6.6,"0.00, 0.00, 0.00, 1.00","onepoint_1",325,202609605,"1,1,1,1"
"balanced n, unequal SD",10,"10, 10, 10, 10",1,0,0,"0.00, 0.00, 0.00, 1.00","onepoint_1",326,202609606,"1.000000000000000,1.414213562373095,2.000000000000000,2.236067977499790"
"balanced n, unequal SD",10,"10, 10, 10, 10",2,0,6,"0.00, 0.00, 0.00, 1.00","onepoint_1",327,202609607,"1.000000000000000,1.414213562373095,2.000000000000000,2.236067977499790"
"balanced n, unequal SD",10,"10, 10, 10, 10",3,0.5,1,"0.00, 0.00, 0.00, 1.00","onepoint_1",328,202609608,"1.000000000000000,1.414213562373095,2.000000000000000,2.236067977499790"
"balanced n, unequal SD",10,"10, 10, 10, 10",4,1,1.6,"0.00, 0.00, 0.00, 1.00","onepoint_1",329,202609609,"1.000000000000000,1.414213562373095,2.000000000000000,2.236067977499790"
"balanced n, unequal SD",10,"10, 10, 10, 10",5,2,6.6,"0.00, 0.00, 0.00, 1.00","onepoint_1",330,202609610,"1.000000000000000,1.414213562373095,2.000000000000000,2.236067977499790"
"balanced n, unequal SD",20,"20, 20, 20, 20",1,0,0,"0.00, 0.00, 0.00, 1.00","onepoint_1",331,202609611,"1.000000000000000,1.414213562373095,2.000000000000000,2.236067977499790"
"balanced n, unequal SD",20,"20, 20, 20, 20",2,0,6,"0.00, 0.00, 0.00, 1.00","onepoint_1",332,202609612,"1.000000000000000,1.414213562373095,2.000000000000000,2.236067977499790"
"balanced n, unequal SD",20,"20, 20, 20, 20",3,0.5,1,"0.00, 0.00, 0.00, 1.00","onepoint_1",333,202609613,"1.000000000000000,1.414213562373095,2.000000000000000,2.236067977499790"
"balanced n, unequal SD",20,"20, 20, 20, 20",4,1,1.6,"0.00, 0.00, 0.00, 1.00","onepoint_1",334,202609614,"1.000000000000000,1.414213562373095,2.000000000000000,2.236067977499790"
"balanced n, unequal SD",20,"20, 20, 20, 20",5,2,6.6,"0.00, 0.00, 0.00, 1.00","onepoint_1",335,202609615,"1.000000000000000,1.414213562373095,2.000000000000000,2.236067977499790"
"balanced n, unequal SD",30,"30, 30, 30, 30",1,0,0,"0.00, 0.00, 0.00, 1.00","onepoint_1",336,202609616,"1.000000000000000,1.414213562373095,2.000000000000000,2.236067977499790"
"balanced n, unequal SD",30,"30, 30, 30, 30",2,0,6,"0.00, 0.00, 0.00, 1.00","onepoint_1",337,202609617,"1.000000000000000,1.414213562373095,2.000000000000000,2.236067977499790"
"balanced n, unequal SD",30,"30, 30, 30, 30",3,0.5,1,"0.00, 0.00, 0.00, 1.00","onepoint_1",338,202609618,"1.000000000000000,1.414213562373095,2.000000000000000,2.236067977499790"
"balanced n, unequal SD",30,"30, 30, 30, 30",4,1,1.6,"0.00, 0.00, 0.00, 1.00","onepoint_1",339,202609619,"1.000000000000000,1.414213562373095,2.000000000000000,2.236067977499790"
"balanced n, unequal SD",30,"30, 30, 30, 30",5,2,6.6,"0.00, 0.00, 0.00, 1.00","onepoint_1",340,202609620,"1.000000000000000,1.414213562373095,2.000000000000000,2.236067977499790"
"balanced n, unequal SD",50,"50, 50, 50, 50",1,0,0,"0.00, 0.00, 0.00, 1.00","onepoint_1",341,202609621,"1.000000000000000,1.414213562373095,2.000000000000000,2.236067977499790"
"balanced n, unequal SD",50,"50, 50, 50, 50",2,0,6,"0.00, 0.00, 0.00, 1.00","onepoint_1",342,202609622,"1.000000000000000,1.414213562373095,2.000000000000000,2.236067977499790"
"balanced n, unequal SD",50,"50, 50, 50, 50",3,0.5,1,"0.00, 0.00, 0.00, 1.00","onepoint_1",343,202609623,"1.000000000000000,1.414213562373095,2.000000000000000,2.236067977499790"
"balanced n, unequal SD",50,"50, 50, 50, 50",4,1,1.6,"0.00, 0.00, 0.00, 1.00","onepoint_1",344,202609624,"1.000000000000000,1.414213562373095,2.000000000000000,2.236067977499790"
"balanced n, unequal SD",50,"50, 50, 50, 50",5,2,6.6,"0.00, 0.00, 0.00, 1.00","onepoint_1",345,202609625,"1.000000000000000,1.414213562373095,2.000000000000000,2.236067977499790"
"balanced n, unequal SD",100,"100, 100, 100, 100",1,0,0,"0.00, 0.00, 0.00, 1.00","onepoint_1",346,202609626,"1.000000000000000,1.414213562373095,2.000000000000000,2.236067977499790"
"balanced n, unequal SD",100,"100, 100, 100, 100",2,0,6,"0.00, 0.00, 0.00, 1.00","onepoint_1",347,202609627,"1.000000000000000,1.414213562373095,2.000000000000000,2.236067977499790"
"balanced n, unequal SD",100,"100, 100, 100, 100",3,0.5,1,"0.00, 0.00, 0.00, 1.00","onepoint_1",348,202609628,"1.000000000000000,1.414213562373095,2.000000000000000,2.236067977499790"
"balanced n, unequal SD",100,"100, 100, 100, 100",4,1,1.6,"0.00, 0.00, 0.00, 1.00","onepoint_1",349,202609629,"1.000000000000000,1.414213562373095,2.000000000000000,2.236067977499790"
"balanced n, unequal SD",100,"100, 100, 100, 100",5,2,6.6,"0.00, 0.00, 0.00, 1.00","onepoint_1",350,202609630,"1.000000000000000,1.414213562373095,2.000000000000000,2.236067977499790"
"unbalanced n, larger n with larger SD",10,"5, 8, 12, 15",1,0,0,"0.00, 0.00, 0.00, 1.00","onepoint_1",351,202609631,"1.000000000000000,1.414213562373095,2.000000000000000,2.236067977499790"
"unbalanced n, larger n with larger SD",10,"5, 8, 12, 15",2,0,6,"0.00, 0.00, 0.00, 1.00","onepoint_1",352,202609632,"1.000000000000000,1.414213562373095,2.000000000000000,2.236067977499790"
"unbalanced n, larger n with larger SD",10,"5, 8, 12, 15",3,0.5,1,"0.00, 0.00, 0.00, 1.00","onepoint_1",353,202609633,"1.000000000000000,1.414213562373095,2.000000000000000,2.236067977499790"
"unbalanced n, larger n with larger SD",10,"5, 8, 12, 15",4,1,1.6,"0.00, 0.00, 0.00, 1.00","onepoint_1",354,202609634,"1.000000000000000,1.414213562373095,2.000000000000000,2.236067977499790"
"unbalanced n, larger n with larger SD",10,"5, 8, 12, 15",5,2,6.6,"0.00, 0.00, 0.00, 1.00","onepoint_1",355,202609635,"1.000000000000000,1.414213562373095,2.000000000000000,2.236067977499790"
"unbalanced n, larger n with larger SD",20,"10, 16, 24, 30",1,0,0,"0.00, 0.00, 0.00, 1.00","onepoint_1",356,202609636,"1.000000000000000,1.414213562373095,2.000000000000000,2.236067977499790"
"unbalanced n, larger n with larger SD",20,"10, 16, 24, 30",2,0,6,"0.00, 0.00, 0.00, 1.00","onepoint_1",357,202609637,"1.000000000000000,1.414213562373095,2.000000000000000,2.236067977499790"
"unbalanced n, larger n with larger SD",20,"10, 16, 24, 30",3,0.5,1,"0.00, 0.00, 0.00, 1.00","onepoint_1",358,202609638,"1.000000000000000,1.414213562373095,2.000000000000000,2.236067977499790"
"unbalanced n, larger n with larger SD",20,"10, 16, 24, 30",4,1,1.6,"0.00, 0.00, 0.00, 1.00","onepoint_1",359,202609639,"1.000000000000000,1.414213562373095,2.000000000000000,2.236067977499790"
"unbalanced n, larger n with larger SD",20,"10, 16, 24, 30",5,2,6.6,"0.00, 0.00, 0.00, 1.00","onepoint_1",360,202609640,"1.000000000000000,1.414213562373095,2.000000000000000,2.236067977499790"
"unbalanced n, larger n with larger SD",30,"15, 24, 36, 45",1,0,0,"0.00, 0.00, 0.00, 1.00","onepoint_1",361,202609641,"1.000000000000000,1.414213562373095,2.000000000000000,2.236067977499790"
"unbalanced n, larger n with larger SD",30,"15, 24, 36, 45",2,0,6,"0.00, 0.00, 0.00, 1.00","onepoint_1",362,202609642,"1.000000000000000,1.414213562373095,2.000000000000000,2.236067977499790"
"unbalanced n, larger n with larger SD",30,"15, 24, 36, 45",3,0.5,1,"0.00, 0.00, 0.00, 1.00","onepoint_1",363,202609643,"1.000000000000000,1.414213562373095,2.000000000000000,2.236067977499790"
"unbalanced n, larger n with larger SD",30,"15, 24, 36, 45",4,1,1.6,"0.00, 0.00, 0.00, 1.00","onepoint_1",364,202609644,"1.000000000000000,1.414213562373095,2.000000000000000,2.236067977499790"
"unbalanced n, larger n with larger SD",30,"15, 24, 36, 45",5,2,6.6,"0.00, 0.00, 0.00, 1.00","onepoint_1",365,202609645,"1.000000000000000,1.414213562373095,2.000000000000000,2.236067977499790"
"unbalanced n, larger n with larger SD",50,"25, 40, 60, 75",1,0,0,"0.00, 0.00, 0.00, 1.00","onepoint_1",366,202609646,"1.000000000000000,1.414213562373095,2.000000000000000,2.236067977499790"
"unbalanced n, larger n with larger SD",50,"25, 40, 60, 75",2,0,6,"0.00, 0.00, 0.00, 1.00","onepoint_1",367,202609647,"1.000000000000000,1.414213562373095,2.000000000000000,2.236067977499790"
"unbalanced n, larger n with larger SD",50,"25, 40, 60, 75",3,0.5,1,"0.00, 0.00, 0.00, 1.00","onepoint_1",368,202609648,"1.000000000000000,1.414213562373095,2.000000000000000,2.236067977499790"
"unbalanced n, larger n with larger SD",50,"25, 40, 60, 75",4,1,1.6,"0.00, 0.00, 0.00, 1.00","onepoint_1",369,202609649,"1.000000000000000,1.414213562373095,2.000000000000000,2.236067977499790"
"unbalanced n, larger n with larger SD",50,"25, 40, 60, 75",5,2,6.6,"0.00, 0.00, 0.00, 1.00","onepoint_1",370,202609650,"1.000000000000000,1.414213562373095,2.000000000000000,2.236067977499790"
"unbalanced n, larger n with larger SD",100,"50, 80, 120, 150",1,0,0,"0.00, 0.00, 0.00, 1.00","onepoint_1",371,202609651,"1.000000000000000,1.414213562373095,2.000000000000000,2.236067977499790"
"unbalanced n, larger n with larger SD",100,"50, 80, 120, 150",2,0,6,"0.00, 0.00, 0.00, 1.00","onepoint_1",372,202609652,"1.000000000000000,1.414213562373095,2.000000000000000,2.236067977499790"
"unbalanced n, larger n with larger SD",100,"50, 80, 120, 150",3,0.5,1,"0.00, 0.00, 0.00, 1.00","onepoint_1",373,202609653,"1.000000000000000,1.414213562373095,2.000000000000000,2.236067977499790"
"unbalanced n, larger n with larger SD",100,"50, 80, 120, 150",4,1,1.6,"0.00, 0.00, 0.00, 1.00","onepoint_1",374,202609654,"1.000000000000000,1.414213562373095,2.000000000000000,2.236067977499790"
"unbalanced n, larger n with larger SD",100,"50, 80, 120, 150",5,2,6.6,"0.00, 0.00, 0.00, 1.00","onepoint_1",375,202609655,"1.000000000000000,1.414213562373095,2.000000000000000,2.236067977499790"
"unbalanced n, larger n with smaller SD",10,"5, 8, 12, 15",1,0,0,"0.00, 0.00, 0.00, 1.00","onepoint_1",376,202609656,"2.236067977499790,2.000000000000000,1.414213562373095,1.000000000000000"
"unbalanced n, larger n with smaller SD",10,"5, 8, 12, 15",2,0,6,"0.00, 0.00, 0.00, 1.00","onepoint_1",377,202609657,"2.236067977499790,2.000000000000000,1.414213562373095,1.000000000000000"
"unbalanced n, larger n with smaller SD",10,"5, 8, 12, 15",3,0.5,1,"0.00, 0.00, 0.00, 1.00","onepoint_1",378,202609658,"2.236067977499790,2.000000000000000,1.414213562373095,1.000000000000000"
"unbalanced n, larger n with smaller SD",10,"5, 8, 12, 15",4,1,1.6,"0.00, 0.00, 0.00, 1.00","onepoint_1",379,202609659,"2.236067977499790,2.000000000000000,1.414213562373095,1.000000000000000"
"unbalanced n, larger n with smaller SD",10,"5, 8, 12, 15",5,2,6.6,"0.00, 0.00, 0.00, 1.00","onepoint_1",380,202609660,"2.236067977499790,2.000000000000000,1.414213562373095,1.000000000000000"
"unbalanced n, larger n with smaller SD",20,"10, 16, 24, 30",1,0,0,"0.00, 0.00, 0.00, 1.00","onepoint_1",381,202609661,"2.236067977499790,2.000000000000000,1.414213562373095,1.000000000000000"
"unbalanced n, larger n with smaller SD",20,"10, 16, 24, 30",2,0,6,"0.00, 0.00, 0.00, 1.00","onepoint_1",382,202609662,"2.236067977499790,2.000000000000000,1.414213562373095,1.000000000000000"
"unbalanced n, larger n with smaller SD",20,"10, 16, 24, 30",3,0.5,1,"0.00, 0.00, 0.00, 1.00","onepoint_1",383,202609663,"2.236067977499790,2.000000000000000,1.414213562373095,1.000000000000000"
"unbalanced n, larger n with smaller SD",20,"10, 16, 24, 30",4,1,1.6,"0.00, 0.00, 0.00, 1.00","onepoint_1",384,202609664,"2.236067977499790,2.000000000000000,1.414213562373095,1.000000000000000"
"unbalanced n, larger n with smaller SD",20,"10, 16, 24, 30",5,2,6.6,"0.00, 0.00, 0.00, 1.00","onepoint_1",385,202609665,"2.236067977499790,2.000000000000000,1.414213562373095,1.000000000000000"
"unbalanced n, larger n with smaller SD",30,"15, 24, 36, 45",1,0,0,"0.00, 0.00, 0.00, 1.00","onepoint_1",386,202609666,"2.236067977499790,2.000000000000000,1.414213562373095,1.000000000000000"
"unbalanced n, larger n with smaller SD",30,"15, 24, 36, 45",2,0,6,"0.00, 0.00, 0.00, 1.00","onepoint_1",387,202609667,"2.236067977499790,2.000000000000000,1.414213562373095,1.000000000000000"
"unbalanced n, larger n with smaller SD",30,"15, 24, 36, 45",3,0.5,1,"0.00, 0.00, 0.00, 1.00","onepoint_1",388,202609668,"2.236067977499790,2.000000000000000,1.414213562373095,1.000000000000000"
"unbalanced n, larger n with smaller SD",30,"15, 24, 36, 45",4,1,1.6,"0.00, 0.00, 0.00, 1.00","onepoint_1",389,202609669,"2.236067977499790,2.000000000000000,1.414213562373095,1.000000000000000"
"unbalanced n, larger n with smaller SD",30,"15, 24, 36, 45",5,2,6.6,"0.00, 0.00, 0.00, 1.00","onepoint_1",390,202609670,"2.236067977499790,2.000000000000000,1.414213562373095,1.000000000000000"
"unbalanced n, larger n with smaller SD",50,"25, 40, 60, 75",1,0,0,"0.00, 0.00, 0.00, 1.00","onepoint_1",391,202609671,"2.236067977499790,2.000000000000000,1.414213562373095,1.000000000000000"
"unbalanced n, larger n with smaller SD",50,"25, 40, 60, 75",2,0,6,"0.00, 0.00, 0.00, 1.00","onepoint_1",392,202609672,"2.236067977499790,2.000000000000000,1.414213562373095,1.000000000000000"
"unbalanced n, larger n with smaller SD",50,"25, 40, 60, 75",3,0.5,1,"0.00, 0.00, 0.00, 1.00","onepoint_1",393,202609673,"2.236067977499790,2.000000000000000,1.414213562373095,1.000000000000000"
"unbalanced n, larger n with smaller SD",50,"25, 40, 60, 75",4,1,1.6,"0.00, 0.00, 0.00, 1.00","onepoint_1",394,202609674,"2.236067977499790,2.000000000000000,1.414213562373095,1.000000000000000"
"unbalanced n, larger n with smaller SD",50,"25, 40, 60, 75",5,2,6.6,"0.00, 0.00, 0.00, 1.00","onepoint_1",395,202609675,"2.236067977499790,2.000000000000000,1.414213562373095,1.000000000000000"
"unbalanced n, larger n with smaller SD",100,"50, 80, 120, 150",1,0,0,"0.00, 0.00, 0.00, 1.00","onepoint_1",396,202609676,"2.236067977499790,2.000000000000000,1.414213562373095,1.000000000000000"
"unbalanced n, larger n with smaller SD",100,"50, 80, 120, 150",2,0,6,"0.00, 0.00, 0.00, 1.00","onepoint_1",397,202609677,"2.236067977499790,2.000000000000000,1.414213562373095,1.000000000000000"
"unbalanced n, larger n with smaller SD",100,"50, 80, 120, 150",3,0.5,1,"0.00, 0.00, 0.00, 1.00","onepoint_1",398,202609678,"2.236067977499790,2.000000000000000,1.414213562373095,1.000000000000000"
"unbalanced n, larger n with smaller SD",100,"50, 80, 120, 150",4,1,1.6,"0.00, 0.00, 0.00, 1.00","onepoint_1",399,202609679,"2.236067977499790,2.000000000000000,1.414213562373095,1.000000000000000"
"unbalanced n, larger n with smaller SD",100,"50, 80, 120, 150",5,2,6.6,"0.00, 0.00, 0.00, 1.00","onepoint_1",400,202609680,"2.236067977499790,2.000000000000000,1.414213562373095,1.000000000000000"
