"design","shift","panel","skew","excess_kurtosis","fixed","cells","losses_larger_than_one_mcse","losses_mc95_excludes_zero","gains_mc95_excludes_zero","largest_observed_loss_pp","largest_observed_gain_pp"
"balanced n, equal SD","ordered",1,0,0,"F",6,0,0,0,0.1,0.5
"balanced n, equal SD","ordered",1,0,0,"W",6,0,0,2,0.1,2.7
"balanced n, equal SD","ordered",1,0,0,"KW",6,0,0,4,0,4
"balanced n, equal SD","ordered",2,0,6,"F",6,0,0,5,0,14.4
"balanced n, equal SD","ordered",2,0,6,"W",6,0,0,5,0,13.2
"balanced n, equal SD","ordered",2,0,6,"KW",6,2,2,0,1.4,0
"balanced n, equal SD","ordered",3,0.5,1,"F",6,0,0,4,0,2.2
"balanced n, equal SD","ordered",3,0.5,1,"W",6,0,0,3,0,3.6
"balanced n, equal SD","ordered",3,0.5,1,"KW",6,0,0,2,0,1.9
"balanced n, equal SD","ordered",4,1,1.6,"F",6,0,0,4,0,6.9
"balanced n, equal SD","ordered",4,1,1.6,"W",6,0,0,4,0,7
"balanced n, equal SD","ordered",4,1,1.6,"KW",6,1,0,1,0.2,2.3
"balanced n, equal SD","ordered",5,2,6.6,"F",6,0,0,4,0,25.8
"balanced n, equal SD","ordered",5,2,6.6,"W",6,0,0,4,0,25.3
"balanced n, equal SD","ordered",5,2,6.6,"KW",6,0,0,0,0,0.5
"unbalanced n, equal SD","ordered",1,0,0,"F",6,0,0,1,0.1,0.9
"unbalanced n, equal SD","ordered",1,0,0,"W",6,0,0,3,0,3.1
"unbalanced n, equal SD","ordered",1,0,0,"KW",6,0,0,4,0,4
"unbalanced n, equal SD","ordered",2,0,6,"F",6,0,0,5,0,14.5
"unbalanced n, equal SD","ordered",2,0,6,"W",6,0,0,5,0,13.4
"unbalanced n, equal SD","ordered",2,0,6,"KW",6,2,2,0,1.3,0.1
"unbalanced n, equal SD","ordered",3,0.5,1,"F",6,0,0,3,0,2.3
"unbalanced n, equal SD","ordered",3,0.5,1,"W",6,0,0,2,0.4,2.2
"unbalanced n, equal SD","ordered",3,0.5,1,"KW",6,0,0,1,0,2.4
"unbalanced n, equal SD","ordered",4,1,1.6,"F",6,0,0,5,0,5
"unbalanced n, equal SD","ordered",4,1,1.6,"W",6,0,0,4,0.6,6
"unbalanced n, equal SD","ordered",4,1,1.6,"KW",6,0,0,1,0.1,1.8
"unbalanced n, equal SD","ordered",5,2,6.6,"F",6,0,0,4,0,24.5
"unbalanced n, equal SD","ordered",5,2,6.6,"W",6,0,0,4,0,19.5
"unbalanced n, equal SD","ordered",5,2,6.6,"KW",6,0,0,0,0.1,0.2
"balanced n, unequal SD","ordered",1,0,0,"F",6,0,0,5,0,8
"balanced n, unequal SD","ordered",1,0,0,"W",6,2,2,0,0.6,0.2
"balanced n, unequal SD","ordered",1,0,0,"KW",6,0,0,6,0,7.4
"balanced n, unequal SD","ordered",2,0,6,"F",6,0,0,6,0,21.7
"balanced n, unequal SD","ordered",2,0,6,"W",6,0,0,6,0,14.1
"balanced n, unequal SD","ordered",2,0,6,"KW",6,3,1,0,1.3,0.8
"balanced n, unequal SD","ordered",3,0.5,1,"F",6,2,2,1,7,1.9
"balanced n, unequal SD","ordered",3,0.5,1,"W",6,5,4,1,13.2,2.4
"balanced n, unequal SD","ordered",3,0.5,1,"KW",6,0,0,6,0,6.8
"balanced n, unequal SD","ordered",4,1,1.6,"F",6,5,4,0,34.7,0
"balanced n, unequal SD","ordered",4,1,1.6,"W",6,5,5,1,41.5,1.1
"balanced n, unequal SD","ordered",4,1,1.6,"KW",6,0,0,4,0,5.4
"balanced n, unequal SD","ordered",5,2,6.6,"F",6,5,5,0,55.1,0
"balanced n, unequal SD","ordered",5,2,6.6,"W",6,5,5,0,60.5,0.6
"balanced n, unequal SD","ordered",5,2,6.6,"KW",6,0,0,2,0,2
"unbalanced n, larger n with larger SD","ordered",1,0,0,"F",6,0,0,6,0,23.7
"unbalanced n, larger n with larger SD","ordered",1,0,0,"W",6,5,5,0,5.3,0
"unbalanced n, larger n with larger SD","ordered",1,0,0,"KW",6,0,0,6,0,18.3
"unbalanced n, larger n with larger SD","ordered",2,0,6,"F",6,0,0,6,0,31.9
"unbalanced n, larger n with larger SD","ordered",2,0,6,"W",6,3,1,3,2.5,9.7
"unbalanced n, larger n with larger SD","ordered",2,0,6,"KW",6,0,0,3,0,2.1
"unbalanced n, larger n with larger SD","ordered",3,0.5,1,"F",6,1,1,5,3.9,13.5
"unbalanced n, larger n with larger SD","ordered",3,0.5,1,"W",6,6,6,0,22.8,0
"unbalanced n, larger n with larger SD","ordered",3,0.5,1,"KW",6,0,0,6,0,12.6
"unbalanced n, larger n with larger SD","ordered",4,1,1.6,"F",6,3,3,3,31.8,6.3
"unbalanced n, larger n with larger SD","ordered",4,1,1.6,"W",6,6,6,0,51.3,0
"unbalanced n, larger n with larger SD","ordered",4,1,1.6,"KW",6,0,0,4,0,7
"unbalanced n, larger n with larger SD","ordered",5,2,6.6,"F",6,5,5,1,54.7,3.7
"unbalanced n, larger n with larger SD","ordered",5,2,6.6,"W",6,6,6,0,60.6,0
"unbalanced n, larger n with larger SD","ordered",5,2,6.6,"KW",6,0,0,2,0,2.8
"unbalanced n, larger n with smaller SD","ordered",1,0,0,"F",6,6,5,0,11.5,0
"unbalanced n, larger n with smaller SD","ordered",1,0,0,"W",6,0,0,2,0,4.7
"unbalanced n, larger n with smaller SD","ordered",1,0,0,"KW",6,3,3,0,5.1,0.7
"unbalanced n, larger n with smaller SD","ordered",2,0,6,"F",6,1,1,3,3.5,13.2
"unbalanced n, larger n with smaller SD","ordered",2,0,6,"W",6,0,0,6,0,19.8
"unbalanced n, larger n with smaller SD","ordered",2,0,6,"KW",6,4,4,0,2.5,0
"unbalanced n, larger n with smaller SD","ordered",3,0.5,1,"F",6,3,2,2,3.5,7.7
"unbalanced n, larger n with smaller SD","ordered",3,0.5,1,"W",6,0,0,6,0,12.1
"unbalanced n, larger n with smaller SD","ordered",3,0.5,1,"KW",6,4,4,0,7.6,0.9
"unbalanced n, larger n with smaller SD","ordered",4,1,1.6,"F",6,0,0,5,0,21.5
"unbalanced n, larger n with smaller SD","ordered",4,1,1.6,"W",6,0,0,6,0,26.2
"unbalanced n, larger n with smaller SD","ordered",4,1,1.6,"KW",6,3,3,1,3.5,1.7
"unbalanced n, larger n with smaller SD","ordered",5,2,6.6,"F",6,0,0,6,0,41.3
"unbalanced n, larger n with smaller SD","ordered",5,2,6.6,"W",6,0,0,6,0,41.4
"unbalanced n, larger n with smaller SD","ordered",5,2,6.6,"KW",6,2,0,0,0.9,0
"balanced n, equal SD","onepoint_0.5",1,0,0,"F",5,1,0,0,0.2,0.5
"balanced n, equal SD","onepoint_0.5",1,0,0,"W",5,0,0,2,0.2,2.3
"balanced n, equal SD","onepoint_0.5",1,0,0,"KW",5,0,0,4,0,4.5
"balanced n, equal SD","onepoint_0.5",2,0,6,"F",5,0,0,5,0,16.5
"balanced n, equal SD","onepoint_0.5",2,0,6,"W",5,0,0,5,0,14.8
"balanced n, equal SD","onepoint_0.5",2,0,6,"KW",5,0,0,0,0.3,0.7
"balanced n, equal SD","onepoint_0.5",3,0.5,1,"F",5,0,0,4,0,4.5
"balanced n, equal SD","onepoint_0.5",3,0.5,1,"W",5,0,0,2,0,3.4
"balanced n, equal SD","onepoint_0.5",3,0.5,1,"KW",5,0,0,2,0,1.6
"balanced n, equal SD","onepoint_0.5",4,1,1.6,"F",5,0,0,4,0,6.6
"balanced n, equal SD","onepoint_0.5",4,1,1.6,"W",5,0,0,5,0,6.2
"balanced n, equal SD","onepoint_0.5",4,1,1.6,"KW",5,0,0,2,0.2,1.6
"balanced n, equal SD","onepoint_0.5",5,2,6.6,"F",5,0,0,5,0,30.6
"balanced n, equal SD","onepoint_0.5",5,2,6.6,"W",5,0,0,5,0,22.5
"balanced n, equal SD","onepoint_0.5",5,2,6.6,"KW",5,0,0,1,0,1.9
"unbalanced n, equal SD","onepoint_0.5",1,0,0,"F",5,0,0,0,0.1,0.6
"unbalanced n, equal SD","onepoint_0.5",1,0,0,"W",5,0,0,4,0,4.7
"unbalanced n, equal SD","onepoint_0.5",1,0,0,"KW",5,0,0,5,0,3.2
"unbalanced n, equal SD","onepoint_0.5",2,0,6,"F",5,0,0,5,0,17.4
"unbalanced n, equal SD","onepoint_0.5",2,0,6,"W",5,0,0,5,0,17.9
"unbalanced n, equal SD","onepoint_0.5",2,0,6,"KW",5,2,0,0,0.7,0.6
"unbalanced n, equal SD","onepoint_0.5",3,0.5,1,"F",5,0,0,4,0,2.8
"unbalanced n, equal SD","onepoint_0.5",3,0.5,1,"W",5,0,0,4,0,3.6
"unbalanced n, equal SD","onepoint_0.5",3,0.5,1,"KW",5,1,0,1,0.9,2
"unbalanced n, equal SD","onepoint_0.5",4,1,1.6,"F",5,0,0,5,0,7.6
"unbalanced n, equal SD","onepoint_0.5",4,1,1.6,"W",5,0,0,4,0,6.2
"unbalanced n, equal SD","onepoint_0.5",4,1,1.6,"KW",5,0,0,2,0,1.9
"unbalanced n, equal SD","onepoint_0.5",5,2,6.6,"F",5,0,0,5,0,26.9
"unbalanced n, equal SD","onepoint_0.5",5,2,6.6,"W",5,0,0,5,0,21.8
"unbalanced n, equal SD","onepoint_0.5",5,2,6.6,"KW",5,0,0,0,0,0.9
"balanced n, unequal SD","onepoint_0.5",1,0,0,"F",5,4,4,0,8.9,0
"balanced n, unequal SD","onepoint_0.5",1,0,0,"W",5,0,0,2,0,2.7
"balanced n, unequal SD","onepoint_0.5",1,0,0,"KW",5,4,3,1,3.7,2.3
"balanced n, unequal SD","onepoint_0.5",2,0,6,"F",5,0,0,3,0,14.6
"balanced n, unequal SD","onepoint_0.5",2,0,6,"W",5,0,0,5,0,24.5
"balanced n, unequal SD","onepoint_0.5",2,0,6,"KW",5,3,2,0,1.7,0.5
"balanced n, unequal SD","onepoint_0.5",3,0.5,1,"F",5,4,4,0,12.4,0.5
"balanced n, unequal SD","onepoint_0.5",3,0.5,1,"W",5,1,1,2,2,2.6
"balanced n, unequal SD","onepoint_0.5",3,0.5,1,"KW",5,0,0,1,0,1
"balanced n, unequal SD","onepoint_0.5",4,1,1.6,"F",5,4,4,0,19.9,0.1
"balanced n, unequal SD","onepoint_0.5",4,1,1.6,"W",5,1,1,2,8.4,2.2
"balanced n, unequal SD","onepoint_0.5",4,1,1.6,"KW",5,0,0,1,0,1.1
"balanced n, unequal SD","onepoint_0.5",5,2,6.6,"F",5,0,0,1,0.1,2.3
"balanced n, unequal SD","onepoint_0.5",5,2,6.6,"W",5,0,0,5,0,11.6
"balanced n, unequal SD","onepoint_0.5",5,2,6.6,"KW",5,0,0,1,0,1
"unbalanced n, larger n with larger SD","onepoint_0.5",1,0,0,"F",5,0,0,4,0,3.8
"unbalanced n, larger n with larger SD","onepoint_0.5",1,0,0,"W",5,1,0,0,0.7,0.2
"unbalanced n, larger n with larger SD","onepoint_0.5",1,0,0,"KW",5,0,0,5,0,3.6
"unbalanced n, larger n with larger SD","onepoint_0.5",2,0,6,"F",5,0,0,5,0,23.3
"unbalanced n, larger n with larger SD","onepoint_0.5",2,0,6,"W",5,0,0,5,0,21.5
"unbalanced n, larger n with larger SD","onepoint_0.5",2,0,6,"KW",5,0,0,0,0.3,0.1
"unbalanced n, larger n with larger SD","onepoint_0.5",3,0.5,1,"F",5,1,1,2,7.7,2.5
"unbalanced n, larger n with larger SD","onepoint_0.5",3,0.5,1,"W",5,4,3,0,10,0
"unbalanced n, larger n with larger SD","onepoint_0.5",3,0.5,1,"KW",5,0,0,5,0,4.2
"unbalanced n, larger n with larger SD","onepoint_0.5",4,1,1.6,"F",5,3,3,2,14.9,2.6
"unbalanced n, larger n with larger SD","onepoint_0.5",4,1,1.6,"W",5,4,4,0,19.5,0
"unbalanced n, larger n with larger SD","onepoint_0.5",4,1,1.6,"KW",5,0,0,4,0,3.2
"unbalanced n, larger n with larger SD","onepoint_0.5",5,2,6.6,"F",5,0,0,3,0,3.7
"unbalanced n, larger n with larger SD","onepoint_0.5",5,2,6.6,"W",5,4,3,0,4.5,0
"unbalanced n, larger n with larger SD","onepoint_0.5",5,2,6.6,"KW",5,0,0,1,0,2.2
"unbalanced n, larger n with smaller SD","onepoint_0.5",1,0,0,"F",5,2,2,2,3.9,6
"unbalanced n, larger n with smaller SD","onepoint_0.5",1,0,0,"W",5,0,0,3,0.1,5.3
"unbalanced n, larger n with smaller SD","onepoint_0.5",1,0,0,"KW",5,1,0,3,1.3,4
"unbalanced n, larger n with smaller SD","onepoint_0.5",2,0,6,"F",5,0,0,4,0,21.3
"unbalanced n, larger n with smaller SD","onepoint_0.5",2,0,6,"W",5,0,0,5,0,14
"unbalanced n, larger n with smaller SD","onepoint_0.5",2,0,6,"KW",5,3,3,0,1.4,0
"unbalanced n, larger n with smaller SD","onepoint_0.5",3,0.5,1,"F",5,0,0,4,0,14.1
"unbalanced n, larger n with smaller SD","onepoint_0.5",3,0.5,1,"W",5,0,0,5,0,6.9
"unbalanced n, larger n with smaller SD","onepoint_0.5",3,0.5,1,"KW",5,4,3,0,4.5,0.7
"unbalanced n, larger n with smaller SD","onepoint_0.5",4,1,1.6,"F",5,0,0,5,0,29.1
"unbalanced n, larger n with smaller SD","onepoint_0.5",4,1,1.6,"W",5,0,0,5,0,19.7
"unbalanced n, larger n with smaller SD","onepoint_0.5",4,1,1.6,"KW",5,3,3,0,2.7,0.6
"unbalanced n, larger n with smaller SD","onepoint_0.5",5,2,6.6,"F",5,0,0,5,0,47.3
"unbalanced n, larger n with smaller SD","onepoint_0.5",5,2,6.6,"W",5,0,0,5,0,36.9
"unbalanced n, larger n with smaller SD","onepoint_0.5",5,2,6.6,"KW",5,0,0,0,0,0.3
"balanced n, equal SD","onepoint_1",1,0,0,"F",5,0,0,0,0.3,0
"balanced n, equal SD","onepoint_1",1,0,0,"W",5,0,0,2,0.1,4.1
"balanced n, equal SD","onepoint_1",1,0,0,"KW",5,0,0,2,0,5.1
"balanced n, equal SD","onepoint_1",2,0,6,"F",5,0,0,3,0,9.8
"balanced n, equal SD","onepoint_1",2,0,6,"W",5,0,0,3,0,9.6
"balanced n, equal SD","onepoint_1",2,0,6,"KW",5,2,1,0,0.7,0.7
"balanced n, equal SD","onepoint_1",3,0.5,1,"F",5,0,0,2,0,1.6
"balanced n, equal SD","onepoint_1",3,0.5,1,"W",5,0,0,1,0.1,4.5
"balanced n, equal SD","onepoint_1",3,0.5,1,"KW",5,0,0,1,0,4.1
"balanced n, equal SD","onepoint_1",4,1,1.6,"F",5,0,0,3,0,4.6
"balanced n, equal SD","onepoint_1",4,1,1.6,"W",5,0,0,3,0,2.2
"balanced n, equal SD","onepoint_1",4,1,1.6,"KW",5,0,0,1,0,3.1
"balanced n, equal SD","onepoint_1",5,2,6.6,"F",5,0,0,3,0,20
"balanced n, equal SD","onepoint_1",5,2,6.6,"W",5,0,0,2,0,8.9
"balanced n, equal SD","onepoint_1",5,2,6.6,"KW",5,0,0,1,0,1.1
"unbalanced n, equal SD","onepoint_1",1,0,0,"F",5,1,0,0,0.4,0
"unbalanced n, equal SD","onepoint_1",1,0,0,"W",5,0,0,2,0,10.8
"unbalanced n, equal SD","onepoint_1",1,0,0,"KW",5,0,0,2,0,6.1
"unbalanced n, equal SD","onepoint_1",2,0,6,"F",5,0,0,3,0,8.2
"unbalanced n, equal SD","onepoint_1",2,0,6,"W",5,0,0,3,0,13.8
"unbalanced n, equal SD","onepoint_1",2,0,6,"KW",5,2,1,0,0.7,0
"unbalanced n, equal SD","onepoint_1",3,0.5,1,"F",5,0,0,2,0,2.4
"unbalanced n, equal SD","onepoint_1",3,0.5,1,"W",5,0,0,2,0,7.2
"unbalanced n, equal SD","onepoint_1",3,0.5,1,"KW",5,0,0,1,0.1,3
"unbalanced n, equal SD","onepoint_1",4,1,1.6,"F",5,0,0,2,0,4.9
"unbalanced n, equal SD","onepoint_1",4,1,1.6,"W",5,0,0,2,0,6.9
"unbalanced n, equal SD","onepoint_1",4,1,1.6,"KW",5,0,0,0,0,1.2
"unbalanced n, equal SD","onepoint_1",5,2,6.6,"F",5,0,0,3,0,15.4
"unbalanced n, equal SD","onepoint_1",5,2,6.6,"W",5,0,0,2,0,10.2
"unbalanced n, equal SD","onepoint_1",5,2,6.6,"KW",5,0,0,0,0,0.1
"balanced n, unequal SD","onepoint_1",1,0,0,"F",5,5,4,0,11.7,0
"balanced n, unequal SD","onepoint_1",1,0,0,"W",5,0,0,2,0,5.1
"balanced n, unequal SD","onepoint_1",1,0,0,"KW",5,3,1,1,3.8,2.6
"balanced n, unequal SD","onepoint_1",2,0,6,"F",5,0,0,5,0,10.3
"balanced n, unequal SD","onepoint_1",2,0,6,"W",5,0,0,5,0,18.8
"balanced n, unequal SD","onepoint_1",2,0,6,"KW",5,3,3,0,3,0.9
"balanced n, unequal SD","onepoint_1",3,0.5,1,"F",5,5,5,0,9.5,0
"balanced n, unequal SD","onepoint_1",3,0.5,1,"W",5,0,0,3,0.3,4.7
"balanced n, unequal SD","onepoint_1",3,0.5,1,"KW",5,0,0,1,0.5,2.6
"balanced n, unequal SD","onepoint_1",4,1,1.6,"F",5,5,5,0,11.6,0
"balanced n, unequal SD","onepoint_1",4,1,1.6,"W",5,2,2,2,3.8,3.6
"balanced n, unequal SD","onepoint_1",4,1,1.6,"KW",5,0,0,3,0,2.6
"balanced n, unequal SD","onepoint_1",5,2,6.6,"F",5,0,0,1,0,2.8
"balanced n, unequal SD","onepoint_1",5,2,6.6,"W",5,0,0,4,0,11.3
"balanced n, unequal SD","onepoint_1",5,2,6.6,"KW",5,0,0,1,0.1,1.4
"unbalanced n, larger n with larger SD","onepoint_1",1,0,0,"F",5,1,0,1,0.2,2.1
"unbalanced n, larger n with larger SD","onepoint_1",1,0,0,"W",5,0,0,1,0,1.4
"unbalanced n, larger n with larger SD","onepoint_1",1,0,0,"KW",5,0,0,4,0,5.5
"unbalanced n, larger n with larger SD","onepoint_1",2,0,6,"F",5,0,0,5,0,16.7
"unbalanced n, larger n with larger SD","onepoint_1",2,0,6,"W",5,0,0,5,0,16
"unbalanced n, larger n with larger SD","onepoint_1",2,0,6,"KW",5,2,1,0,1.1,0
"unbalanced n, larger n with larger SD","onepoint_1",3,0.5,1,"F",5,2,1,2,1,2.2
"unbalanced n, larger n with larger SD","onepoint_1",3,0.5,1,"W",5,3,3,0,2.6,1.4
"unbalanced n, larger n with larger SD","onepoint_1",3,0.5,1,"KW",5,0,0,4,0,4.9
"unbalanced n, larger n with larger SD","onepoint_1",4,1,1.6,"F",5,3,2,1,6.2,2.5
"unbalanced n, larger n with larger SD","onepoint_1",4,1,1.6,"W",5,4,4,0,9.2,0.5
"unbalanced n, larger n with larger SD","onepoint_1",4,1,1.6,"KW",5,0,0,4,0,5.8
"unbalanced n, larger n with larger SD","onepoint_1",5,2,6.6,"F",5,0,0,5,0,12.3
"unbalanced n, larger n with larger SD","onepoint_1",5,2,6.6,"W",5,0,0,3,0,4.4
"unbalanced n, larger n with larger SD","onepoint_1",5,2,6.6,"KW",5,0,0,2,0,2.5
"unbalanced n, larger n with smaller SD","onepoint_1",1,0,0,"F",5,1,0,2,1,6
"unbalanced n, larger n with smaller SD","onepoint_1",1,0,0,"W",5,1,0,1,0.3,4.3
"unbalanced n, larger n with smaller SD","onepoint_1",1,0,0,"KW",5,0,0,1,0,2.6
"unbalanced n, larger n with smaller SD","onepoint_1",2,0,6,"F",5,0,0,4,0,16.4
"unbalanced n, larger n with smaller SD","onepoint_1",2,0,6,"W",5,0,0,4,0,10.7
"unbalanced n, larger n with smaller SD","onepoint_1",2,0,6,"KW",5,2,2,0,3.9,0
"unbalanced n, larger n with smaller SD","onepoint_1",3,0.5,1,"F",5,0,0,4,0,8.9
"unbalanced n, larger n with smaller SD","onepoint_1",3,0.5,1,"W",5,0,0,3,0,6.1
"unbalanced n, larger n with smaller SD","onepoint_1",3,0.5,1,"KW",5,3,2,0,1.9,0
"unbalanced n, larger n with smaller SD","onepoint_1",4,1,1.6,"F",5,0,0,4,0,16.2
"unbalanced n, larger n with smaller SD","onepoint_1",4,1,1.6,"W",5,0,0,4,0,7.7
"unbalanced n, larger n with smaller SD","onepoint_1",4,1,1.6,"KW",5,3,2,0,2.3,0
"unbalanced n, larger n with smaller SD","onepoint_1",5,2,6.6,"F",5,0,0,4,0,28.3
"unbalanced n, larger n with smaller SD","onepoint_1",5,2,6.6,"W",5,0,0,4,0,14.3
"unbalanced n, larger n with smaller SD","onepoint_1",5,2,6.6,"KW",5,2,1,0,1.1,0
