"scenario","effect_size","group_mean_offsets","distribution","skew","gamma_shape","excess_kurtosis","n_per_group","groups","fisher_power","fisher_mc_se","welch_power","welch_mc_se","mean_power","mean_mc_se","rank_power","rank_mc_se","sw_power","sw_mc_se","gate_power","gate_mc_se","sw_route_welch_probability","sw_route_welch_mc_se","sw_route_rank_probability","sw_route_rank_mc_se","route_rank_probability","route_rank_mc_se","route_fisher_probability","route_fisher_mc_se","route_welch_probability","route_welch_mc_se","mean_route_fisher_probability","mean_route_fisher_mc_se","mean_route_welch_probability","mean_route_welch_mc_se","fisher_selected_reject_probability","fisher_selected_reject_mc_se","welch_selected_reject_probability","welch_selected_reject_mc_se","levene_reject_probability","levene_reject_mc_se","skew_label","n_label"
"four groups with moderate ordered effect: 0, 0.25, 0.50, 0.75 SD","moderate ordered effect: 0, 0.25, 0.50, 0.75 SD","0.00, 0.25, 0.50, 0.75","normal",0,NA,0,10,4,0.25884,0.00195878459458921,0.23912,0.00190757241330441,0.26216,0.00196688654680437,0.23252,0.00188920326910579,0.2425,0.00191673550601015,0.26478,0.00197317790176152,0.95214,0.000954666647579143,0.04786,0.000954666647579143,0.04786,0.000954666647579143,0.88736,0.00141387573994322,0.06478,0.00110075929793938,0.933,0.00111813237141226,0.067,0.00111813237141226,0.24074,0.00191198458361986,0.02142,0.000647474842754528,0.067,0.00111813237141226,"Normal(mu=0, sigma^2=1)
skew=0, excess kurtosis=0","n = 10"
"four groups with moderate ordered effect: 0, 0.25, 0.50, 0.75 SD","moderate ordered effect: 0, 0.25, 0.50, 0.75 SD","0.00, 0.25, 0.50, 0.75","standardised Gamma",0.5,16,0.375,10,4,0.2591,0.00195942435424285,0.2441,0.00192101634558376,0.26266,0.00196809412579785,0.2414,0.00191377135520417,0.25254,0.00194300565310552,0.27136,0.00198858618319649,0.84836,0.00160402811945427,0.15164,0.00160402811945427,0.15164,0.00160402811945427,0.78022,0.00185190038392998,0.06814,0.00112691561707166,0.92338,0.00118953247622753,0.07662,0.00118953247622753,0.2373,0.00190257041919609,0.02536,0.000703091322660151,0.07662,0.00118953247622753,"standardised Gamma(α=16, θ=1)
skew=0.5, excess kurtosis=0.375","n = 10"
"four groups with moderate ordered effect: 0, 0.25, 0.50, 0.75 SD","moderate ordered effect: 0, 0.25, 0.50, 0.75 SD","0.00, 0.25, 0.50, 0.75","standardised Gamma",1,4,1.5,10,4,0.26516,0.00197408294861184,0.25746,0.00195537386911046,0.2686,0.00198219090907006,0.27378,0.00199411389644624,0.28308,0.00201467473106703,0.29552,0.00204052899807868,0.54996,0.00222487751752765,0.45004,0.00222487751752765,0.45004,0.00222487751752765,0.47634,0.00223356309246012,0.07362,0.00116790492421258,0.88744,0.00141343727416536,0.11256,0.00141343727416536,0.22512,0.00186783824567332,0.04348,0.000912025104917622,0.11256,0.00141343727416536,"standardised Gamma(α=4, θ=1)
skew=1, excess kurtosis=1.5","n = 10"
"four groups with moderate ordered effect: 0, 0.25, 0.50, 0.75 SD","moderate ordered effect: 0, 0.25, 0.50, 0.75 SD","0.00, 0.25, 0.50, 0.75","standardised Gamma",2,1,6,10,4,0.29166,0.00203270482067614,0.31374,0.00207512511622793,0.3007,0.00205075356881318,0.45776,0.00222807442604595,0.45848,0.00222834507920115,0.46024,0.0022289869555473,0.07424,0.001172419911124,0.92576,0.001172419911124,0.92576,0.001172419911124,0.04096,0.000886366497561816,0.03328,0.000802152623881515,0.76368,0.00189985713989237,0.23632,0.00189985713989237,0.1894,0.00175229928950508,0.1113,0.00140650140419411,0.23632,0.00189985713989237,"standardised Gamma(α=1, θ=1)
skew=2, excess kurtosis=6","n = 10"
"four groups with moderate ordered effect: 0, 0.25, 0.50, 0.75 SD","moderate ordered effect: 0, 0.25, 0.50, 0.75 SD","0.00, 0.25, 0.50, 0.75","normal",0,NA,0,20,4,0.51282,0.00223533285038269,0.49486,0.00223594982233502,0.51398,0.00223519377057113,0.48154,0.00223454348089269,0.49704,0.00223602879409009,0.515,0.00223506152040609,0.95108,0.000964643287438419,0.04892,0.000964643287438419,0.04892,0.000964643287438419,0.89702,0.00135922860181796,0.05406,0.00101131119246254,0.94372,0.00103065572913558,0.05628,0.00103065572913558,0.48414,0.00223494277510633,0.02984,0.000760914901943706,0.05628,0.00103065572913558,"Normal(mu=0, sigma^2=1)
skew=0, excess kurtosis=0","n = 20"
"four groups with moderate ordered effect: 0, 0.25, 0.50, 0.75 SD","moderate ordered effect: 0, 0.25, 0.50, 0.75 SD","0.00, 0.25, 0.50, 0.75","standardised Gamma",0.5,16,0.375,20,4,0.5188,0.00223448678671412,0.50172,0.00223605474709364,0.52012,0.00223425685900256,0.50948,0.00223566602872612,0.51864,0.00223451359539386,0.5327,0.00223128084292408,0.69262,0.00206348024269679,0.30738,0.00206348024269679,0.30738,0.00206348024269679,0.64366,0.00214178338960783,0.04896,0.000965017288964296,0.93318,0.00111673710066425,0.06682,0.00111673710066425,0.4823,0.00223466646280826,0.03782,0.00085310781968049,0.06682,0.00111673710066425,"standardised Gamma(α=16, θ=1)
skew=0.5, excess kurtosis=0.375","n = 20"
"four groups with moderate ordered effect: 0, 0.25, 0.50, 0.75 SD","moderate ordered effect: 0, 0.25, 0.50, 0.75 SD","0.00, 0.25, 0.50, 0.75","standardised Gamma",1,4,1.5,20,4,0.52246,0.00223381086218149,0.5148,0.00223508818617969,0.52468,0.00223334232754408,0.5678,0.00221541490470747,0.5719,0.00221282800958412,0.57504,0.00221074194966305,0.15964,0.00163801752371579,0.84036,0.00163801752371579,0.84036,0.00163801752371579,0.13542,0.00153023804422711,0.02422,0.000687508423221127,0.89666,0.00136132908879521,0.10334,0.00136132908879521,0.46228,0.00222969595057263,0.0624,0.00108172306992132,0.10334,0.00136132908879521,"standardised Gamma(α=4, θ=1)
skew=1, excess kurtosis=1.5","n = 20"
"four groups with moderate ordered effect: 0, 0.25, 0.50, 0.75 SD","moderate ordered effect: 0, 0.25, 0.50, 0.75 SD","0.00, 0.25, 0.50, 0.75","standardised Gamma",2,1,6,20,4,0.53804,0.00222958721919552,0.5521,0.0022238956360405,0.54574,0.00222669195175264,0.81626,0.00173193309570549,0.81628,0.00173186004977308,0.81626,0.00173193309570549,0.00038,8.71614134809664e-05,0.99962,8.71614134809718e-05,0.99962,8.71614134809718e-05,0.00012,4.89868553797853e-05,0.00026,7.21016504665462e-05,0.77896,0.00185570104488843,0.22104,0.00185570104488843,0.39698,0.00218808994147864,0.14876,0.00159141737077361,0.22104,0.00185570104488843,"standardised Gamma(α=1, θ=1)
skew=2, excess kurtosis=6","n = 20"
"four groups with moderate ordered effect: 0, 0.25, 0.50, 0.75 SD","moderate ordered effect: 0, 0.25, 0.50, 0.75 SD","0.00, 0.25, 0.50, 0.75","normal",0,NA,0,50,4,0.92258,0.00119520829649062,0.9186,0.00122289852399944,0.92216,0.00119817306262493,0.90798,0.00129268959615215,0.91832,0.00122481327229909,0.92176,0.00120098711400248,0.94982,0.000976339772825014,0.05018,0.000976339772825014,0.05018,0.000976339772825014,0.89856,0.00135018462737509,0.05126,0.000986229308021213,0.94656,0.00100582470043244,0.05344,0.00100582470043244,0.87298,0.00148920058823518,0.04918,0.000967071120445647,0.05344,0.00100582470043244,"Normal(mu=0, sigma^2=1)
skew=0, excess kurtosis=0","n = 50"
"four groups with moderate ordered effect: 0, 0.25, 0.50, 0.75 SD","moderate ordered effect: 0, 0.25, 0.50, 0.75 SD","0.00, 0.25, 0.50, 0.75","standardised Gamma",0.5,16,0.375,50,4,0.92226,0.00119746809894878,0.91892,0.00122070498974978,0.92242,0.00119633894528265,0.92106,0.00120588951732735,0.925,0.00117792189893897,0.92592,0.00117125704779096,0.3025,0.00205423343366814,0.6975,0.00205423343366814,0.6975,0.00205423343366814,0.28172,0.00201173478172447,0.02078,0.000637937169319989,0.93676,0.00108849163892057,0.06324,0.00108849163892058,0.86446,0.00153080964459988,0.05796,0.00104499414735203,0.06324,0.00108849163892058,"standardised Gamma(α=16, θ=1)
skew=0.5, excess kurtosis=0.375","n = 50"
"four groups with moderate ordered effect: 0, 0.25, 0.50, 0.75 SD","moderate ordered effect: 0, 0.25, 0.50, 0.75 SD","0.00, 0.25, 0.50, 0.75","standardised Gamma",1,4,1.5,50,4,0.92012,0.00121242884822162,0.9187,0.00122221364744467,0.92088,0.00120714560513635,0.95172,0.000958634879398825,0.95172,0.000958634879398825,0.95172,0.000958634879398825,0.00048,9.79560717873068e-05,0.99952,9.79560717873105e-05,0.99952,9.79560717873105e-05,0.00042,9.16322650598576e-05,6e-05,3.46399769053041e-05,0.90486,0.00131216142604483,0.09514,0.00131216142604483,0.83596,0.00165608501231066,0.08492,0.00124666429803697,0.09514,0.00131216142604483,"standardised Gamma(α=4, θ=1)
skew=1, excess kurtosis=1.5","n = 50"
"four groups with moderate ordered effect: 0, 0.25, 0.50, 0.75 SD","moderate ordered effect: 0, 0.25, 0.50, 0.75 SD","0.00, 0.25, 0.50, 0.75","standardised Gamma",2,1,6,50,4,0.91868,0.00122235066654377,0.92382,0.00118639460214551,0.92298,0.00119237510540937,0.99822,0.000188511622983836,0.99822,0.000188511622983836,0.99822,0.000188511622983836,0,0,1,0,1,0,0,0,0,0,0.78852,0.00182623223933869,0.21148,0.00182623223933869,0.73456,0.00197474862400256,0.18842,0.00174881619159933,0.21148,0.00182623223933869,"standardised Gamma(α=1, θ=1)
skew=2, excess kurtosis=6","n = 50"
"four groups with moderate ordered effect: 0, 0.25, 0.50, 0.75 SD","moderate ordered effect: 0, 0.25, 0.50, 0.75 SD","0.00, 0.25, 0.50, 0.75","normal",0,NA,0,100,4,0.99862,0.000166017806273908,0.9985,0.000173075128195818,0.99862,0.000166017806273908,0.99806,0.00019678599543667,0.99852,0.000171919143785678,0.99862,0.000166017806273908,0.94762,0.000996356719252698,0.05238,0.000996356719252698,0.05238,0.000996356719252698,0.90004,0.00134140223944945,0.04758,0.000952009911713108,0.94978,0.000976708263505537,0.05022,0.000976708263505536,0.94848,0.000988591822745869,0.05014,0.000975971110228167,0.05022,0.000976708263505536,"Normal(mu=0, sigma^2=1)
skew=0, excess kurtosis=0","n = 100"
"four groups with moderate ordered effect: 0, 0.25, 0.50, 0.75 SD","moderate ordered effect: 0, 0.25, 0.50, 0.75 SD","0.00, 0.25, 0.50, 0.75","standardised Gamma",0.5,16,0.375,100,4,0.99844,0.000176497388082657,0.99848,0.000174223396821435,0.99842,0.000177623399359433,0.99854,0.000170755286887406,0.99854,0.000170755286887406,0.99856,0.000169583395413584,0.04382,0.000915421297545562,0.95618,0.000915421297545561,0.95618,0.000915421297545561,0.04088,0.000885537414229348,0.00294,0.000242130394622402,0.93866,0.0010731020864764,0.06134,0.0010731020864764,0.93724,0.00108463065049813,0.06118,0.00107179296135028,0.06134,0.0010731020864764,"standardised Gamma(α=16, θ=1)
skew=0.5, excess kurtosis=0.375","n = 100"
"four groups with moderate ordered effect: 0, 0.25, 0.50, 0.75 SD","moderate ordered effect: 0, 0.25, 0.50, 0.75 SD","0.00, 0.25, 0.50, 0.75","standardised Gamma",1,4,1.5,100,4,0.99832,0.000183148988531196,0.9985,0.000173075128195818,0.9984,0.000178742272560245,0.9996,8.94248287669544e-05,0.9996,8.94248287669544e-05,0.9996,8.94248287669544e-05,0,0,1,0,1,0,0,0,0,0,0.90384,0.00131843281512559,0.09616,0.00131843281512559,0.90276,0.00132502364054382,0.09564,0.00131524134971495,0.09616,0.00131843281512559,"standardised Gamma(α=4, θ=1)
skew=1, excess kurtosis=1.5","n = 100"
"four groups with moderate ordered effect: 0, 0.25, 0.50, 0.75 SD","moderate ordered effect: 0, 0.25, 0.50, 0.75 SD","0.00, 0.25, 0.50, 0.75","standardised Gamma",2,1,6,100,4,0.99826,0.000186385214005831,0.99872,0.000159897567211008,0.99862,0.000166017806273908,1,0,1,0,1,0,0,0,1,0,1,0,0,0,0,0,0.79348,0.00181035626107128,0.20652,0.00181035626107128,0.79314,0.00181145764731059,0.20548,0.00180697520514256,0.20652,0.00181035626107128,"standardised Gamma(α=1, θ=1)
skew=2, excess kurtosis=6","n = 100"
"four groups with moderate ordered effect: 0, 0.25, 0.50, 0.75 SD","moderate ordered effect: 0, 0.25, 0.50, 0.75 SD","0.00, 0.25, 0.50, 0.75","normal",0,NA,0,200,4,1,0,1,0,1,0,1,0,1,0,1,0,0.94828,0.000990404378019403,0.05172,0.000990404378019403,0.05172,0.000990404378019403,0.89964,0.00134378473276042,0.04864,0.000962020274214634,0.94872,0.000986411289473108,0.05128,0.000986411289473108,0.94872,0.000986411289473108,0.05128,0.000986411289473108,0.05128,0.000986411289473108,"Normal(mu=0, sigma^2=1)
skew=0, excess kurtosis=0","n = 200"
"four groups with moderate ordered effect: 0, 0.25, 0.50, 0.75 SD","moderate ordered effect: 0, 0.25, 0.50, 0.75 SD","0.00, 0.25, 0.50, 0.75","standardised Gamma",0.5,16,0.375,200,4,1,0,1,0,1,0,1,0,1,0,1,0,0.00028,7.48226703613283e-05,0.99972,7.48226703613212e-05,0.99972,7.48226703613212e-05,0.00026,7.21016504665462e-05,2e-05,1.9999799999e-05,0.93906,0.00106982537266603,0.06094,0.00106982537266603,0.93906,0.00106982537266603,0.06094,0.00106982537266603,0.06094,0.00106982537266603,"standardised Gamma(α=16, θ=1)
skew=0.5, excess kurtosis=0.375","n = 200"
"four groups with moderate ordered effect: 0, 0.25, 0.50, 0.75 SD","moderate ordered effect: 0, 0.25, 0.50, 0.75 SD","0.00, 0.25, 0.50, 0.75","standardised Gamma",1,4,1.5,200,4,1,0,1,0,1,0,1,0,1,0,1,0,0,0,1,0,1,0,0,0,0,0,0.90636,0.00130285494511093,0.09364,0.00130285494511093,0.90636,0.00130285494511093,0.09364,0.00130285494511093,0.09364,0.00130285494511093,"standardised Gamma(α=4, θ=1)
skew=1, excess kurtosis=1.5","n = 200"
"four groups with moderate ordered effect: 0, 0.25, 0.50, 0.75 SD","moderate ordered effect: 0, 0.25, 0.50, 0.75 SD","0.00, 0.25, 0.50, 0.75","standardised Gamma",2,1,6,200,4,1,0,1,0,1,0,1,0,1,0,1,0,0,0,1,0,1,0,0,0,0,0,0.79562,0.00180337913706464,0.20438,0.00180337913706464,0.79562,0.00180337913706464,0.20438,0.00180337913706464,0.20438,0.00180337913706464,"standardised Gamma(α=1, θ=1)
skew=2, excess kurtosis=6","n = 200"
