"grid","design","panel","sd_per_group","group_mean_offsets","eta_h_sq_own","rel_effects","constraint_residual"
"legacy","balanced n, equal SD",1,"1.0, 1.0, 1.0, 1.0","0.00, 0.25, 0.50, 0.75",0.0701539191699406,"0.3972, 0.4659, 0.5348, 0.6021",-4.44089209850063e-16
"legacy","balanced n, equal SD",2,"1.0, 1.0, 1.0, 1.0","0.00, 0.25, 0.50, 0.75",0.107000332150468,"0.3736, 0.4570, 0.5429, 0.6265",-1.11022302462516e-16
"legacy","balanced n, equal SD",3,"1.0, 1.0, 1.0, 1.0","0.00, 0.25, 0.50, 0.75",0.0769347547440215,"0.3926, 0.4642, 0.5358, 0.6074",-5.55111512312578e-17
"legacy","balanced n, equal SD",4,"1.0, 1.0, 1.0, 1.0","0.00, 0.25, 0.50, 0.75",0.0836034228973612,"0.3878, 0.4626, 0.5379, 0.6116",-3.33066907387547e-16
"legacy","balanced n, equal SD",5,"1.0, 1.0, 1.0, 1.0","0.00, 0.25, 0.50, 0.75",0.127321819839602,"0.3631, 0.4512, 0.5478, 0.6379",-4.44089209850063e-16
"legacy","unbalanced n, equal SD",1,"1.0, 1.0, 1.0, 1.0","0.00, 0.25, 0.50, 0.75",0.0606937936065387,"0.3684, 0.4352, 0.5058, 0.5738",5.55111512312578e-16
"legacy","unbalanced n, equal SD",2,"1.0, 1.0, 1.0, 1.0","0.00, 0.25, 0.50, 0.75",0.0916563589248151,"0.3397, 0.4197, 0.5061, 0.5913",0
"legacy","unbalanced n, equal SD",3,"1.0, 1.0, 1.0, 1.0","0.00, 0.25, 0.50, 0.75",0.0659803819496058,"0.3634, 0.4327, 0.5049, 0.5775",-5.55111512312578e-16
"legacy","unbalanced n, equal SD",4,"1.0, 1.0, 1.0, 1.0","0.00, 0.25, 0.50, 0.75",0.0729461209510884,"0.3557, 0.4294, 0.5057, 0.5812",-8.88178419700125e-16
"legacy","unbalanced n, equal SD",5,"1.0, 1.0, 1.0, 1.0","0.00, 0.25, 0.50, 0.75",0.109497116043703,"0.3268, 0.4110, 0.5060, 0.6004",-4.9960036108132e-16
"legacy","balanced n, unequal SD",1,"1.0, 1.3, 1.7, 2.2","0.000, 0.404, 0.807, 1.211",0.07139153139875,"0.3879, 0.4752, 0.5437, 0.5933",1.11022302462516e-15
"legacy","balanced n, unequal SD",2,"1.0, 1.3, 1.7, 2.2","0.000, 0.404, 0.807, 1.211",0.113799605224234,"0.3589, 0.4678, 0.5551, 0.6182",2.22044604925031e-16
"legacy","balanced n, unequal SD",3,"1.0, 1.3, 1.7, 2.2","0.000, 0.404, 0.807, 1.211",0.0690804445874752,"0.3890, 0.4766, 0.5434, 0.5910",-5.55111512312578e-17
"legacy","balanced n, unequal SD",4,"1.0, 1.3, 1.7, 2.2","0.000, 0.404, 0.807, 1.211",0.0562119399094967,"0.3985, 0.4806, 0.5410, 0.5799",-3.33066907387547e-16
"legacy","balanced n, unequal SD",5,"1.0, 1.3, 1.7, 2.2","0.000, 0.404, 0.807, 1.211",0.0677365575303114,"0.3862, 0.4823, 0.5473, 0.5842",0
"legacy","unbalanced n, larger n with larger SD",1,"1.0, 1.3, 1.7, 2.2","0.000, 0.404, 0.807, 1.211",0.0577908791193737,"0.3601, 0.4426, 0.5136, 0.5664",8.88178419700125e-16
"legacy","unbalanced n, larger n with larger SD",2,"1.0, 1.3, 1.7, 2.2","0.000, 0.404, 0.807, 1.211",0.0920331629739203,"0.3236, 0.4272, 0.5172, 0.5838",-2.77555756156289e-16
"legacy","unbalanced n, larger n with larger SD",3,"1.0, 1.3, 1.7, 2.2","0.000, 0.404, 0.807, 1.211",0.0538012060360012,"0.3638, 0.4456, 0.5135, 0.5636",-3.33066907387547e-16
"legacy","unbalanced n, larger n with larger SD",4,"1.0, 1.3, 1.7, 2.2","0.000, 0.404, 0.807, 1.211",0.0435564298729149,"0.3738, 0.4542, 0.5134, 0.5558",-4.44089209850063e-16
"legacy","unbalanced n, larger n with larger SD",5,"1.0, 1.3, 1.7, 2.2","0.000, 0.404, 0.807, 1.211",0.0508085182454534,"0.3604, 0.4531, 0.5165, 0.5583",-7.7715611723761e-16
"legacy","unbalanced n, larger n with smaller SD",1,"2.2, 1.7, 1.3, 1.0","0.000, 0.404, 0.807, 1.211",0.0673050311257509,"0.3789, 0.4266, 0.4936, 0.5846",2.22044604925031e-16
"legacy","unbalanced n, larger n with smaller SD",2,"2.2, 1.7, 1.3, 1.0","0.000, 0.404, 0.807, 1.211",0.108296435477004,"0.3452, 0.4072, 0.4927, 0.6070",1.11022302462516e-15
"legacy","unbalanced n, larger n with smaller SD",3,"2.2, 1.7, 1.3, 1.0","0.000, 0.404, 0.807, 1.211",0.0850613101129715,"0.3640, 0.4170, 0.4933, 0.5950",-2.77555756156289e-16
"legacy","unbalanced n, larger n with smaller SD",4,"2.2, 1.7, 1.3, 1.0","0.000, 0.404, 0.807, 1.211",0.103192572042188,"0.3518, 0.4069, 0.4931, 0.6046",-3.33066907387547e-16
"legacy","unbalanced n, larger n with smaller SD",5,"2.2, 1.7, 1.3, 1.0","0.000, 0.404, 0.807, 1.211",0.161450646031022,"0.3128, 0.3842, 0.4922, 0.6304",0
"brunner","balanced n, unequal SD",1,"1.0000, 1.4142, 2.0000, 2.2361","0.00, 0.25, 0.50, 0.75",0.0265900845509652,"0.4324, 0.4843, 0.5246, 0.5587",-4.44089209850063e-16
"brunner","balanced n, unequal SD",2,"1.0000, 1.4142, 2.0000, 2.2361","0.00, 0.25, 0.50, 0.75",0.0441491230034315,"0.4123, 0.4805, 0.5324, 0.5748",-2.22044604925031e-16
"brunner","balanced n, unequal SD",3,"1.0000, 1.4142, 2.0000, 2.2361","0.00, 0.25, 0.50, 0.75",0.0197890196262274,"0.4409, 0.4884, 0.5199, 0.5508",-7.7715611723761e-16
"brunner","balanced n, unequal SD",4,"1.0000, 1.4142, 2.0000, 2.2361","0.00, 0.25, 0.50, 0.75",0.0113604094555053,"0.4557, 0.4923, 0.5116, 0.5404",4.44089209850063e-16
"brunner","balanced n, unequal SD",5,"1.0000, 1.4142, 2.0000, 2.2361","0.00, 0.25, 0.50, 0.75",0.00697328148323577,"0.4672, 0.4969, 0.5007, 0.5352",4.44089209850063e-16
"brunner","unbalanced n, larger n with larger SD",1,"1.0000, 1.4142, 2.0000, 2.2361","0.00, 0.25, 0.50, 0.75",0.0207469295274485,"0.4168, 0.4653, 0.5075, 0.5402",7.7715611723761e-16
"brunner","unbalanced n, larger n with larger SD",2,"1.0000, 1.4142, 2.0000, 2.2361","0.00, 0.25, 0.50, 0.75",0.0340797724619372,"0.3926, 0.4569, 0.5087, 0.5518",3.33066907387547e-16
"brunner","unbalanced n, larger n with larger SD",3,"1.0000, 1.4142, 2.0000, 2.2361","0.00, 0.25, 0.50, 0.75",0.0164793877208754,"0.4255, 0.4709, 0.5047, 0.5366",-3.88578058618805e-16
"brunner","unbalanced n, larger n with larger SD",4,"1.0000, 1.4142, 2.0000, 2.2361","0.00, 0.25, 0.50, 0.75",0.00955182743012061,"0.4436, 0.4804, 0.5001, 0.5292",1.11022302462516e-16
"brunner","unbalanced n, larger n with larger SD",5,"1.0000, 1.4142, 2.0000, 2.2361","0.00, 0.25, 0.50, 0.75",0.00614561493404989,"0.4589, 0.4872, 0.4931, 0.5260",1.22124532708767e-15
"brunner","unbalanced n, larger n with smaller SD",1,"2.2361, 2.0000, 1.4142, 1.0000","0.00, 0.25, 0.50, 0.75",0.023763362260414,"0.4253, 0.4592, 0.4956, 0.5502",2.22044604925031e-16
"brunner","unbalanced n, larger n with smaller SD",2,"2.2361, 2.0000, 1.4142, 1.0000","0.00, 0.25, 0.50, 0.75",0.0403509020731761,"0.4029, 0.4463, 0.4946, 0.5653",-1.11022302462516e-16
"brunner","unbalanced n, larger n with smaller SD",3,"2.2361, 2.0000, 1.4142, 1.0000","0.00, 0.25, 0.50, 0.75",0.0354798431882569,"0.4108, 0.4477, 0.4955, 0.5613",-1.66533453693773e-16
"brunner","unbalanced n, larger n with smaller SD",4,"2.2361, 2.0000, 1.4142, 1.0000","0.00, 0.25, 0.50, 0.75",0.0501058763090329,"0.3956, 0.4353, 0.4960, 0.5725",4.44089209850063e-16
"brunner","unbalanced n, larger n with smaller SD",5,"2.2361, 2.0000, 1.4142, 1.0000","0.00, 0.25, 0.50, 0.75",0.0929233152752884,"0.3615, 0.4104, 0.4929, 0.5997",5.55111512312578e-16
"omega_fixed","balanced n, equal SD",1,"1.0, 1.0, 1.0, 1.0","0.00, 0.25, 0.50, 0.75",0.0709388288502989,"0.3967, 0.4656, 0.5349, 0.6028",-1.11022302462516e-16
"omega_fixed","balanced n, equal SD",2,"1.0, 1.0, 1.0, 1.0","0.00, 0.25, 0.50, 0.75",0.106389750204329,"0.3735, 0.4576, 0.5430, 0.6258",2.22044604925031e-16
"omega_fixed","balanced n, equal SD",3,"1.0, 1.0, 1.0, 1.0","0.00, 0.25, 0.50, 0.75",0.0781308011261851,"0.3913, 0.4642, 0.5367, 0.6077",4.44089209850063e-16
"omega_fixed","balanced n, equal SD",4,"1.0, 1.0, 1.0, 1.0","0.00, 0.25, 0.50, 0.75",0.0838223090986975,"0.3878, 0.4627, 0.5374, 0.6121",-2.22044604925031e-16
"omega_fixed","balanced n, equal SD",5,"1.0, 1.0, 1.0, 1.0","0.00, 0.25, 0.50, 0.75",0.127528867002683,"0.3625, 0.4522, 0.5472, 0.6382",6.66133814775094e-16
"omega_fixed","unbalanced n, equal SD",1,"1.0, 1.0, 1.0, 1.0","0.0000, 0.2703, 0.5406, 0.8109",0.0703997583304282,"0.3575, 0.4315, 0.5054, 0.5797",1.99840144432528e-15
"omega_fixed","unbalanced n, equal SD",2,"1.0, 1.0, 1.0, 1.0","0.0000, 0.2703, 0.5406, 0.8109",0.105629464841225,"0.3290, 0.4132, 0.5060, 0.5984",-7.7715611723761e-16
"omega_fixed","unbalanced n, equal SD",3,"1.0, 1.0, 1.0, 1.0","0.0000, 0.2703, 0.5406, 0.8109",0.0772906594158681,"0.3524, 0.4272, 0.5049, 0.5841",-4.44089209850063e-16
"omega_fixed","unbalanced n, equal SD",4,"1.0, 1.0, 1.0, 1.0","0.0000, 0.2703, 0.5406, 0.8109",0.0830989748800285,"0.3474, 0.4232, 0.5064, 0.5867",6.66133814775094e-16
"omega_fixed","unbalanced n, equal SD",5,"1.0, 1.0, 1.0, 1.0","0.0000, 0.2703, 0.5406, 0.8109",0.124500646065182,"0.3149, 0.4061, 0.5056, 0.6073",2.22044604925031e-16
"omega_fixed","balanced n, unequal SD",1,"1.0, 1.3, 1.7, 2.2","0.0000, 0.4035, 0.8070, 1.2105",0.0714155747999277,"0.3883, 0.4742, 0.5443, 0.5932",0
"omega_fixed","balanced n, unequal SD",2,"1.0, 1.3, 1.7, 2.2","0.0000, 0.4035, 0.8070, 1.2105",0.113575948418769,"0.3590, 0.4678, 0.5555, 0.6177",-5.55111512312578e-17
"omega_fixed","balanced n, unequal SD",3,"1.0, 1.3, 1.7, 2.2","0.0000, 0.4035, 0.8070, 1.2105",0.0681850476131209,"0.3903, 0.4754, 0.5440, 0.5903",-6.66133814775094e-16
"omega_fixed","balanced n, unequal SD",4,"1.0, 1.3, 1.7, 2.2","0.0000, 0.4035, 0.8070, 1.2105",0.0565413880864032,"0.3979, 0.4815, 0.5403, 0.5803",0
"omega_fixed","balanced n, unequal SD",5,"1.0, 1.3, 1.7, 2.2","0.0000, 0.4035, 0.8070, 1.2105",0.0679466446906175,"0.3862, 0.4820, 0.5474, 0.5844",1.11022302462516e-16
"omega_fixed","unbalanced n, larger n with larger SD",1,"1.0, 1.3, 1.7, 2.2","0.0000, 0.4793, 0.9587, 1.4380",0.0787981781571033,"0.3371, 0.4333, 0.5146, 0.5782",-4.44089209850063e-16
"omega_fixed","unbalanced n, larger n with larger SD",2,"1.0, 1.3, 1.7, 2.2","0.0000, 0.4793, 0.9587, 1.4380",0.12258643954263,"0.2978, 0.4155, 0.5186, 0.5976",-1.22124532708767e-15
"omega_fixed","unbalanced n, larger n with larger SD",3,"1.0, 1.3, 1.7, 2.2","0.0000, 0.4793, 0.9587, 1.4380",0.0777908096041429,"0.3363, 0.4347, 0.5160, 0.5766",2.22044604925031e-16
"omega_fixed","unbalanced n, larger n with larger SD",4,"1.0, 1.3, 1.7, 2.2","0.0000, 0.4793, 0.9587, 1.4380",0.0663259040678967,"0.3461, 0.4412, 0.5170, 0.5691",5.55111512312578e-16
"omega_fixed","unbalanced n, larger n with larger SD",5,"1.0, 1.3, 1.7, 2.2","0.0000, 0.4793, 0.9587, 1.4380",0.0859248820935606,"0.3219, 0.4355, 0.5206, 0.5773",-6.66133814775094e-16
"omega_fixed","unbalanced n, larger n with smaller SD",1,"2.2, 1.7, 1.3, 1.0","0.0000, 0.3884, 0.7768, 1.1652",0.0636912298771829,"0.3835, 0.4274, 0.4939, 0.5824",-3.33066907387547e-16
"omega_fixed","unbalanced n, larger n with smaller SD",2,"2.2, 1.7, 1.3, 1.0","0.0000, 0.3884, 0.7768, 1.1652",0.100910599412768,"0.3517, 0.4092, 0.4932, 0.6033",-1.11022302462516e-16
"omega_fixed","unbalanced n, larger n with smaller SD",3,"2.2, 1.7, 1.3, 1.0","0.0000, 0.3884, 0.7768, 1.1652",0.0809217585797323,"0.3663, 0.4184, 0.4952, 0.5919",0
"omega_fixed","unbalanced n, larger n with smaller SD",4,"2.2, 1.7, 1.3, 1.0","0.0000, 0.3884, 0.7768, 1.1652",0.0978028629273187,"0.3537, 0.4109, 0.4933, 0.6016",0
"omega_fixed","unbalanced n, larger n with smaller SD",5,"2.2, 1.7, 1.3, 1.0","0.0000, 0.3884, 0.7768, 1.1652",0.15369785519937,"0.3179, 0.3866, 0.4924, 0.6272",-1.11022302462516e-15
"etaH_fixed","balanced n, equal SD",1,"1.0, 1.0, 1.0, 1.0","0.00, 0.25, 0.50, 0.75",0.0703956698057136,"0.3975, 0.4651, 0.5347, 0.6027",6.66133814775094e-16
"etaH_fixed","balanced n, equal SD",2,"1.0, 1.0, 1.0, 1.0","0.0000, 0.1984, 0.3968, 0.5951",0.0697449338034167,"0.3985, 0.4650, 0.5338, 0.6028",1.11022302462516e-16
"etaH_fixed","balanced n, equal SD",3,"1.0, 1.0, 1.0, 1.0","0.0000, 0.2384, 0.4767, 0.7151",0.0704474107299128,"0.3974, 0.4653, 0.5343, 0.6029",2.22044604925031e-16
"etaH_fixed","balanced n, equal SD",4,"1.0, 1.0, 1.0, 1.0","0.0000, 0.2285, 0.4571, 0.6856",0.0712020675709594,"0.3969, 0.4652, 0.5343, 0.6035",-2.22044604925031e-16
"etaH_fixed","balanced n, equal SD",5,"1.0, 1.0, 1.0, 1.0","0.0000, 0.1762, 0.3524, 0.5285",0.0704773645401931,"0.3973, 0.4655, 0.5343, 0.6029",1.11022302462516e-16
"etaH_fixed","unbalanced n, equal SD",1,"1.0, 1.0, 1.0, 1.0","0.0000, 0.2715, 0.5430, 0.8146",0.0707503588662695,"0.3588, 0.4304, 0.5047, 0.5805",-1.66533453693773e-16
"etaH_fixed","unbalanced n, equal SD",2,"1.0, 1.0, 1.0, 1.0","0.0000, 0.2157, 0.4313, 0.6470",0.0712207000071929,"0.3579, 0.4297, 0.5058, 0.5802",-3.88578058618805e-16
"etaH_fixed","unbalanced n, equal SD",3,"1.0, 1.0, 1.0, 1.0","0.0000, 0.2583, 0.5166, 0.7749",0.0691450528712567,"0.3596, 0.4311, 0.5057, 0.5790",4.44089209850063e-16
"etaH_fixed","unbalanced n, equal SD",4,"1.0, 1.0, 1.0, 1.0","0.0000, 0.2472, 0.4944, 0.7416",0.070825412413679,"0.3575, 0.4308, 0.5056, 0.5799",1.11022302462516e-16
"etaH_fixed","unbalanced n, equal SD",5,"1.0, 1.0, 1.0, 1.0","0.0000, 0.1914, 0.3827, 0.5741",0.0699307635312135,"0.3599, 0.4309, 0.5041, 0.5803",0
"etaH_fixed","balanced n, unequal SD",1,"1.0, 1.3, 1.7, 2.2","0.0000, 0.4007, 0.8015, 1.2022",0.071022164418493,"0.3886, 0.4741, 0.5444, 0.5929",-4.44089209850063e-16
"etaH_fixed","balanced n, unequal SD",2,"1.0, 1.3, 1.7, 2.2","0.0000, 0.3082, 0.6164, 0.9247",0.0712434822533335,"0.3879, 0.4757, 0.5428, 0.5936",-4.44089209850063e-16
"etaH_fixed","balanced n, unequal SD",3,"1.0, 1.3, 1.7, 2.2","0.0000, 0.4108, 0.8216, 1.2324",0.0712576910542575,"0.3875, 0.4759, 0.5440, 0.5926",7.7715611723761e-16
"etaH_fixed","balanced n, unequal SD",4,"1.0, 1.3, 1.7, 2.2","0.0000, 0.4427, 0.8853, 1.3280",0.070584824156896,"0.3868, 0.4775, 0.5456, 0.5901",3.33066907387547e-16
"etaH_fixed","balanced n, unequal SD",5,"1.0, 1.3, 1.7, 2.2","0.0000, 0.4089, 0.8179, 1.2268",0.0711767344387278,"0.3834, 0.4819, 0.5481, 0.5865",-2.22044604925031e-16
"etaH_fixed","unbalanced n, larger n with larger SD",1,"1.0, 1.3, 1.7, 2.2","0.0000, 0.4527, 0.9054, 1.3581",0.0699563765674098,"0.3458, 0.4372, 0.5147, 0.5731",1.11022302462516e-15
"etaH_fixed","unbalanced n, larger n with larger SD",2,"1.0, 1.3, 1.7, 2.2","0.0000, 0.3497, 0.6994, 1.0491",0.070944996336327,"0.3451, 0.4363, 0.5149, 0.5737",0
"etaH_fixed","unbalanced n, larger n with larger SD",3,"1.0, 1.3, 1.7, 2.2","0.00, 0.46, 0.92, 1.38",0.0709678156940688,"0.3435, 0.4377, 0.5153, 0.5732",1.11022302462516e-16
"etaH_fixed","unbalanced n, larger n with larger SD",4,"1.0, 1.3, 1.7, 2.2","0.0000, 0.4900, 0.9799, 1.4699",0.0695808865824082,"0.3421, 0.4399, 0.5177, 0.5705",7.7715611723761e-16
"etaH_fixed","unbalanced n, larger n with larger SD",5,"1.0, 1.3, 1.7, 2.2","0.0000, 0.4474, 0.8948, 1.3422",0.0702626184903426,"0.3367, 0.4439, 0.5192, 0.5689",-3.33066907387547e-16
"etaH_fixed","unbalanced n, larger n with smaller SD",1,"2.2, 1.7, 1.3, 1.0","0.0000, 0.4114, 0.8228, 1.2342",0.0699755361396365,"0.3781, 0.4237, 0.4937, 0.5864",-1.11022302462516e-16
"etaH_fixed","unbalanced n, larger n with smaller SD",2,"2.2, 1.7, 1.3, 1.0","0.0000, 0.3178, 0.6357, 0.9535",0.0701190137143559,"0.3766, 0.4239, 0.4946, 0.5860",2.22044604925031e-16
"etaH_fixed","unbalanced n, larger n with smaller SD",3,"2.2, 1.7, 1.3, 1.0","0.0000, 0.3592, 0.7185, 1.0777",0.0708115606094558,"0.3750, 0.4246, 0.4943, 0.5864",-3.33066907387547e-16
"etaH_fixed","unbalanced n, larger n with smaller SD",4,"2.2, 1.7, 1.3, 1.0","0.0000, 0.3095, 0.6191, 0.9286",0.0708026135260651,"0.3752, 0.4230, 0.4960, 0.5859",-5.55111512312578e-16
"etaH_fixed","unbalanced n, larger n with smaller SD",5,"2.2, 1.7, 1.3, 1.0","0.0000, 0.1863, 0.3726, 0.5589",0.0692946620733507,"0.3751, 0.4243, 0.4969, 0.5845",0
"typeI","balanced n, equal SD",1,"1.0, 1.0, 1.0, 1.0","0, 0, 0, 0",2.14829205103599e-06,"0.5001, 0.5006, 0.4994, 0.5000",3.33066907387547e-16
"typeI","balanced n, equal SD",2,"1.0, 1.0, 1.0, 1.0","0, 0, 0, 0",5.31609913035198e-06,"0.5008, 0.5002, 0.4999, 0.4990",-4.9960036108132e-16
"typeI","balanced n, equal SD",3,"1.0, 1.0, 1.0, 1.0","0, 0, 0, 0",1.7447947723538e-06,"0.5000, 0.5002, 0.5004, 0.4994",2.22044604925031e-16
"typeI","balanced n, equal SD",4,"1.0, 1.0, 1.0, 1.0","0, 0, 0, 0",5.19048035760405e-06,"0.5004, 0.4992, 0.4995, 0.5009",-2.22044604925031e-16
"typeI","balanced n, equal SD",5,"1.0, 1.0, 1.0, 1.0","0, 0, 0, 0",7.62541992359433e-06,"0.4986, 0.5005, 0.5004, 0.5004",-9.43689570931383e-16
"typeI","balanced n, unequal SD",1,"1.0, 1.3, 1.7, 2.2","0, 0, 0, 0",3.44913592123653e-06,"0.4999, 0.5000, 0.4993, 0.5008",1.11022302462516e-16
"typeI","balanced n, unequal SD",2,"1.0, 1.3, 1.7, 2.2","0, 0, 0, 0",2.79781116862688e-06,"0.4997, 0.4999, 0.4996, 0.5008",-5.55111512312578e-16
"typeI","balanced n, unequal SD",3,"1.0, 1.3, 1.7, 2.2","0, 0, 0, 0",0.00085091873195171,"0.5115, 0.5036, 0.4961, 0.4889",1.11022302462516e-16
"typeI","balanced n, unequal SD",4,"1.0, 1.3, 1.7, 2.2","0, 0, 0, 0",0.00417122439854496,"0.5249, 0.5087, 0.4912, 0.4752",1.11022302462516e-16
"typeI","balanced n, unequal SD",5,"1.0, 1.3, 1.7, 2.2","0, 0, 0, 0",0.0178952109628004,"0.5514, 0.5188, 0.4810, 0.4489",0
"typeI","unbalanced n, equal SD",1,"1.0, 1.0, 1.0, 1.0","0, 0, 0, 0",1.16788597158012e-05,"0.4991, 0.5008, 0.4988, 0.5009",-1.66533453693773e-15
"typeI","unbalanced n, equal SD",2,"1.0, 1.0, 1.0, 1.0","0, 0, 0, 0",5.30430760540874e-06,"0.4995, 0.4991, 0.5009, 0.4999",-6.66133814775094e-16
"typeI","unbalanced n, equal SD",3,"1.0, 1.0, 1.0, 1.0","0, 0, 0, 0",5.18931640440502e-06,"0.5009, 0.4995, 0.5007, 0.4994",5.55111512312578e-16
"typeI","unbalanced n, equal SD",4,"1.0, 1.0, 1.0, 1.0","0, 0, 0, 0",4.9423060053479e-06,"0.5000, 0.4998, 0.5009, 0.4994",-5.55111512312578e-16
"typeI","unbalanced n, equal SD",5,"1.0, 1.0, 1.0, 1.0","0, 0, 0, 0",4.18078199565205e-06,"0.4996, 0.5011, 0.4999, 0.4996",-1.11022302462516e-16
"typeI","unbalanced n, larger n with larger SD",1,"1.0, 1.3, 1.7, 2.2","0, 0, 0, 0",7.08988582093833e-06,"0.5004, 0.4993, 0.4992, 0.5009",-1.11022302462516e-15
"typeI","unbalanced n, larger n with larger SD",2,"1.0, 1.3, 1.7, 2.2","0, 0, 0, 0",6.4702471093629e-07,"0.5003, 0.4996, 0.5000, 0.5001",-1.11022302462516e-16
"typeI","unbalanced n, larger n with larger SD",3,"1.0, 1.3, 1.7, 2.2","0, 0, 0, 0",0.000662675206891369,"0.5145, 0.5063, 0.4991, 0.4925",-1.22124532708767e-15
"typeI","unbalanced n, larger n with larger SD",4,"1.0, 1.3, 1.7, 2.2","0, 0, 0, 0",0.00345471441336781,"0.5311, 0.5152, 0.4993, 0.4821",-1.22124532708767e-15
"typeI","unbalanced n, larger n with larger SD",5,"1.0, 1.3, 1.7, 2.2","0, 0, 0, 0",0.0156793404984226,"0.5641, 0.5341, 0.4989, 0.4613",-1.11022302462516e-16
"typeI","unbalanced n, larger n with smaller SD",1,"2.2, 1.7, 1.3, 1.0","0, 0, 0, 0",3.86308438103342e-06,"0.4994, 0.5011, 0.5000, 0.4997",-1.22124532708767e-15
"typeI","unbalanced n, larger n with smaller SD",2,"2.2, 1.7, 1.3, 1.0","0, 0, 0, 0",3.66804117732853e-06,"0.5004, 0.5003, 0.4992, 0.5004",4.44089209850063e-16
"typeI","unbalanced n, larger n with smaller SD",3,"2.2, 1.7, 1.3, 1.0","0, 0, 0, 0",0.000690722243973173,"0.4862, 0.4926, 0.5011, 0.5077",-5.55111512312578e-17
"typeI","unbalanced n, larger n with smaller SD",4,"2.2, 1.7, 1.3, 1.0","0, 0, 0, 0",0.00400607367781402,"0.4685, 0.4814, 0.5014, 0.5193",0
"typeI","unbalanced n, larger n with smaller SD",5,"2.2, 1.7, 1.3, 1.0","0, 0, 0, 0",0.0154892946534185,"0.4361, 0.4655, 0.5021, 0.5380",0
"brunner_onepoint","balanced n, equal SD",1,"1.0, 1.0, 1.0, 1.0","0.00, 0.00, 0.00, 1.00",0.152511105123471,"0.4344, 0.4359, 0.4344, 0.6953",6.66133814775094e-16
"brunner_onepoint","balanced n, equal SD",2,"1.0, 1.0, 1.0, 1.0","0.00, 0.00, 0.00, 1.00",0.206139766286099,"0.4241, 0.4242, 0.4246, 0.7270",1.11022302462516e-16
"brunner_onepoint","balanced n, equal SD",3,"1.0, 1.0, 1.0, 1.0","0.00, 0.00, 0.00, 1.00",0.162777520673297,"0.4328, 0.4323, 0.4331, 0.7017",-1.22124532708767e-15
"brunner_onepoint","balanced n, equal SD",4,"1.0, 1.0, 1.0, 1.0","0.00, 0.00, 0.00, 1.00",0.173651932616467,"0.4300, 0.4307, 0.4309, 0.7084",7.7715611723761e-16
"brunner_onepoint","balanced n, equal SD",5,"1.0, 1.0, 1.0, 1.0","0.00, 0.00, 0.00, 1.00",0.223051175166296,"0.4211, 0.4212, 0.4216, 0.7361",-2.22044604925031e-16
"brunner_onepoint","unbalanced n, equal SD",1,"1.0, 1.0, 1.0, 1.0","0.00, 0.00, 0.00, 1.00",0.190624216273396,"0.4027, 0.4022, 0.4023, 0.6627",-1.4432899320127e-15
"brunner_onepoint","unbalanced n, equal SD",2,"1.0, 1.0, 1.0, 1.0","0.00, 0.00, 0.00, 1.00",0.256623305185329,"0.3869, 0.3865, 0.3868, 0.6888",1.11022302462516e-16
"brunner_onepoint","unbalanced n, equal SD",3,"1.0, 1.0, 1.0, 1.0","0.00, 0.00, 0.00, 1.00",0.206078309036564,"0.3991, 0.3984, 0.3983, 0.6692",-1.4432899320127e-15
"brunner_onepoint","unbalanced n, equal SD",4,"1.0, 1.0, 1.0, 1.0","0.00, 0.00, 0.00, 1.00",0.217115116890866,"0.3952, 0.3958, 0.3961, 0.6737",4.44089209850063e-16
"brunner_onepoint","unbalanced n, equal SD",5,"1.0, 1.0, 1.0, 1.0","0.00, 0.00, 0.00, 1.00",0.277576900380998,"0.3842, 0.3818, 0.3816, 0.6963",2.22044604925031e-16
"brunner_onepoint","balanced n, unequal SD",1,"1.0000, 1.4142, 2.0000, 2.2361","0.00, 0.00, 0.00, 1.00",0.0471966561346844,"0.4610, 0.4637, 0.4667, 0.6086",-1.66533453693773e-16
"brunner_onepoint","balanced n, unequal SD",2,"1.0000, 1.4142, 2.0000, 2.2361","0.00, 0.00, 0.00, 1.00",0.0762789932950527,"0.4486, 0.4535, 0.4599, 0.6379",8.88178419700125e-16
"brunner_onepoint","balanced n, unequal SD",3,"1.0000, 1.4142, 2.0000, 2.2361","0.00, 0.00, 0.00, 1.00",0.046794603614779,"0.4696, 0.4643, 0.4582, 0.6079",1.11022302462516e-16
"brunner_onepoint","balanced n, unequal SD",4,"1.0000, 1.4142, 2.0000, 2.2361","0.00, 0.00, 0.00, 1.00",0.042018374712989,"0.4834, 0.4670, 0.4493, 0.6003",-8.32667268468867e-16
"brunner_onepoint","balanced n, unequal SD",5,"1.0000, 1.4142, 2.0000, 2.2361","0.00, 0.00, 0.00, 1.00",0.0605855626774001,"0.5020, 0.4617, 0.4231, 0.6132",-1.11022302462516e-16
"brunner_onepoint","unbalanced n, larger n with larger SD",1,"1.0000, 1.4142, 2.0000, 2.2361","0.00, 0.00, 0.00, 1.00",0.0565607175021852,"0.4399, 0.4452, 0.4509, 0.5885",2.22044604925031e-16
"brunner_onepoint","unbalanced n, larger n with larger SD",2,"1.0000, 1.4142, 2.0000, 2.2361","0.00, 0.00, 0.00, 1.00",0.0895114036815544,"0.4245, 0.4301, 0.4389, 0.6113",9.99200722162641e-16
"brunner_onepoint","unbalanced n, larger n with larger SD",3,"1.0000, 1.4142, 2.0000, 2.2361","0.00, 0.00, 0.00, 1.00",0.0564724427059335,"0.4509, 0.4476, 0.4447, 0.5885",-8.88178419700125e-16
"brunner_onepoint","unbalanced n, larger n with larger SD",4,"1.0000, 1.4142, 2.0000, 2.2361","0.00, 0.00, 0.00, 1.00",0.0519708976888048,"0.4688, 0.4540, 0.4385, 0.5841",-2.22044604925031e-16
"brunner_onepoint","unbalanced n, larger n with larger SD",5,"1.0000, 1.4142, 2.0000, 2.2361","0.00, 0.00, 0.00, 1.00",0.0736275391989018,"0.4870, 0.4516, 0.4162, 0.5972",-5.55111512312578e-16
"brunner_onepoint","unbalanced n, larger n with smaller SD",1,"2.2361, 2.0000, 1.4142, 1.0000","0.00, 0.00, 0.00, 1.00",0.104988934939358,"0.4424, 0.4347, 0.4172, 0.6203",1.11022302462516e-16
"brunner_onepoint","unbalanced n, larger n with smaller SD",2,"2.2361, 2.0000, 1.4142, 1.0000","0.00, 0.00, 0.00, 1.00",0.158797078266581,"0.4246, 0.4175, 0.4012, 0.6482",-8.88178419700125e-16
"brunner_onepoint","unbalanced n, larger n with smaller SD",3,"2.2361, 2.0000, 1.4142, 1.0000","0.00, 0.00, 0.00, 1.00",0.124645534119505,"0.4255, 0.4248, 0.4167, 0.6315",0
"brunner_onepoint","unbalanced n, larger n with smaller SD",4,"2.2361, 2.0000, 1.4142, 1.0000","0.00, 0.00, 0.00, 1.00",0.141378476684338,"0.4155, 0.4150, 0.4167, 0.6401",6.66133814775094e-16
"brunner_onepoint","unbalanced n, larger n with smaller SD",5,"2.2361, 2.0000, 1.4142, 1.0000","0.00, 0.00, 0.00, 1.00",0.199365703114189,"0.3856, 0.3910, 0.4129, 0.6659",3.33066907387547e-16
"typeI_brunner","balanced n, equal SD",1,"1.0, 1.0, 1.0, 1.0","0, 0, 0, 0",4.20958015291676e-06,"0.4993, 0.4998, 0.4999, 0.5010",-2.22044604925031e-16
"typeI_brunner","balanced n, equal SD",2,"1.0, 1.0, 1.0, 1.0","0, 0, 0, 0",2.03909152547103e-06,"0.5006, 0.4997, 0.4995, 0.5002",2.22044604925031e-16
"typeI_brunner","balanced n, equal SD",3,"1.0, 1.0, 1.0, 1.0","0, 0, 0, 0",6.18493947263609e-07,"0.4999, 0.5003, 0.5001, 0.4997",-5.55111512312578e-17
"typeI_brunner","balanced n, equal SD",4,"1.0, 1.0, 1.0, 1.0","0, 0, 0, 0",2.02258179228209e-06,"0.5006, 0.4997, 0.4996, 0.5001",1.33226762955019e-15
"typeI_brunner","balanced n, equal SD",5,"1.0, 1.0, 1.0, 1.0","0, 0, 0, 0",4.99510658642045e-07,"0.5002, 0.5002, 0.4998, 0.4998",-1.11022302462516e-15
"typeI_brunner","balanced n, unequal SD",1,"1.0000, 1.4142, 2.0000, 2.2361","0, 0, 0, 0",2.3233750421519e-06,"0.4996, 0.4996, 0.5007, 0.5001",1.11022302462516e-15
"typeI_brunner","balanced n, unequal SD",2,"1.0000, 1.4142, 2.0000, 2.2361","0, 0, 0, 0",4.29760188812708e-06,"0.5006, 0.4993, 0.5006, 0.4995",2.22044604925031e-16
"typeI_brunner","balanced n, unequal SD",3,"1.0000, 1.4142, 2.0000, 2.2361","0, 0, 0, 0",0.000971072831802579,"0.5128, 0.5039, 0.4928, 0.4904",1.11022302462516e-16
"typeI_brunner","balanced n, unequal SD",4,"1.0000, 1.4142, 2.0000, 2.2361","0, 0, 0, 0",0.00464246291816708,"0.5285, 0.5077, 0.4854, 0.4784",-8.88178419700125e-16
"typeI_brunner","balanced n, unequal SD",5,"1.0000, 1.4142, 2.0000, 2.2361","0, 0, 0, 0",0.020016131661883,"0.5587, 0.5166, 0.4700, 0.4547",5.55111512312578e-16
"typeI_brunner","unbalanced n, equal SD",1,"1.0, 1.0, 1.0, 1.0","0, 0, 0, 0",3.14864374800558e-06,"0.5000, 0.5005, 0.4993, 0.5004",2.22044604925031e-16
"typeI_brunner","unbalanced n, equal SD",2,"1.0, 1.0, 1.0, 1.0","0, 0, 0, 0",4.08375614437486e-06,"0.5007, 0.5006, 0.4992, 0.5001",-2.22044604925031e-16
"typeI_brunner","unbalanced n, equal SD",3,"1.0, 1.0, 1.0, 1.0","0, 0, 0, 0",2.62357631946919e-07,"0.5002, 0.5002, 0.4999, 0.4999",-6.66133814775094e-16
"typeI_brunner","unbalanced n, equal SD",4,"1.0, 1.0, 1.0, 1.0","0, 0, 0, 0",4.90882526120481e-06,"0.4991, 0.5006, 0.5006, 0.4995",-4.44089209850063e-16
"typeI_brunner","unbalanced n, equal SD",5,"1.0, 1.0, 1.0, 1.0","0, 0, 0, 0",4.4115806058943e-06,"0.5011, 0.5001, 0.4992, 0.5002",0
"typeI_brunner","unbalanced n, larger n with larger SD",1,"1.0000, 1.4142, 2.0000, 2.2361","0, 0, 0, 0",1.449151326235e-06,"0.5003, 0.5006, 0.4997, 0.4998",-7.21644966006352e-16
"typeI_brunner","unbalanced n, larger n with larger SD",2,"1.0000, 1.4142, 2.0000, 2.2361","0, 0, 0, 0",7.18414400517318e-07,"0.4998, 0.4998, 0.4998, 0.5003",4.44089209850063e-16
"typeI_brunner","unbalanced n, larger n with larger SD",3,"1.0000, 1.4142, 2.0000, 2.2361","0, 0, 0, 0",0.000727287620937703,"0.5157, 0.5070, 0.4975, 0.4931",2.22044604925031e-16
"typeI_brunner","unbalanced n, larger n with larger SD",4,"1.0000, 1.4142, 2.0000, 2.2361","0, 0, 0, 0",0.00337351202004026,"0.5342, 0.5155, 0.4926, 0.4863",-1.66533453693773e-16
"typeI_brunner","unbalanced n, larger n with larger SD",5,"1.0000, 1.4142, 2.0000, 2.2361","0, 0, 0, 0",0.0148023860732086,"0.5702, 0.5337, 0.4851, 0.4706",-9.99200722162641e-16
"typeI_brunner","unbalanced n, larger n with smaller SD",1,"2.2361, 2.0000, 1.4142, 1.0000","0, 0, 0, 0",2.41930525391055e-06,"0.4997, 0.4993, 0.5005, 0.5001",6.66133814775094e-16
"typeI_brunner","unbalanced n, larger n with smaller SD",2,"2.2361, 2.0000, 1.4142, 1.0000","0, 0, 0, 0",9.23399018573007e-07,"0.5003, 0.5002, 0.5002, 0.4996",1.22124532708767e-15
"typeI_brunner","unbalanced n, larger n with smaller SD",3,"2.2361, 2.0000, 1.4142, 1.0000","0, 0, 0, 0",0.000940700339311009,"0.4857, 0.4912, 0.4994, 0.5100",8.88178419700125e-16
"typeI_brunner","unbalanced n, larger n with smaller SD",4,"2.2361, 2.0000, 1.4142, 1.0000","0, 0, 0, 0",0.00443130625611585,"0.4721, 0.4778, 0.4996, 0.5215",-4.44089209850063e-16
"typeI_brunner","unbalanced n, larger n with smaller SD",5,"2.2361, 2.0000, 1.4142, 1.0000","0, 0, 0, 0",0.0183040189896243,"0.4427, 0.4559, 0.4983, 0.5440",6.66133814775094e-16
"brunner_onepoint_d050","balanced n, equal SD",1,"1.0, 1.0, 1.0, 1.0","0.00, 0.00, 0.00, 0.50",0.043097670300208,"0.4656, 0.4646, 0.4659, 0.6038",-1.38777878078145e-15
"brunner_onepoint_d050","balanced n, equal SD",2,"1.0, 1.0, 1.0, 1.0","0.00, 0.00, 0.00, 0.50",0.0668656824381368,"0.4574, 0.4566, 0.4567, 0.6293",0
"brunner_onepoint_d050","balanced n, equal SD",3,"1.0, 1.0, 1.0, 1.0","0.00, 0.00, 0.00, 0.50",0.0471151563972819,"0.4642, 0.4636, 0.4637, 0.6085",-2.22044604925031e-16
"brunner_onepoint_d050","balanced n, equal SD",4,"1.0, 1.0, 1.0, 1.0","0.00, 0.00, 0.00, 0.50",0.0517054892750367,"0.4624, 0.4620, 0.4619, 0.6137",-2.22044604925031e-16
"brunner_onepoint_d050","balanced n, equal SD",5,"1.0, 1.0, 1.0, 1.0","0.00, 0.00, 0.00, 0.50",0.0809949277328607,"0.4522, 0.4528, 0.4527, 0.6423",-7.7715611723761e-16
"brunner_onepoint_d050","unbalanced n, equal SD",1,"1.0, 1.0, 1.0, 1.0","0.00, 0.00, 0.00, 0.50",0.053370118162065,"0.4476, 0.4487, 0.4484, 0.5861",-2.77555756156289e-16
"brunner_onepoint_d050","unbalanced n, equal SD",2,"1.0, 1.0, 1.0, 1.0","0.00, 0.00, 0.00, 0.50",0.0819948585359314,"0.4346, 0.4377, 0.4354, 0.6067",-1.11022302462516e-16
"brunner_onepoint_d050","unbalanced n, equal SD",3,"1.0, 1.0, 1.0, 1.0","0.00, 0.00, 0.00, 0.50",0.0596063452186463,"0.4451, 0.4450, 0.4458, 0.5910",1.22124532708767e-15
"brunner_onepoint_d050","unbalanced n, equal SD",4,"1.0, 1.0, 1.0, 1.0","0.00, 0.00, 0.00, 0.50",0.0640894915190703,"0.4429, 0.4434, 0.4436, 0.5943",4.44089209850063e-16
"brunner_onepoint_d050","unbalanced n, equal SD",5,"1.0, 1.0, 1.0, 1.0","0.00, 0.00, 0.00, 0.50",0.100964051120059,"0.4284, 0.4299, 0.4286, 0.6184",2.22044604925031e-16
"brunner_onepoint_d050","balanced n, unequal SD",1,"1.0000, 1.4142, 2.0000, 2.2361","0.00, 0.00, 0.00, 0.50",0.0121151089666596,"0.4801, 0.4810, 0.4839, 0.5550",-2.22044604925031e-16
"brunner_onepoint_d050","balanced n, unequal SD",2,"1.0000, 1.4142, 2.0000, 2.2361","0.00, 0.00, 0.00, 0.50",0.0208147637048044,"0.4738, 0.4752, 0.4789, 0.5721",0
"brunner_onepoint_d050","balanced n, unequal SD",3,"1.0000, 1.4142, 2.0000, 2.2361","0.00, 0.00, 0.00, 0.50",0.0101598078009975,"0.4911, 0.4826, 0.4766, 0.5496",-2.22044604925031e-16
"brunner_onepoint_d050","balanced n, unequal SD",4,"1.0000, 1.4142, 2.0000, 2.2361","0.00, 0.00, 0.00, 0.50",0.00830675514632345,"0.5065, 0.4879, 0.4670, 0.5386",4.44089209850063e-16
"brunner_onepoint_d050","balanced n, unequal SD",5,"1.0000, 1.4142, 2.0000, 2.2361","0.00, 0.00, 0.00, 0.50",0.0153995986918097,"0.5310, 0.4894, 0.4459, 0.5337",2.22044604925031e-16
"brunner_onepoint_d050","unbalanced n, larger n with larger SD",1,"1.0000, 1.4142, 2.0000, 2.2361","0.00, 0.00, 0.00, 0.50",0.0146169815791441,"0.4691, 0.4724, 0.4750, 0.5450",-4.44089209850063e-16
"brunner_onepoint_d050","unbalanced n, larger n with larger SD",2,"1.0000, 1.4142, 2.0000, 2.2361","0.00, 0.00, 0.00, 0.50",0.0242259950838032,"0.4596, 0.4640, 0.4685, 0.5579",2.22044604925031e-16
"brunner_onepoint_d050","unbalanced n, larger n with larger SD",3,"1.0000, 1.4142, 2.0000, 2.2361","0.00, 0.00, 0.00, 0.50",0.0123965069324323,"0.4820, 0.4776, 0.4709, 0.5412",2.22044604925031e-16
"brunner_onepoint_d050","unbalanced n, larger n with larger SD",4,"1.0000, 1.4142, 2.0000, 2.2361","0.00, 0.00, 0.00, 0.50",0.0104279832691242,"0.5009, 0.4844, 0.4658, 0.5354",-4.9960036108132e-16
"brunner_onepoint_d050","unbalanced n, larger n with larger SD",5,"1.0000, 1.4142, 2.0000, 2.2361","0.00, 0.00, 0.00, 0.50",0.0154558119436126,"0.5315, 0.4945, 0.4497, 0.5327",2.22044604925031e-16
"brunner_onepoint_d050","unbalanced n, larger n with smaller SD",1,"2.2361, 2.0000, 1.4142, 1.0000","0.00, 0.00, 0.00, 0.50",0.0283241242433845,"0.4704, 0.4661, 0.4569, 0.5625",3.33066907387547e-16
"brunner_onepoint_d050","unbalanced n, larger n with smaller SD",2,"2.2361, 2.0000, 1.4142, 1.0000","0.00, 0.00, 0.00, 0.50",0.046512196543959,"0.4604, 0.4559, 0.4457, 0.5801",-4.44089209850063e-16
"brunner_onepoint_d050","unbalanced n, larger n with smaller SD",3,"2.2361, 2.0000, 1.4142, 1.0000","0.00, 0.00, 0.00, 0.50",0.0391073959829216,"0.4566, 0.4557, 0.4555, 0.5737",-4.9960036108132e-16
"brunner_onepoint_d050","unbalanced n, larger n with smaller SD",4,"2.2361, 2.0000, 1.4142, 1.0000","0.00, 0.00, 0.00, 0.50",0.053355741459542,"0.4416, 0.4441, 0.4542, 0.5859",2.22044604925031e-16
"brunner_onepoint_d050","unbalanced n, larger n with smaller SD",5,"2.2361, 2.0000, 1.4142, 1.0000","0.00, 0.00, 0.00, 0.50",0.0946691218635455,"0.4121, 0.4192, 0.4487, 0.6135",4.44089209850063e-16
