"design_set","design","omega_sq_regime","effect_size","shift_scale","omega_sq","group_mean_offsets","sd_per_group","n_vector","n_per_group","distribution","panel","skew","excess_kurtosis","fisher_power","welch_power","mean_power","rank_power","sw_power","gate_power","fisher_mc_se","welch_mc_se","mean_mc_se","rank_mc_se","sw_mc_se","gate_mc_se","route_fisher_probability","route_welch_probability","route_rank_probability"
"brunner","balanced n, equal SD","bal","one-point alternative: last group shifted by 0.50",1,0.0447761194029851,"0.00, 0.00, 0.00, 0.50","1.0, 1.0, 1.0, 1.0","10, 10, 10, 10",10,"normal",1,0,0,0.1674,0.158,0.17122,0.14862,0.15954,0.173,0.00166959420219405,0.00163117135825762,0.00168465849120823,0.00159079914256955,0.00163760183439077,0.00169157323223087,0.88854,0.0632,0.04826
"brunner","balanced n, equal SD","bal","one-point alternative: last group shifted by 0.50",1,0.0447761194029851,"0.00, 0.00, 0.00, 0.50","1.0, 1.0, 1.0, 1.0","10, 10, 10, 10",10,"F.P.",2,0,6,0.18244,0.18572,0.18638,0.22352,0.21814,0.22794,0.00172716905020904,0.00173912668658727,0.00174150794198591,0.0018631092807455,0.00184691602624483,0.00187607759114595,0.50618,0.04824,0.44558
"brunner","balanced n, equal SD","bal","one-point alternative: last group shifted by 0.50",1,0.0447761194029851,"0.00, 0.00, 0.00, 0.50","1.0, 1.0, 1.0, 1.0","10, 10, 10, 10",10,"F.P.",3,0.5,1,0.16592,0.15874,0.16952,0.15692,0.16612,0.17766,0.00166367396805985,0.00163426810774732,0.00167799266744524,0.00162662911322772,0.00166447676823679,0.00170936786210576,0.7582,0.06518,0.17662
"brunner","balanced n, equal SD","bal","one-point alternative: last group shifted by 0.50",1,0.0447761194029851,"0.00, 0.00, 0.00, 0.50","1.0, 1.0, 1.0, 1.0","10, 10, 10, 10",10,"F.P.",4,1,1.6,0.16824,0.16734,0.17222,0.16896,0.18116,0.1896,0.00167293336627613,0.00166935511141279,0.00168855128201663,0.00167578350869079,0.00172244625112077,0.00175300792924619,0.4896,0.07428,0.43612
"brunner","balanced n, equal SD","bal","one-point alternative: last group shifted by 0.50",1,0.0447761194029851,"0.00, 0.00, 0.00, 0.50","1.0, 1.0, 1.0, 1.0","10, 10, 10, 10",10,"F.P.",5,2,6.6,0.18094,0.20358,0.19164,0.26032,0.26506,0.26716,0.00172163129850732,0.00180075086339005,0.00176019379842107,0.00196241431711043,0.00197384496047689,0.00197881547598557,0.08022,0.04422,0.87556
"brunner","balanced n, equal SD","bal","one-point alternative: last group shifted by 0.50",1,0.0447761194029851,"0.00, 0.00, 0.00, 0.50","1.0, 1.0, 1.0, 1.0","20, 20, 20, 20",20,"normal",1,0,0,0.32594,0.31248,0.32704,0.30156,0.31456,0.32848,0.00209620188149901,0.0020728543103653,0.00209802210855844,0.00205242084573316,0.00207659339496205,0.00210038515325166,0.89716,0.05452,0.04832
"brunner","balanced n, equal SD","bal","one-point alternative: last group shifted by 0.50",1,0.0447761194029851,"0.00, 0.00, 0.00, 0.50","1.0, 1.0, 1.0, 1.0","20, 20, 20, 20",20,"F.P.",2,0,6,0.34748,0.35552,0.35146,0.46224,0.45606,0.4612,0.00212949594787123,0.0021406799368425,0.00213511530555144,0.00222968240967183,0.00222741678363076,0.00222932527909231,0.23656,0.01684,0.7466
"brunner","balanced n, equal SD","bal","one-point alternative: last group shifted by 0.50",1,0.0447761194029851,"0.00, 0.00, 0.00, 0.50","1.0, 1.0, 1.0, 1.0","20, 20, 20, 20",20,"F.P.",3,0.5,1,0.32294,0.3195,0.32588,0.32952,0.33696,0.34334,0.00209117075534257,0.00208528055666378,0.00209610221888151,0.00210207787486572,0.00211384937211713,0.00212347660406231,0.6357,0.04762,0.31668
"brunner","balanced n, equal SD","bal","one-point alternative: last group shifted by 0.50",1,0.0447761194029851,"0.00, 0.00, 0.00, 0.50","1.0, 1.0, 1.0, 1.0","20, 20, 20, 20",20,"F.P.",4,1,1.6,0.32138,0.32628,0.3266,0.35692,0.36426,0.36518,0.0020885157198355,0.00209676589823471,0.00209729559194692,0.00214255974759165,0.00215209039029498,0.00215324670021807,0.15852,0.02486,0.81662
"brunner","balanced n, equal SD","bal","one-point alternative: last group shifted by 0.50",1,0.0447761194029851,"0.00, 0.00, 0.00, 0.50","1.0, 1.0, 1.0, 1.0","20, 20, 20, 20",20,"F.P.",5,2,6.6,0.33684,0.3779,0.35604,0.56886,0.56884,0.56888,0.00211366418524798,0.00216837077087845,0.00214138048183876,0.0022147609369862,0.00221477337170194,0.0022147484985885,5e-04,0.00072,0.99878
"brunner","balanced n, equal SD","bal","one-point alternative: last group shifted by 0.50",1,0.0447761194029851,"0.00, 0.00, 0.00, 0.50","1.0, 1.0, 1.0, 1.0","30, 30, 30, 30",30,"normal",1,0,0,0.47528,0.46152,0.47522,0.4484,0.46272,0.47594,0.00223333347980099,0.00222943620496304,0.00223332018125481,0.00222412877325033,0.00222984394790308,0.00223347763096029,0.89704,0.05384,0.04912
"brunner","balanced n, equal SD","bal","one-point alternative: last group shifted by 0.50",1,0.0447761194029851,"0.00, 0.00, 0.00, 0.50","1.0, 1.0, 1.0, 1.0","30, 30, 30, 30",30,"F.P.",2,0,6,0.48914,0.50262,0.49272,0.65842,0.6542,0.65568,0.00223554047335314,0.00223603727875901,0.00223583094888679,0.00212086352036146,0.00212707479887286,0.00212491758710779,0.09922,0.00624,0.89454
"brunner","balanced n, equal SD","bal","one-point alternative: last group shifted by 0.50",1,0.0447761194029851,"0.00, 0.00, 0.00, 0.50","1.0, 1.0, 1.0, 1.0","30, 30, 30, 30",30,"F.P.",3,0.5,1,0.47156,0.47452,0.475,0.49132,0.497,0.50002,0.0022324478332091,0.00223316264342748,0.00223327114341273,0.00223573101065401,0.00223602772791395,0.00223606797571094,0.51614,0.03752,0.44634
"brunner","balanced n, equal SD","bal","one-point alternative: last group shifted by 0.50",1,0.0447761194029851,"0.00, 0.00, 0.00, 0.50","1.0, 1.0, 1.0, 1.0","30, 30, 30, 30",30,"F.P.",4,1,1.6,0.47742,0.49014,0.4835,0.53556,0.53716,0.53696,0.00223378666662687,0.00223563315595381,0.00223485010683043,0.00223040573169995,0.00222988400774569,0.00222995048554895,0.03602,0.00562,0.95836
"brunner","balanced n, equal SD","bal","one-point alternative: last group shifted by 0.50",1,0.0447761194029851,"0.00, 0.00, 0.00, 0.50","1.0, 1.0, 1.0, 1.0","30, 30, 30, 30",30,"F.P.",5,2,6.6,0.48758,0.54426,0.50888,0.7926,0.7926,0.7926,0.00223537801545958,0.00222729006822192,0.00223571530209014,0.00181320291197648,0.00181320291197648,0.00181320291197648,0,0,1
"brunner","balanced n, equal SD","bal","one-point alternative: last group shifted by 0.50",1,0.0447761194029851,"0.00, 0.00, 0.00, 0.50","1.0, 1.0, 1.0, 1.0","50, 50, 50, 50",50,"normal",1,0,0,0.71968,0.71276,0.7198,0.6931,0.71234,0.71898,0.0020086846322905,0.00202352752588147,0.00200842206719604,0.00206258279833804,0.00202440966407494,0.00201021272307186,0.89782,0.05214,0.05004
"brunner","balanced n, equal SD","bal","one-point alternative: last group shifted by 0.50",1,0.0447761194029851,"0.00, 0.00, 0.00, 0.50","1.0, 1.0, 1.0, 1.0","50, 50, 50, 50",50,"F.P.",2,0,6,0.7293,0.7321,0.73064,0.89058,0.89012,0.89012,0.00198706572613993,0.00198055340751013,0.00198396164479054,0.0013960463000918,0.00139861635626072,0.00139861635626072,0.01408,0.00068,0.98524
"brunner","balanced n, equal SD","bal","one-point alternative: last group shifted by 0.50",1,0.0447761194029851,"0.00, 0.00, 0.00, 0.50","1.0, 1.0, 1.0, 1.0","50, 50, 50, 50",50,"F.P.",3,0.5,1,0.72194,0.73058,0.72434,0.75104,0.7528,0.75248,0.00200370974145459,0.00198410112443897,0.00199835714725872,0.0019337989471504,0.00192920792036525,0.00193004585230507,0.33534,0.02246,0.6422
"brunner","balanced n, equal SD","bal","one-point alternative: last group shifted by 0.50",1,0.0447761194029851,"0.00, 0.00, 0.00, 0.50","1.0, 1.0, 1.0, 1.0","50, 50, 50, 50",50,"F.P.",4,1,1.6,0.72664,0.75022,0.7328,0.7998,0.79982,0.79988,0.00199315985510445,0.00193592330219975,0.00197890959874371,0.0017895248531384,0.00178945783744686,0.00178925674848525,9e-04,0.00032,0.99878
"brunner","balanced n, equal SD","bal","one-point alternative: last group shifted by 0.50",1,0.0447761194029851,"0.00, 0.00, 0.00, 0.50","1.0, 1.0, 1.0, 1.0","50, 50, 50, 50",50,"F.P.",5,2,6.6,0.7302,0.78934,0.7483,0.96698,0.96698,0.96698,0.0019849834256235,0.00182363573336344,0.00194086120060142,0.000799120511562556,0.000799120511562556,0.000799120511562556,0,0,1
"brunner","balanced n, equal SD","bal","one-point alternative: last group shifted by 0.50",1,0.0447761194029851,"0.00, 0.00, 0.00, 0.50","1.0, 1.0, 1.0, 1.0","100, 100, 100, 100",100,"normal",1,0,0,0.96308,0.96112,0.96322,0.95502,0.96102,0.96314,0.000843290146983824,0.000864503853085688,0.000841750932283416,0.000926895890593976,0.000865569865464366,0.000842630884788826,0.89882,0.04956,0.05162
"brunner","balanced n, equal SD","bal","one-point alternative: last group shifted by 0.50",1,0.0447761194029851,"0.00, 0.00, 0.00, 0.50","1.0, 1.0, 1.0, 1.0","100, 100, 100, 100",100,"F.P.",2,0,6,0.96186,0.95918,0.96148,0.99658,0.99658,0.99658,0.000856566873046115,0.000884914997047739,0.00086065335182058,0.000261086330549877,0.000261086330549877,0.000261086330549877,6e-05,0,0.99994
"brunner","balanced n, equal SD","bal","one-point alternative: last group shifted by 0.50",1,0.0447761194029851,"0.00, 0.00, 0.00, 0.50","1.0, 1.0, 1.0, 1.0","100, 100, 100, 100",100,"F.P.",3,0.5,1,0.96536,0.9692,0.96626,0.9747,0.975,0.97498,0.000817802792854121,0.000772675352266397,0.000807485137943727,0.000702280713105521,0.000698212002188447,0.000698484067105328,0.09492,0.00572,0.89936
"brunner","balanced n, equal SD","bal","one-point alternative: last group shifted by 0.50",1,0.0447761194029851,"0.00, 0.00, 0.00, 0.50","1.0, 1.0, 1.0, 1.0","100, 100, 100, 100",100,"F.P.",4,1,1.6,0.96486,0.9735,0.96718,0.98672,0.98672,0.98672,0.000823470465772756,0.000718300076569674,0.000796779111171973,0.000511930495282318,0.000511930495282318,0.000511930495282318,0,0,1
"brunner","balanced n, equal SD","bal","one-point alternative: last group shifted by 0.50",1,0.0447761194029851,"0.00, 0.00, 0.00, 0.50","1.0, 1.0, 1.0, 1.0","100, 100, 100, 100",100,"F.P.",5,2,6.6,0.96718,0.98312,0.9734,0.9999,0.9999,0.9999,0.000796779111171973,0.000576108767508359,0.000719617120418907,4.47191234261113e-05,4.47191234261113e-05,4.47191234261113e-05,0,0,1
"brunner","unbalanced n, equal SD","unbal","one-point alternative: last group shifted by 0.50",1,0.0553505535055351,"0.00, 0.00, 0.00, 0.50","1.0, 1.0, 1.0, 1.0","5, 8, 12, 15",10,"normal",1,0,0,0.20356,0.17084,0.20552,0.18264,0.17478,0.20776,0.00180068501632018,0.00168317375454823,0.00180710558407637,0.00172790410845047,0.00169842251280416,0.00181436370334065,0.88306,0.06908,0.04786
"brunner","unbalanced n, equal SD","unbal","one-point alternative: last group shifted by 0.50",1,0.0553505535055351,"0.00, 0.00, 0.00, 0.50","1.0, 1.0, 1.0, 1.0","5, 8, 12, 15",10,"F.P.",2,0,6,0.223,0.19002,0.22082,0.2789,0.24834,0.27764,0.00186156385869516,0.00175449365687084,0.00185503923193015,0.0020055662043423,0.00193218655621035,0.00200277822237012,0.50352,0.05066,0.44582
"brunner","unbalanced n, equal SD","unbal","one-point alternative: last group shifted by 0.50",1,0.0553505535055351,"0.00, 0.00, 0.00, 0.50","1.0, 1.0, 1.0, 1.0","5, 8, 12, 15",10,"F.P.",3,0.5,1,0.20236,0.1854,0.20582,0.19916,0.19484,0.216,0.00179672162785447,0.00173796915968034,0.00180808256227419,0.00178603076345286,0.0017713123631929,0.00184034779321736,0.75776,0.07102,0.17122
"brunner","unbalanced n, equal SD","unbal","one-point alternative: last group shifted by 0.50",1,0.0553505535055351,"0.00, 0.00, 0.00, 0.50","1.0, 1.0, 1.0, 1.0","5, 8, 12, 15",10,"F.P.",4,1,1.6,0.20426,0.2156,0.21112,0.22212,0.23268,0.23694,0.00180298559284316,0.00183911195961529,0.00182509367211658,0.0018589389747918,0.00188965614649862,0.00190157532798467,0.48966,0.07474,0.4356
"brunner","unbalanced n, equal SD","unbal","one-point alternative: last group shifted by 0.50",1,0.0553505535055351,"0.00, 0.00, 0.00, 0.50","1.0, 1.0, 1.0, 1.0","5, 8, 12, 15",10,"F.P.",5,2,6.6,0.21586,0.28776,0.24118,0.35602,0.3603,0.35988,0.0018399155437139,0.00202461938348915,0.00191317645605417,0.00214135358873774,0.00214701611544953,0.00214646866084739,0.08038,0.04228,0.87734
"brunner","unbalanced n, equal SD","unbal","one-point alternative: last group shifted by 0.50",1,0.0553505535055351,"0.00, 0.00, 0.00, 0.50","1.0, 1.0, 1.0, 1.0","10, 16, 24, 30",20,"normal",1,0,0,0.39606,0.36472,0.39678,0.37246,0.36794,0.3985,0.00218721958842728,0.00215266960586152,0.00218790142191096,0.00216209874150095,0.00215666481586732,0.00218951021920429,0.89534,0.05624,0.04842
"brunner","unbalanced n, equal SD","unbal","one-point alternative: last group shifted by 0.50",1,0.0553505535055351,"0.00, 0.00, 0.00, 0.50","1.0, 1.0, 1.0, 1.0","10, 16, 24, 30",20,"F.P.",2,0,6,0.41788,0.40818,0.41988,0.56222,0.5489,0.55726,0.00220570308790644,0.00219804043456894,0.00220717369321039,0.00221868732181892,0.00222534846709454,0.00222135675837989,0.232,0.01848,0.74952
"brunner","unbalanced n, equal SD","unbal","one-point alternative: last group shifted by 0.50",1,0.0553505535055351,"0.00, 0.00, 0.00, 0.50","1.0, 1.0, 1.0, 1.0","10, 16, 24, 30",20,"F.P.",3,0.5,1,0.39788,0.38962,0.40228,0.41266,0.41044,0.42378,0.00218893355586687,0.00218090006923747,0.00219294688307765,0.0022016890080118,0.00219990457247582,0.00220993444065655,0.62838,0.05046,0.32116
"brunner","unbalanced n, equal SD","unbal","one-point alternative: last group shifted by 0.50",1,0.0553505535055351,"0.00, 0.00, 0.00, 0.50","1.0, 1.0, 1.0, 1.0","10, 16, 24, 30",20,"F.P.",4,1,1.6,0.40346,0.41816,0.4116,0.45544,0.46128,0.46206,0.00219399192523582,0.00220591121489511,0.00220084274767644,0.0022271704308382,0.00222935309720107,0.00222962129699194,0.16128,0.02668,0.81204
"brunner","unbalanced n, equal SD","unbal","one-point alternative: last group shifted by 0.50",1,0.0553505535055351,"0.00, 0.00, 0.00, 0.50","1.0, 1.0, 1.0, 1.0","10, 16, 24, 30",20,"F.P.",5,2,6.6,0.41484,0.48944,0.44032,0.68816,0.68826,0.68824,0.00220339635290612,0.00223556921789508,0.00222008242009165,0.00207169406235573,0.00207151235767494,0.00207154870760984,0.00086,0.00082,0.99832
"brunner","unbalanced n, equal SD","unbal","one-point alternative: last group shifted by 0.50",1,0.0553505535055351,"0.00, 0.00, 0.00, 0.50","1.0, 1.0, 1.0, 1.0","15, 24, 36, 45",30,"normal",1,0,0,0.57598,0.55066,0.57646,0.54922,0.55258,0.5775,0.00221009972444684,0.00222456092027168,0.00220976862318207,0.00222520736831424,0.00222366968590211,0.00220904391083564,0.89464,0.05552,0.04984
"brunner","unbalanced n, equal SD","unbal","one-point alternative: last group shifted by 0.50",1,0.0553505535055351,"0.00, 0.00, 0.00, 0.50","1.0, 1.0, 1.0, 1.0","15, 24, 36, 45",30,"F.P.",2,0,6,0.58938,0.58884,0.5927,0.76896,0.76304,0.7645,0.00220005097940934,0.00220048837488408,0.00219730157238373,0.0018849961188289,0.00190163066024925,0.0018975760854311,0.1002,0.00696,0.89284
"brunner","unbalanced n, equal SD","unbal","one-point alternative: last group shifted by 0.50",1,0.0553505535055351,"0.00, 0.00, 0.00, 0.50","1.0, 1.0, 1.0, 1.0","15, 24, 36, 45",30,"F.P.",3,0.5,1,0.57712,0.57254,0.58038,0.60152,0.60056,0.60772,0.0022093098723357,0.00221241021693537,0.00220698461979235,0.00218949167433905,0.00219037753092931,0.00218355857077386,0.5174,0.0378,0.4448
"brunner","unbalanced n, equal SD","unbal","one-point alternative: last group shifted by 0.50",1,0.0553505535055351,"0.00, 0.00, 0.00, 0.50","1.0, 1.0, 1.0, 1.0","15, 24, 36, 45",30,"F.P.",4,1,1.6,0.58512,0.60312,0.59324,0.65356,0.65508,0.65464,0.00220342726496701,0.0021879957294291,0.00219684456619033,0.00212800059398488,0.00212579488003899,0.00212643584619899,0.03708,0.00644,0.95648
"brunner","unbalanced n, equal SD","unbal","one-point alternative: last group shifted by 0.50",1,0.0553505535055351,"0.00, 0.00, 0.00, 0.50","1.0, 1.0, 1.0, 1.0","15, 24, 36, 45",30,"F.P.",5,2,6.6,0.59656,0.65998,0.61656,0.87722,0.87722,0.87722,0.00219397432254801,0.00211852023639143,0.00217445977842774,0.00146768574020463,0.00146768574020463,0.00146768574020463,0,2e-05,0.99998
"brunner","unbalanced n, equal SD","unbal","one-point alternative: last group shifted by 0.50",1,0.0553505535055351,"0.00, 0.00, 0.00, 0.50","1.0, 1.0, 1.0, 1.0","25, 40, 60, 75",50,"normal",1,0,0,0.8229,0.81134,0.82268,0.80032,0.8116,0.82242,0.001707252705372,0.00174967085133176,0.00170808441009219,0.00178778017440624,0.00174874492136503,0.00170906608181193,0.90182,0.04908,0.0491
"brunner","unbalanced n, equal SD","unbal","one-point alternative: last group shifted by 0.50",1,0.0553505535055351,"0.00, 0.00, 0.00, 0.50","1.0, 1.0, 1.0, 1.0","25, 40, 60, 75",50,"F.P.",2,0,6,0.82494,0.82622,0.82612,0.9504,0.95,0.95006,0.00169949402117218,0.00169458261291682,0.00169496752535262,0.000970977239692054,0.000974679434480897,0.000974125211664291,0.01388,0.00068,0.98544
"brunner","unbalanced n, equal SD","unbal","one-point alternative: last group shifted by 0.50",1,0.0553505535055351,"0.00, 0.00, 0.00, 0.50","1.0, 1.0, 1.0, 1.0","25, 40, 60, 75",50,"F.P.",3,0.5,1,0.8234,0.82542,0.82544,0.84664,0.84718,0.8483,0.00170535884786751,0.00169765617013576,0.0016975794909223,0.00161146337470015,0.0016091367101648,0.00160428868973137,0.33696,0.0236,0.63944
"brunner","unbalanced n, equal SD","unbal","one-point alternative: last group shifted by 0.50",1,0.0553505535055351,"0.00, 0.00, 0.00, 0.50","1.0, 1.0, 1.0, 1.0","25, 40, 60, 75",50,"F.P.",4,1,1.6,0.82584,0.83882,0.82998,0.88654,0.88656,0.88654,0.0016960441881036,0.00164439051079724,0.00167995952094091,0.00141835699596399,0.00141824797831691,0.00141835699596399,0.00088,2e-04,0.99892
"brunner","unbalanced n, equal SD","unbal","one-point alternative: last group shifted by 0.50",1,0.0553505535055351,"0.00, 0.00, 0.00, 0.50","1.0, 1.0, 1.0, 1.0","25, 40, 60, 75",50,"F.P.",5,2,6.6,0.82998,0.86834,0.84238,0.98728,0.98728,0.98728,0.00167995952094091,0.00151212198185199,0.00162957623694014,0.00050116268017481,0.00050116268017481,0.00050116268017481,0,0,1
"brunner","unbalanced n, equal SD","unbal","one-point alternative: last group shifted by 0.50",1,0.0553505535055351,"0.00, 0.00, 0.00, 0.50","1.0, 1.0, 1.0, 1.0","50, 80, 120, 150",100,"normal",1,0,0,0.98904,0.98854,0.98908,0.98568,0.98842,0.98896,0.000465615257481968,0.000475997235286089,0.000464774216152317,0.000531317938714664,0.000478453834763607,0.000467292593564247,0.89834,0.05056,0.0511
"brunner","unbalanced n, equal SD","unbal","one-point alternative: last group shifted by 0.50",1,0.0553505535055351,"0.00, 0.00, 0.00, 0.50","1.0, 1.0, 1.0, 1.0","50, 80, 120, 150",100,"F.P.",2,0,6,0.98684,0.98696,0.98698,0.99974,0.99974,0.99974,0.000509643294864162,0.000507345215804782,0.000506961134605011,7.21016504665515e-05,7.21016504665515e-05,7.21016504665515e-05,6e-05,0,0.99994
"brunner","unbalanced n, equal SD","unbal","one-point alternative: last group shifted by 0.50",1,0.0553505535055351,"0.00, 0.00, 0.00, 0.50","1.0, 1.0, 1.0, 1.0","50, 80, 120, 150",100,"F.P.",3,0.5,1,0.98956,0.99028,0.98976,0.99348,0.9934,0.99342,0.000454554867975253,0.000438760107575881,0.00045022533025142,0.000359930259911555,0.000362117108129402,0.000361571669244149,0.0923,0.00602,0.90168
"brunner","unbalanced n, equal SD","unbal","one-point alternative: last group shifted by 0.50",1,0.0553505535055351,"0.00, 0.00, 0.00, 0.50","1.0, 1.0, 1.0, 1.0","50, 80, 120, 150",100,"F.P.",4,1,1.6,0.98994,0.99164,0.9906,0.9964,0.9964,0.9964,0.000446291303970847,0.000407188172716252,0.000431546984695756,0.000267844731141012,0.000267844731141012,0.000267844731141012,0,0,1
"brunner","unbalanced n, equal SD","unbal","one-point alternative: last group shifted by 0.50",1,0.0553505535055351,"0.00, 0.00, 0.00, 0.50","1.0, 1.0, 1.0, 1.0","50, 80, 120, 150",100,"F.P.",5,2,6.6,0.98852,0.99312,0.99112,0.99996,0.99996,0.99996,0.000476407590199821,0.000369666487526257,0.00041955084554795,2.82837055563941e-05,2.82837055563941e-05,2.82837055563941e-05,0,0,1
"brunner","balanced n, unequal SD","het","one-point alternative: last group shifted by 0.50",1,0.0110935023771791,"0.00, 0.00, 0.00, 0.50","1.0000, 1.4142, 2.0000, 2.2361","10, 10, 10, 10",10,"normal",1,0,0,0.0996,0.07394,0.09488,0.0806,0.07874,0.09872,0.00133925232872674,0.00117023823557428,0.00131055549748952,0.00121740412353499,0.00120449169694108,0.00133397422463854,0.48642,0.3983,0.11528
"brunner","balanced n, unequal SD","het","one-point alternative: last group shifted by 0.50",1,0.0110935023771791,"0.00, 0.00, 0.00, 0.50","1.0000, 1.4142, 2.0000, 2.2361","10, 10, 10, 10",10,"F.P.",2,0,6,0.09988,0.06906,0.08812,0.09998,0.09428,0.10776,0.00134092494644555,0.001133937532671,0.00126771341871892,0.0013415215212586,0.00130683802821926,0.00138670676352284,0.30822,0.13992,0.55186
"brunner","balanced n, unequal SD","het","one-point alternative: last group shifted by 0.50",1,0.0110935023771791,"0.00, 0.00, 0.00, 0.50","1.0000, 1.4142, 2.0000, 2.2361","10, 10, 10, 10",10,"F.P.",3,0.5,1,0.09332,0.06826,0.0834,0.07478,0.07514,0.08814,0.00130085646863903,0.0011278348496123,0.00123648243012184,0.00117633287465751,0.00117893155356874,0.00126784336887488,0.425,0.31602,0.25898
"brunner","balanced n, unequal SD","het","one-point alternative: last group shifted by 0.50",1,0.0110935023771791,"0.00, 0.00, 0.00, 0.50","1.0000, 1.4142, 2.0000, 2.2361","10, 10, 10, 10",10,"F.P.",4,1,1.6,0.08936,0.06912,0.07842,0.07246,0.07626,0.08366,0.00127573343924191,0.00113439345555235,0.00120225041983773,0.00115939249954448,0.00118696598434833,0.00123823264696098,0.29014,0.27452,0.43534
"brunner","balanced n, unequal SD","het","one-point alternative: last group shifted by 0.50",1,0.0110935023771791,"0.00, 0.00, 0.00, 0.50","1.0000, 1.4142, 2.0000, 2.2361","10, 10, 10, 10",10,"F.P.",5,2,6.6,0.08146,0.07348,0.07306,0.08758,0.09174,0.09356,0.0012233091874093,0.00116688208144611,0.00116380613849558,0.00126419732320552,0.00129092038794033,0.00130235576091942,0.06002,0.09456,0.84542
"brunner","balanced n, unequal SD","het","one-point alternative: last group shifted by 0.50",1,0.0110935023771791,"0.00, 0.00, 0.00, 0.50","1.0000, 1.4142, 2.0000, 2.2361","20, 20, 20, 20",20,"normal",1,0,0,0.14268,0.10492,0.1129,0.11976,0.1152,0.12182,0.00156411264044505,0.0013704874578047,0.00141529919098401,0.00145201613214179,0.00142778821959001,0.00146273639183552,0.15474,0.66278,0.18248
"brunner","balanced n, unequal SD","het","one-point alternative: last group shifted by 0.50",1,0.0110935023771791,"0.00, 0.00, 0.00, 0.50","1.0000, 1.4142, 2.0000, 2.2361","20, 20, 20, 20",20,"F.P.",2,0,6,0.15198,0.11098,0.12546,0.1692,0.16908,0.17168,0.00160550353222906,0.00140473086105489,0.00148134930654454,0.0016767311054549,0.00167625745993866,0.00168645176391144,0.06544,0.07426,0.8603
"brunner","balanced n, unequal SD","het","one-point alternative: last group shifted by 0.50",1,0.0110935023771791,"0.00, 0.00, 0.00, 0.50","1.0000, 1.4142, 2.0000, 2.2361","20, 20, 20, 20",20,"F.P.",3,0.5,1,0.13708,0.0956,0.10454,0.10504,0.1066,0.11182,0.00153810970740061,0.00131499536120855,0.00136829374331684,0.00137117904301371,0.00138011912529318,0.00140937069360761,0.12812,0.39652,0.47536
"brunner","balanced n, unequal SD","het","one-point alternative: last group shifted by 0.50",1,0.0110935023771791,"0.00, 0.00, 0.00, 0.50","1.0000, 1.4142, 2.0000, 2.2361","20, 20, 20, 20",20,"F.P.",4,1,1.6,0.12776,0.09102,0.09636,0.095,0.09956,0.10086,0.0014928990749545,0.00128635422493184,0.00131965715547638,0.00131129706779204,0.00133901311718743,0.00134675358102364,0.04544,0.19052,0.76404
"brunner","balanced n, unequal SD","het","one-point alternative: last group shifted by 0.50",1,0.0110935023771791,"0.00, 0.00, 0.00, 0.50","1.0000, 1.4142, 2.0000, 2.2361","20, 20, 20, 20",20,"F.P.",5,2,6.6,0.1269,0.09774,0.09766,0.13444,0.13502,0.13506,0.00148859927448592,0.00132805792343557,0.00132757315730622,0.00152555489183444,0.00152832980472148,0.00152852083008378,0.00048,0.00472,0.9948
"brunner","balanced n, unequal SD","het","one-point alternative: last group shifted by 0.50",1,0.0110935023771791,"0.00, 0.00, 0.00, 0.50","1.0000, 1.4142, 2.0000, 2.2361","30, 30, 30, 30",30,"normal",1,0,0,0.18634,0.13446,0.13656,0.15546,0.15062,0.15214,0.00174136385858901,0.00152565073591566,0.00153565208559752,0.00162044554613847,0.00159958504369102,0.0016061968770982,0.03126,0.71628,0.25246
"brunner","balanced n, unequal SD","het","one-point alternative: last group shifted by 0.50",1,0.0110935023771791,"0.00, 0.00, 0.00, 0.50","1.0000, 1.4142, 2.0000, 2.2361","30, 30, 30, 30",30,"F.P.",2,0,6,0.19582,0.14546,0.15514,0.23226,0.23216,0.23276,0.00177468040841161,0.00157671423155878,0.00161908357041877,0.00188846653346042,0.0018881829063944,0.00188988244290485,0.01186,0.02678,0.96136
"brunner","balanced n, unequal SD","het","one-point alternative: last group shifted by 0.50",1,0.0110935023771791,"0.00, 0.00, 0.00, 0.50","1.0000, 1.4142, 2.0000, 2.2361","30, 30, 30, 30",30,"F.P.",3,0.5,1,0.18112,0.12876,0.13196,0.13672,0.13906,0.14048,0.00172229814840521,0.00149787090498481,0.00151358223033967,0.00153640907052777,0.00154739986041101,0.00155399723037076,0.02864,0.33526,0.6361
"brunner","balanced n, unequal SD","het","one-point alternative: last group shifted by 0.50",1,0.0110935023771791,"0.00, 0.00, 0.00, 0.50","1.0000, 1.4142, 2.0000, 2.2361","30, 30, 30, 30",30,"F.P.",4,1,1.6,0.17552,0.1216,0.12352,0.12216,0.12468,0.12496,0.00170125089037449,0.00146159802955532,0.00147148095196642,0.00146449263842465,0.0014773956653517,0.00147881708402358,0.0045,0.07842,0.91708
"brunner","balanced n, unequal SD","het","one-point alternative: last group shifted by 0.50",1,0.0110935023771791,"0.00, 0.00, 0.00, 0.50","1.0000, 1.4142, 2.0000, 2.2361","30, 30, 30, 30",30,"F.P.",5,2,6.6,0.17118,0.12492,0.12558,0.18176,0.18176,0.18176,0.00168450234550148,0.0014786141727983,0.00148195589408052,0.00172466403916821,0.00172466403916821,0.00172466403916821,0,0.00014,0.99986
"brunner","balanced n, unequal SD","het","one-point alternative: last group shifted by 0.50",1,0.0110935023771791,"0.00, 0.00, 0.00, 0.50","1.0000, 1.4142, 2.0000, 2.2361","50, 50, 50, 50",50,"normal",1,0,0,0.28216,0.20454,0.2046,0.23238,0.22912,0.22912,0.00201268842298057,0.00180390348078826,0.00180409999722853,0.00188880668995003,0.0018794894285417,0.0018794894285417,0.00054,0.61462,0.38484
"brunner","balanced n, unequal SD","het","one-point alternative: last group shifted by 0.50",1,0.0110935023771791,"0.00, 0.00, 0.00, 0.50","1.0000, 1.4142, 2.0000, 2.2361","50, 50, 50, 50",50,"F.P.",2,0,6,0.29274,0.22212,0.22426,0.37282,0.37284,0.37286,0.00203491175435202,0.0018589389747918,0.00186530132900827,0.00216252282115126,0.00216254634354966,0.0021625698619929,2e-04,0.00196,0.99784
"brunner","balanced n, unequal SD","het","one-point alternative: last group shifted by 0.50",1,0.0110935023771791,"0.00, 0.00, 0.00, 0.50","1.0000, 1.4142, 2.0000, 2.2361","50, 50, 50, 50",50,"F.P.",3,0.5,1,0.27792,0.20216,0.20242,0.20498,0.20638,0.20646,0.00200339947888583,0.00179605865383066,0.00179692038554856,0.00180534317845666,0.00180990218299222,0.00181016169664481,0.00076,0.15254,0.8467
"brunner","balanced n, unequal SD","het","one-point alternative: last group shifted by 0.50",1,0.0110935023771791,"0.00, 0.00, 0.00, 0.50","1.0000, 1.4142, 2.0000, 2.2361","50, 50, 50, 50",50,"F.P.",4,1,1.6,0.27082,0.19314,0.19322,0.17524,0.17546,0.17546,0.00198734258546432,0.00176542878870828,0.00176570683636894,0.00170018200437483,0.00170102197751822,0.00170102197751822,2e-05,0.0075,0.99248
"brunner","balanced n, unequal SD","het","one-point alternative: last group shifted by 0.50",1,0.0110935023771791,"0.00, 0.00, 0.00, 0.50","1.0000, 1.4142, 2.0000, 2.2361","50, 50, 50, 50",50,"F.P.",5,2,6.6,0.26968,0.1953,0.19552,0.28148,0.28148,0.28148,0.0019847050037726,0.00177289542838826,0.00177365120359106,0.002011213611728,0.002011213611728,0.002011213611728,0,0,1
"brunner","balanced n, unequal SD","het","one-point alternative: last group shifted by 0.50",1,0.0110935023771791,"0.00, 0.00, 0.00, 0.50","1.0000, 1.4142, 2.0000, 2.2361","100, 100, 100, 100",100,"normal",1,0,0,0.50214,0.39304,0.39304,0.42936,0.42758,0.42758,0.00223604749681218,0.00218430564894202,0.00218430564894202,0.00221363949368455,0.0022124888411018,0.0022124888411018,0,0.33426,0.66574
"brunner","balanced n, unequal SD","het","one-point alternative: last group shifted by 0.50",1,0.0110935023771791,"0.00, 0.00, 0.00, 0.50","1.0000, 1.4142, 2.0000, 2.2361","100, 100, 100, 100",100,"F.P.",2,0,6,0.50836,0.41024,0.41026,0.6581,0.6581,0.6581,0.0022357553998593,0.0021997415411816,0.00219975786122018,0.00212134103811716,0.00212134103811716,0.00212134103811716,0,0,1
"brunner","balanced n, unequal SD","het","one-point alternative: last group shifted by 0.50",1,0.0110935023771791,"0.00, 0.00, 0.00, 0.50","1.0000, 1.4142, 2.0000, 2.2361","100, 100, 100, 100",100,"F.P.",3,0.5,1,0.49836,0.38972,0.38972,0.36442,0.36456,0.36456,0.00223605594921057,0.00218100124529997,0.00218100124529997,0.00215229209727676,0.00215246838025556,0.00215246838025556,0,0.01206,0.98794
"brunner","balanced n, unequal SD","het","one-point alternative: last group shifted by 0.50",1,0.0110935023771791,"0.00, 0.00, 0.00, 0.50","1.0000, 1.4142, 2.0000, 2.2361","100, 100, 100, 100",100,"F.P.",4,1,1.6,0.49546,0.39086,0.39086,0.3103,0.3103,0.3103,0.00223597579772233,0.00218214784283742,0.00218214784283742,0.00206888332198798,0.00206888332198798,0.00206888332198798,0,2e-05,0.99998
"brunner","balanced n, unequal SD","het","one-point alternative: last group shifted by 0.50",1,0.0110935023771791,"0.00, 0.00, 0.00, 0.50","1.0000, 1.4142, 2.0000, 2.2361","100, 100, 100, 100",100,"F.P.",5,2,6.6,0.49382,0.3935,0.3935,0.51502,0.51502,0.51502,0.00223589716937072,0.00218475513502086,0.00218475513502086,0.00223505883412495,0.00223505883412495,0.00223505883412495,0,0,1
"brunner","unbalanced n, larger n with larger SD","het","one-point alternative: last group shifted by 0.50",1,0.0147783251231527,"0.00, 0.00, 0.00, 0.50","1.0000, 1.4142, 2.0000, 2.2361","5, 8, 12, 15",10,"normal",1,0,0,0.0584,0.07692,0.07114,0.05726,0.07782,0.07362,0.00104870815768735,0.00119166533557035,0.00114960080375755,0.00103905045498282,0.00119803211643094,0.00116790492421258,0.70194,0.21748,0.08058
"brunner","unbalanced n, larger n with larger SD","het","one-point alternative: last group shifted by 0.50",1,0.0147783251231527,"0.00, 0.00, 0.00, 0.50","1.0000, 1.4142, 2.0000, 2.2361","5, 8, 12, 15",10,"F.P.",2,0,6,0.06288,0.07218,0.06764,0.08314,0.08488,0.088,0.00108559758290077,0.00115732491202773,0.001123074622632,0.00123472863739366,0.00124639789473506,0.00126693330526907,0.39642,0.07692,0.52666
"brunner","unbalanced n, larger n with larger SD","het","one-point alternative: last group shifted by 0.50",1,0.0147783251231527,"0.00, 0.00, 0.00, 0.50","1.0000, 1.4142, 2.0000, 2.2361","5, 8, 12, 15",10,"F.P.",3,0.5,1,0.05506,0.07808,0.0686,0.05566,0.07652,0.0722,0.00102008231432566,0.00119986260546781,0.00113043389899631,0.00102529960889488,0.00118882033629981,0.00115747276425841,0.5978,0.17686,0.22534
"brunner","unbalanced n, larger n with larger SD","het","one-point alternative: last group shifted by 0.50",1,0.0147783251231527,"0.00, 0.00, 0.00, 0.50","1.0000, 1.4142, 2.0000, 2.2361","5, 8, 12, 15",10,"F.P.",4,1,1.6,0.04982,0.0794,0.06662,0.05054,0.07344,0.06874,0.000973015596997294,0.00120909586055035,0.00111518407090489,0.000979650023222579,0.00116658961421744,0.00113150176668002,0.39084,0.16516,0.444
"brunner","unbalanced n, larger n with larger SD","het","one-point alternative: last group shifted by 0.50",1,0.0147783251231527,"0.00, 0.00, 0.00, 0.50","1.0000, 1.4142, 2.0000, 2.2361","5, 8, 12, 15",10,"F.P.",5,2,6.6,0.04966,0.08282,0.0675,0.06334,0.0724,0.07224,0.000971533678263394,0.001232565191785,0.00112199598929764,0.00108929375652301,0.00115894986949393,0.00115776839134604,0.06958,0.05992,0.8705
"brunner","unbalanced n, larger n with larger SD","het","one-point alternative: last group shifted by 0.50",1,0.0147783251231527,"0.00, 0.00, 0.00, 0.50","1.0000, 1.4142, 2.0000, 2.2361","10, 16, 24, 30",20,"normal",1,0,0,0.0974,0.11688,0.11582,0.097,0.11938,0.11926,0.00132599577676552,0.00143679550110654,0.00143112352786194,0.00132356337211333,0.00145002355567073,0.00144939333791763,0.36756,0.52184,0.1106
"brunner","unbalanced n, larger n with larger SD","het","one-point alternative: last group shifted by 0.50",1,0.0147783251231527,"0.00, 0.00, 0.00, 0.50","1.0000, 1.4142, 2.0000, 2.2361","10, 16, 24, 30",20,"F.P.",2,0,6,0.10288,0.12216,0.11254,0.15214,0.15516,0.15528,0.00135864421832943,0.00146449263842465,0.00141332762231551,0.0016061968770982,0.00161916876452086,0.00161967973130493,0.11302,0.05468,0.8323
"brunner","unbalanced n, larger n with larger SD","het","one-point alternative: last group shifted by 0.50",1,0.0147783251231527,"0.00, 0.00, 0.00, 0.50","1.0000, 1.4142, 2.0000, 2.2361","10, 16, 24, 30",20,"F.P.",3,0.5,1,0.0954,0.12072,0.11708,0.09132,0.1112,0.11076,0.00131376436243339,0.00145702904295007,0.00143786142308638,0.00128825973778582,0.00140594850545815,0.00140351147056232,0.27242,0.3181,0.40948
"brunner","unbalanced n, larger n with larger SD","het","one-point alternative: last group shifted by 0.50",1,0.0147783251231527,"0.00, 0.00, 0.00, 0.50","1.0000, 1.4142, 2.0000, 2.2361","10, 16, 24, 30",20,"F.P.",4,1,1.6,0.09216,0.12738,0.12338,0.0804,0.096,0.0953,0.00129357283830482,0.00149100191549173,0.00147076426119212,0.00121602499974302,0.00131745208641529,0.00131314820184167,0.08052,0.14024,0.77924
"brunner","unbalanced n, larger n with larger SD","het","one-point alternative: last group shifted by 0.50",1,0.0147783251231527,"0.00, 0.00, 0.00, 0.50","1.0000, 1.4142, 2.0000, 2.2361","10, 16, 24, 30",20,"F.P.",5,2,6.6,0.08486,0.13508,0.12712,0.10402,0.1045,0.10448,0.00124626466210031,0.0015286163259628,0.00148970134993562,0.00136528267842231,0.00136806249857234,0.00136794685276878,0.00074,0.00262,0.99664
"brunner","unbalanced n, larger n with larger SD","het","one-point alternative: last group shifted by 0.50",1,0.0147783251231527,"0.00, 0.00, 0.00, 0.50","1.0000, 1.4142, 2.0000, 2.2361","15, 24, 36, 45",30,"normal",1,0,0,0.14428,0.16692,0.16666,0.14372,0.1699,0.1695,0.00157138971359749,0.00166767930730102,0.00166663999951999,0.00156885028986197,0.00167948795768234,0.00167791388336827,0.13932,0.72536,0.13532
"brunner","unbalanced n, larger n with larger SD","het","one-point alternative: last group shifted by 0.50",1,0.0147783251231527,"0.00, 0.00, 0.00, 0.50","1.0000, 1.4142, 2.0000, 2.2361","15, 24, 36, 45",30,"F.P.",2,0,6,0.15302,0.18052,0.16914,0.23718,0.23866,0.23888,0.00160999925217374,0.00172007284496907,0.00167649432089703,0.00190223893136483,0.00190631269418215,0.00190691554925749,0.0258,0.02734,0.94686
"brunner","unbalanced n, larger n with larger SD","het","one-point alternative: last group shifted by 0.50",1,0.0147783251231527,"0.00, 0.00, 0.00, 0.50","1.0000, 1.4142, 2.0000, 2.2361","15, 24, 36, 45",30,"F.P.",3,0.5,1,0.13964,0.16812,0.1672,0.12826,0.14632,0.14658,0.00155010109605793,0.00167245726761553,0.00166879693192431,0.00149538872805702,0.00158057241276697,0.00158173514597103,0.09654,0.3419,0.56156
"brunner","unbalanced n, larger n with larger SD","het","one-point alternative: last group shifted by 0.50",1,0.0147783251231527,"0.00, 0.00, 0.00, 0.50","1.0000, 1.4142, 2.0000, 2.2361","15, 24, 36, 45",30,"F.P.",4,1,1.6,0.133,0.1718,0.17212,0.10764,0.11426,0.11446,0.00151862437752066,0.00168691884807776,0.00168816294000313,0.00138602763608811,0.00142270624093662,0.00142379007160466,0.0117,0.06032,0.92798
"brunner","unbalanced n, larger n with larger SD","het","one-point alternative: last group shifted by 0.50",1,0.0147783251231527,"0.00, 0.00, 0.00, 0.50","1.0000, 1.4142, 2.0000, 2.2361","15, 24, 36, 45",30,"F.P.",5,2,6.6,0.1284,0.1872,0.18508,0.15254,0.15254,0.15254,0.00149608448959275,0.00174445498652158,0.00173680968214713,0.00160792753816831,0.00160792753816831,0.00160792753816831,0,2e-05,0.99998
"brunner","unbalanced n, larger n with larger SD","het","one-point alternative: last group shifted by 0.50",1,0.0147783251231527,"0.00, 0.00, 0.00, 0.50","1.0000, 1.4142, 2.0000, 2.2361","25, 40, 60, 75",50,"normal",1,0,0,0.2401,0.26324,0.26318,0.23324,0.26578,0.26572,0.00191024600509987,0.00196949080932103,0.0019693465291817,0.00189123823142406,0.00197555557552806,0.00197541328131609,0.01062,0.80076,0.18862
"brunner","unbalanced n, larger n with larger SD","het","one-point alternative: last group shifted by 0.50",1,0.0147783251231527,"0.00, 0.00, 0.00, 0.50","1.0000, 1.4142, 2.0000, 2.2361","25, 40, 60, 75",50,"F.P.",2,0,6,0.24912,0.27786,0.27426,0.3958,0.39582,0.39584,0.00193421418462382,0.00200326643460125,0.0019952015056129,0.00218697215345784,0.00218699120985888,0.00218701026243591,0.00064,0.00306,0.9963
"brunner","unbalanced n, larger n with larger SD","het","one-point alternative: last group shifted by 0.50",1,0.0147783251231527,"0.00, 0.00, 0.00, 0.50","1.0000, 1.4142, 2.0000, 2.2361","25, 40, 60, 75",50,"F.P.",3,0.5,1,0.23222,0.26548,0.2658,0.20058,0.21466,0.21484,0.00188835310045553,0.00197484363735461,0.00197560299655573,0.00179079682599674,0.00183619761681579,0.00183675678520592,0.0071,0.2261,0.7668
"brunner","unbalanced n, larger n with larger SD","het","one-point alternative: last group shifted by 0.50",1,0.0147783251231527,"0.00, 0.00, 0.00, 0.50","1.0000, 1.4142, 2.0000, 2.2361","25, 40, 60, 75",50,"F.P.",4,1,1.6,0.2335,0.27344,0.27366,0.17196,0.17266,0.17266,0.00189197119428389,0.00199334174892315,0.00199384154034367,0.00168754116038691,0.00169025752120794,0.00169025752120794,0.00014,0.00522,0.99464
"brunner","unbalanced n, larger n with larger SD","het","one-point alternative: last group shifted by 0.50",1,0.0147783251231527,"0.00, 0.00, 0.00, 0.50","1.0000, 1.4142, 2.0000, 2.2361","25, 40, 60, 75",50,"F.P.",5,2,6.6,0.22828,0.29046,0.2907,0.25212,0.25212,0.25212,0.00187706282047245,0.00203023638229641,0.00203073144457853,0.00194193463123762,0.00194193463123762,0.00194193463123762,0,0,1
"brunner","unbalanced n, larger n with larger SD","het","one-point alternative: last group shifted by 0.50",1,0.0147783251231527,"0.00, 0.00, 0.00, 0.50","1.0000, 1.4142, 2.0000, 2.2361","50, 80, 120, 150",100,"normal",1,0,0,0.48574,0.50578,0.50578,0.46366,0.5011,0.5011,0.0022351583943873,0.00223591856560117,0.00223591856560117,0.00223015427448417,0.00223606256620874,0.00223606256620874,0,0.66896,0.33104
"brunner","unbalanced n, larger n with larger SD","het","one-point alternative: last group shifted by 0.50",1,0.0147783251231527,"0.00, 0.00, 0.00, 0.50","1.0000, 1.4142, 2.0000, 2.2361","50, 80, 120, 150",100,"F.P.",2,0,6,0.49538,0.52354,0.52336,0.72518,0.72518,0.72518,0.00223597252040359,0.00223358845090137,0.00223362624626413,0.00199646671697777,0.00199646671697777,0.00199646671697777,0,2e-05,0.99998
"brunner","unbalanced n, larger n with larger SD","het","one-point alternative: last group shifted by 0.50",1,0.0147783251231527,"0.00, 0.00, 0.00, 0.50","1.0000, 1.4142, 2.0000, 2.2361","50, 80, 120, 150",100,"F.P.",3,0.5,1,0.48782,0.52014,0.52014,0.40764,0.41086,0.41086,0.00223540442694381,0.0022342532551168,0.0022342532551168,0.00219758790677415,0.00220024571536908,0.00220024571536908,0,0.03318,0.96682
"brunner","unbalanced n, larger n with larger SD","het","one-point alternative: last group shifted by 0.50",1,0.0147783251231527,"0.00, 0.00, 0.00, 0.50","1.0000, 1.4142, 2.0000, 2.2361","50, 80, 120, 150",100,"F.P.",4,1,1.6,0.4825,0.5206,0.5206,0.3341,0.3341,0.3341,0.00223469796616903,0.00223416937585314,0.00223416937585314,0.00210939417843133,0.00210939417843133,0.00210939417843133,0,0,1
"brunner","unbalanced n, larger n with larger SD","het","one-point alternative: last group shifted by 0.50",1,0.0147783251231527,"0.00, 0.00, 0.00, 0.50","1.0000, 1.4142, 2.0000, 2.2361","50, 80, 120, 150",100,"F.P.",5,2,6.6,0.48756,0.54932,0.54924,0.50204,0.50204,0.50204,0.00223537579122616,0.00222516308436034,0.00222519851878434,0.00223604936618135,0.00223604936618135,0.00223604936618135,0,0,1
"brunner","unbalanced n, larger n with smaller SD","het","one-point alternative: last group shifted by 0.50",1,0.0339622641509434,"0.00, 0.00, 0.00, 0.50","2.2361, 2.0000, 1.4142, 1.0000","5, 8, 12, 15",10,"normal",1,0,0,0.1916,0.1189,0.15866,0.15074,0.12844,0.1655,0.00176005363554637,0.00144749984455958,0.0016339339301208,0.00160010907378216,0.00149628317106088,0.00166198525865905,0.39512,0.46488,0.14
"brunner","unbalanced n, larger n with smaller SD","het","one-point alternative: last group shifted by 0.50",1,0.0339622641509434,"0.00, 0.00, 0.00, 0.50","2.2361, 2.0000, 1.4142, 1.0000","5, 8, 12, 15",10,"F.P.",2,0,6,0.1921,0.11996,0.15264,0.19828,0.17502,0.19856,0.00176180356453266,0.00145306296078319,0.00160835960158169,0.00178305940226342,0.00169934104640593,0.00178400631389017,0.27576,0.16804,0.5562
"brunner","unbalanced n, larger n with smaller SD","het","one-point alternative: last group shifted by 0.50",1,0.0339622641509434,"0.00, 0.00, 0.00, 0.50","2.2361, 2.0000, 1.4142, 1.0000","5, 8, 12, 15",10,"F.P.",3,0.5,1,0.20042,0.14222,0.17788,0.18328,0.16218,0.19446,0.00179026156524682,0.00156200814082386,0.00171019709741304,0.00173025108929311,0.00164850021292082,0.00177000174237202,0.35786,0.36914,0.273
"brunner","unbalanced n, larger n with smaller SD","het","one-point alternative: last group shifted by 0.50",1,0.0339622641509434,"0.00, 0.00, 0.00, 0.50","2.2361, 2.0000, 1.4142, 1.0000","5, 8, 12, 15",10,"F.P.",4,1,1.6,0.20596,0.18114,0.20268,0.2279,0.21768,0.23642,0.00180853796421308,0.00172237220367724,0.0017977809521741,0.00187596156677049,0.00184551032291884,0.0019001346457554,0.25088,0.319,0.43012
"brunner","unbalanced n, larger n with smaller SD","het","one-point alternative: last group shifted by 0.50",1,0.0339622641509434,"0.00, 0.00, 0.00, 0.50","2.2361, 2.0000, 1.4142, 1.0000","5, 8, 12, 15",10,"F.P.",5,2,6.6,0.22686,0.27762,0.26746,0.3808,0.37986,0.38216,0.00187293641322924,0.00200273380957131,0.00197952089354975,0.0021715955424526,0.00217055928460846,0.00217307954019175,0.05628,0.11064,0.83308
"brunner","unbalanced n, larger n with smaller SD","het","one-point alternative: last group shifted by 0.50",1,0.0339622641509434,"0.00, 0.00, 0.00, 0.50","2.2361, 2.0000, 1.4142, 1.0000","10, 16, 24, 30",20,"normal",1,0,0,0.26112,0.2202,0.22972,0.24034,0.23862,0.2463,0.00196436425135462,0.00185317004076798,0.00188121621085935,0.00191089865979334,0.00190620300912573,0.00192684358472607,0.12018,0.63528,0.24454
"brunner","unbalanced n, larger n with smaller SD","het","one-point alternative: last group shifted by 0.50",1,0.0339622641509434,"0.00, 0.00, 0.00, 0.50","2.2361, 2.0000, 1.4142, 1.0000","10, 16, 24, 30",20,"F.P.",2,0,6,0.27242,0.24734,0.25806,0.36186,0.3584,0.3616,0.00199101654237226,0.00192957469096172,0.00195685991527242,0.00214903392434833,0.00214452530878048,0.00214869932750024,0.05826,0.07974,0.862
"brunner","unbalanced n, larger n with smaller SD","het","one-point alternative: last group shifted by 0.50",1,0.0339622641509434,"0.00, 0.00, 0.00, 0.50","2.2361, 2.0000, 1.4142, 1.0000","10, 16, 24, 30",20,"F.P.",3,0.5,1,0.27412,0.25552,0.26408,0.31982,0.31314,0.31918,0.00199488458613525,0.00195053597557184,0.0019715057879702,0.00208583397038211,0.00207404599948989,0.00208472601365263,0.10494,0.3865,0.50856
"brunner","unbalanced n, larger n with smaller SD","het","one-point alternative: last group shifted by 0.50",1,0.0339622641509434,"0.00, 0.00, 0.00, 0.50","2.2361, 2.0000, 1.4142, 1.0000","10, 16, 24, 30",20,"F.P.",4,1,1.6,0.28386,0.2957,0.30058,0.41858,0.41724,0.41854,0.0020163506659309,0.0020408895609513,0.00205052024423072,0.00220622203597009,0.00220522462529331,0.00220619250474658,0.04072,0.1969,0.76238
"brunner","unbalanced n, larger n with smaller SD","het","one-point alternative: last group shifted by 0.50",1,0.0339622641509434,"0.00, 0.00, 0.00, 0.50","2.2361, 2.0000, 1.4142, 1.0000","10, 16, 24, 30",20,"F.P.",5,2,6.6,0.3083,0.38708,0.37798,0.6826,0.68266,0.68266,0.00206519301761361,0.00217829783822139,0.00216846083478582,0.00208162071473167,0.00208151543064182,0.00208151543064182,0.00052,0.00618,0.9933
"brunner","unbalanced n, larger n with smaller SD","het","one-point alternative: last group shifted by 0.50",1,0.0339622641509434,"0.00, 0.00, 0.00, 0.50","2.2361, 2.0000, 1.4142, 1.0000","15, 24, 36, 45",30,"normal",1,0,0,0.34014,0.3383,0.34022,0.33884,0.35242,0.3541,0.00211870139661067,0.00211590694502381,0.00211882208597135,0.00211673075472531,0.00213644631853927,0.00213875286089814,0.0292,0.63148,0.33932
"brunner","unbalanced n, larger n with smaller SD","het","one-point alternative: last group shifted by 0.50",1,0.0339622641509434,"0.00, 0.00, 0.00, 0.50","2.2361, 2.0000, 1.4142, 1.0000","15, 24, 36, 45",30,"F.P.",2,0,6,0.35568,0.3744,0.37546,0.52144,0.52134,0.52178,0.00214089578261063,0.00216436891494957,0.00216559362946976,0.0022340113088344,0.002234030458163,0.00223394553022226,0.01136,0.0273,0.96134
"brunner","unbalanced n, larger n with smaller SD","het","one-point alternative: last group shifted by 0.50",1,0.0339622641509434,"0.00, 0.00, 0.00, 0.50","2.2361, 2.0000, 1.4142, 1.0000","15, 24, 36, 45",30,"F.P.",3,0.5,1,0.35272,0.37182,0.37312,0.45754,0.45842,0.4591,0.00213686032112537,0.00216134165554639,0.00216287524189446,0.00222799079172244,0.00222832270373929,0.00222857438736067,0.02498,0.3004,0.67462
"brunner","unbalanced n, larger n with smaller SD","het","one-point alternative: last group shifted by 0.50",1,0.0339622641509434,"0.00, 0.00, 0.00, 0.50","2.2361, 2.0000, 1.4142, 1.0000","15, 24, 36, 45",30,"F.P.",4,1,1.6,0.35804,0.40098,0.40112,0.5863,0.58612,0.58622,0.00214404924570309,0.00219178027913384,0.00219190668414511,0.00220250906922083,0.00220264997491658,0.00220257173140854,0.00454,0.0796,0.91586
"brunner","unbalanced n, larger n with smaller SD","het","one-point alternative: last group shifted by 0.50",1,0.0339622641509434,"0.00, 0.00, 0.00, 0.50","2.2361, 2.0000, 1.4142, 1.0000","15, 24, 36, 45",30,"F.P.",5,2,6.6,0.38298,0.485,0.47996,0.86062,0.86062,0.86062,0.00217396559126404,0.00223506152040609,0.00223427123868164,0.00154889131703938,0.00154889131703938,0.00154889131703938,0,2e-04,0.9998
"brunner","unbalanced n, larger n with smaller SD","het","one-point alternative: last group shifted by 0.50",1,0.0339622641509434,"0.00, 0.00, 0.00, 0.50","2.2361, 2.0000, 1.4142, 1.0000","25, 40, 60, 75",50,"normal",1,0,0,0.5031,0.56002,0.56006,0.52686,0.55508,0.5551,0.00223602499986024,0.0022198990950041,0.00221987745787915,0.00223283918095325,0.0022224589697,0.00222244905453421,0.00092,0.49398,0.5051
"brunner","unbalanced n, larger n with smaller SD","het","one-point alternative: last group shifted by 0.50",1,0.0339622641509434,"0.00, 0.00, 0.00, 0.50","2.2361, 2.0000, 1.4142, 1.0000","25, 40, 60, 75",50,"F.P.",2,0,6,0.51626,0.58912,0.58822,0.75954,0.75952,0.75952,0.00223488528743647,0.0022002619189542,0.00220098719487415,0.00191122467753009,0.00191127899376308,0.00191127899376308,0.00016,0.0015,0.99834
"brunner","unbalanced n, larger n with smaller SD","het","one-point alternative: last group shifted by 0.50",1,0.0339622641509434,"0.00, 0.00, 0.00, 0.50","2.2361, 2.0000, 1.4142, 1.0000","25, 40, 60, 75",50,"F.P.",3,0.5,1,0.50958,0.5883,0.58826,0.68928,0.69158,0.69164,0.00223565750328623,0.00220092303363839,0.00220095512175964,0.0020696525389543,0.0020654157140876,0.00206530438628305,0.00072,0.1222,0.87708
"brunner","unbalanced n, larger n with smaller SD","het","one-point alternative: last group shifted by 0.50",1,0.0339622641509434,"0.00, 0.00, 0.00, 0.50","2.2361, 2.0000, 1.4142, 1.0000","25, 40, 60, 75",50,"F.P.",4,1,1.6,0.5131,0.60524,0.60524,0.82716,0.82746,0.82746,0.00223530038249896,0.00218597594863256,0.00218597594863256,0.00169095437194503,0.00168979258135429,0.00168979258135429,0,0.00866,0.99134
"brunner","unbalanced n, larger n with smaller SD","het","one-point alternative: last group shifted by 0.50",1,0.0339622641509434,"0.00, 0.00, 0.00, 0.50","2.2361, 2.0000, 1.4142, 1.0000","25, 40, 60, 75",50,"F.P.",5,2,6.6,0.53256,0.65626,0.65564,0.9814,0.9814,0.9814,0.00223132178943334,0.0021240659707269,0.00212497618998426,0.000604219165535155,0.000604219165535155,0.000604219165535155,0,0,1
"brunner","unbalanced n, larger n with smaller SD","het","one-point alternative: last group shifted by 0.50",1,0.0339622641509434,"0.00, 0.00, 0.00, 0.50","2.2361, 2.0000, 1.4142, 1.0000","50, 80, 120, 150",100,"normal",1,0,0,0.81894,0.88772,0.88772,0.84754,0.85816,0.85816,0.00172207593560795,0.00141190085770921,0.00141190085770921,0.00160758171425281,0.00156026545433782,0.00156026545433782,0,0.20118,0.79882
"brunner","unbalanced n, larger n with smaller SD","het","one-point alternative: last group shifted by 0.50",1,0.0339622641509434,"0.00, 0.00, 0.00, 0.50","2.2361, 2.0000, 1.4142, 1.0000","50, 80, 120, 150",100,"F.P.",2,0,6,0.81578,0.89058,0.89058,0.9768,0.9768,0.9768,0.00173368389044831,0.0013960463000918,0.0013960463000918,0.000673227450420733,0.000673227450420733,0.000673227450420733,0,0,1
"brunner","unbalanced n, larger n with smaller SD","het","one-point alternative: last group shifted by 0.50",1,0.0339622641509434,"0.00, 0.00, 0.00, 0.50","2.2361, 2.0000, 1.4142, 1.0000","50, 80, 120, 150",100,"F.P.",3,0.5,1,0.81844,0.89364,0.89364,0.95108,0.95126,0.95126,0.00172392555755752,0.00137874979891204,0.00137874979891204,0.000964643287438419,0.000962958071776752,0.000962958071776752,0,0.00694,0.99306
"brunner","unbalanced n, larger n with smaller SD","het","one-point alternative: last group shifted by 0.50",1,0.0339622641509434,"0.00, 0.00, 0.00, 0.50","2.2361, 2.0000, 1.4142, 1.0000","50, 80, 120, 150",100,"F.P.",4,1,1.6,0.81268,0.89562,0.89562,0.98872,0.98872,0.98872,0.00174488519736973,0.0013673683892792,0.0013673683892792,0.000472287234635872,0.000472287234635872,0.000472287234635872,0,0,1
"brunner","unbalanced n, larger n with smaller SD","het","one-point alternative: last group shifted by 0.50",1,0.0339622641509434,"0.00, 0.00, 0.00, 0.50","2.2361, 2.0000, 1.4142, 1.0000","50, 80, 120, 150",100,"F.P.",5,2,6.6,0.80816,0.90164,0.90164,0.99992,0.99992,0.99992,0.00176089417285651,0.00133180561945053,0.00133180561945053,3.9998399967991e-05,3.9998399967991e-05,3.9998399967991e-05,0,0,1
