"design","scenario","effect_size","group_mean_offsets","n_vector","distribution","panel","skew","excess_kurtosis","n_per_group","groups","fisher_power","fisher_mc_se","welch_power","welch_mc_se","mean_power","mean_mc_se","rank_power","rank_mc_se","sw_power","sw_mc_se","gate_power","gate_mc_se","sw_route_welch_probability","sw_route_welch_mc_se","sw_route_rank_probability","sw_route_rank_mc_se","route_rank_probability","route_rank_mc_se","route_fisher_probability","route_fisher_mc_se","route_welch_probability","route_welch_mc_se","mean_route_fisher_probability","mean_route_fisher_mc_se","mean_route_welch_probability","mean_route_welch_mc_se","levene_reject_probability","levene_reject_mc_se","skew_label","n_label"
"balanced n, equal SD","four groups with moderate ordered effect: 0, 0.25, 0.50, 0.75 SD","moderate ordered effect: 0, 0.25, 0.50, 0.75 SD","0.00, 0.25, 0.50, 0.75","10, 10, 10, 10","normal",1,0,0,10,4,0.25702,0.00195428104222499,0.23944,0.00190844694136358,0.26036,0.00196251201474029,0.22968,0.0018811012604323,0.24262,0.00191705782698384,0.2626,0.00196794938959314,0.95104,0.000965017288964296,0.04896,0.000965017288964296,0.04896,0.000965017288964296,0.8863,0.00141966411520472,0.06474,0.00110044293264122,0.93272,0.00112029818887652,0.06728,0.00112029818887652,0.06728,0.00112029818887652,"Normal distribution
skew = 0; excess kurtosis = 0","n = 10"
"balanced n, equal SD","four groups with moderate ordered effect: 0, 0.25, 0.50, 0.75 SD","moderate ordered effect: 0, 0.25, 0.50, 0.75 SD","0.00, 0.25, 0.50, 0.75","10, 10, 10, 10","F.P.",2,0,6,10,4,0.28708,0.0020231909133841,0.2971,0.00204368094378746,0.2949,0.00203928413910372,0.35652,0.00214202469453552,0.34372,0.00212403654205854,0.35712,0.00214282666401181,0.55692,0.0022215315149689,0.44308,0.0022215315149689,0.44308,0.0022215315149689,0.51138,0.00223548874119285,0.04554,0.000932374478415191,0.9157,0.00124252573413994,0.0843,0.00124252573413994,0.0843,0.00124252573413994,"F.P.
skew = 0
excess kurtosis = 6","n = 10"
"balanced n, equal SD","four groups with moderate ordered effect: 0, 0.25, 0.50, 0.75 SD","moderate ordered effect: 0, 0.25, 0.50, 0.75 SD","0.00, 0.25, 0.50, 0.75","10, 10, 10, 10","F.P.",3,0.5,1,10,4,0.2652,0.0019741781074665,0.25192,0.00194142377445008,0.26856,0.00198209750718778,0.25694,0.0019540820678774,0.26274,0.00196828703394601,0.28032,0.0020086846322905,0.82672,0.00169265496543153,0.17328,0.00169265496543153,0.17328,0.00169265496543153,0.76026,0.00190926547342165,0.06646,0.00111393957107197,0.92336,0.00118967483288502,0.07664,0.00118967483288502,0.07664,0.00118967483288502,"F.P.
skew = 0.5
excess kurtosis = 1","n = 10"
"balanced n, equal SD","four groups with moderate ordered effect: 0, 0.25, 0.50, 0.75 SD","moderate ordered effect: 0, 0.25, 0.50, 0.75 SD","0.00, 0.25, 0.50, 0.75","10, 10, 10, 10","F.P.",4,1,1.6,10,4,0.26912,0.00198340326509765,0.26322,0.00196944272117774,0.27258,0.00199138215117039,0.2778,0.00200313334553644,0.28718,0.00202340133241036,0.29996,0.00204931207189144,0.56368,0.00221785868621064,0.43632,0.00221785868621064,0.43632,0.00221785868621064,0.49206,0.00223578602017277,0.07162,0.00115317453665956,0.89202,0.00138795042850961,0.10798,0.00138795042850961,0.10798,0.00138795042850961,"F.P.
skew = 1
excess kurtosis = 1.6","n = 10"
"balanced n, equal SD","four groups with moderate ordered effect: 0, 0.25, 0.50, 0.75 SD","moderate ordered effect: 0, 0.25, 0.50, 0.75 SD","0.00, 0.25, 0.50, 0.75","10, 10, 10, 10","F.P.",5,2,6.6,10,4,0.29516,0.0020398067280995,0.31548,0.00207823179457923,0.30332,0.00205580630215981,0.42858,0.00221313887318442,0.43012,0.00221412188282398,0.4332,0.00221602238255844,0.12506,0.00147932414568275,0.87494,0.00147932414568275,0.87494,0.00147932414568275,0.08108,0.00122070498974978,0.04398,0.000917014281241028,0.79184,0.00181565092680284,0.20816,0.00181565092680284,0.20816,0.00181565092680284,"F.P.
skew = 2
excess kurtosis = 6.6","n = 10"
"balanced n, equal SD","four groups with moderate ordered effect: 0, 0.25, 0.50, 0.75 SD","moderate ordered effect: 0, 0.25, 0.50, 0.75 SD","0.00, 0.25, 0.50, 0.75","20, 20, 20, 20","normal",1,0,0,20,4,0.51512,0.00223504534898064,0.498,0.00223605008888441,0.51674,0.00223481441019159,0.48604,0.0022351962705767,0.50034,0.00223606746052081,0.51854,0.00223453023429982,0.95038,0.000971162762877572,0.04962,0.000971162762877572,0.04962,0.000971162762877572,0.89494,0.00137129425288667,0.05544,0.00102339050611191,0.94184,0.0010466844261763,0.05816,0.0010466844261763,0.05816,0.0010466844261763,"Normal distribution
skew = 0; excess kurtosis = 0","n = 20"
"balanced n, equal SD","four groups with moderate ordered effect: 0, 0.25, 0.50, 0.75 SD","moderate ordered effect: 0, 0.25, 0.50, 0.75 SD","0.00, 0.25, 0.50, 0.75","20, 20, 20, 20","F.P.",2,0,6,20,4,0.5344,0.00223076955331563,0.5555,0.00222224998593768,0.53976,0.0022289869555473,0.69296,0.00206284482402337,0.68282,0.00208123447790008,0.68438,0.00207848028905737,0.25682,0.00195378344552307,0.74318,0.00195378344552307,0.74318,0.00195378344552307,0.2403,0.00191078994135933,0.01652,0.000570036658470313,0.93198,0.00112599537832089,0.06802,0.00112599537832089,0.06802,0.00112599537832089,"F.P.
skew = 0
excess kurtosis = 6","n = 20"
"balanced n, equal SD","four groups with moderate ordered effect: 0, 0.25, 0.50, 0.75 SD","moderate ordered effect: 0, 0.25, 0.50, 0.75 SD","0.00, 0.25, 0.50, 0.75","20, 20, 20, 20","F.P.",3,0.5,1,20,4,0.51652,0.00223484715182045,0.5065,0.00223587902177197,0.51858,0.00223452358949285,0.52852,0.00223242742144062,0.53048,0.00223190936016676,0.54216,0.00222810473003403,0.67886,0.00208810488433891,0.32114,0.00208810488433891,0.32114,0.00208810488433891,0.63198,0.00215676275746778,0.04688,0.00094532815043243,0.93374,0.00111238134108767,0.06626,0.00111238134108767,0.06626,0.00111238134108767,"F.P.
skew = 0.5
excess kurtosis = 1","n = 20"
"balanced n, equal SD","four groups with moderate ordered effect: 0, 0.25, 0.50, 0.75 SD","moderate ordered effect: 0, 0.25, 0.50, 0.75 SD","0.00, 0.25, 0.50, 0.75","20, 20, 20, 20","F.P.",4,1,1.6,20,4,0.51704,0.00223476906368421,0.50924,0.00223568612466062,0.51928,0.00223440498388273,0.56494,0.00221712785558253,0.56936,0.00221444887229306,0.57256,0.00221239709998002,0.18836,0.0017486023584566,0.81164,0.0017486023584566,0.81164,0.0017486023584566,0.16244,0.00164956507237514,0.02592,0.000710607537252456,0.89736,0.00135724007014235,0.10264,0.00135724007014235,0.10264,0.00135724007014235,"F.P.
skew = 1
excess kurtosis = 1.6","n = 20"
"balanced n, equal SD","four groups with moderate ordered effect: 0, 0.25, 0.50, 0.75 SD","moderate ordered effect: 0, 0.25, 0.50, 0.75 SD","0.00, 0.25, 0.50, 0.75","20, 20, 20, 20","F.P.",5,2,6.6,20,4,0.5432,0.00222770626429967,0.55662,0.0022216848363348,0.55074,0.00222452445434974,0.78384,0.00184084140761772,0.78388,0.00184071804250407,0.7839,0.00184065635032724,0.00176,0.000187451455049034,0.99824,0.000187451455049033,0.99824,0.000187451455049033,0.00088,0.000132606606170281,0.00088,0.000132606606170281,0.79844,0.00179406558631506,0.20156,0.00179406558631506,0.20156,0.00179406558631506,"F.P.
skew = 2
excess kurtosis = 6.6","n = 20"
"balanced n, equal SD","four groups with moderate ordered effect: 0, 0.25, 0.50, 0.75 SD","moderate ordered effect: 0, 0.25, 0.50, 0.75 SD","0.00, 0.25, 0.50, 0.75","50, 50, 50, 50","normal",1,0,0,50,4,0.92448,0.00118166602388323,0.92048,0.00120993032526671,0.92412,0.00118424850094902,0.9097,0.00128176370677282,0.92024,0.00121159681742732,0.9239,0.00118582283668346,0.9495,0.000979282900902492,0.0505,0.000979282900902492,0.0505,0.000979282900902492,0.89922,0.00134627925483534,0.05028,0.00097726067760859,0.94716,0.0010004792291697,0.05284,0.0010004792291697,0.05284,0.0010004792291697,"Normal distribution
skew = 0; excess kurtosis = 0","n = 50"
"balanced n, equal SD","four groups with moderate ordered effect: 0, 0.25, 0.50, 0.75 SD","moderate ordered effect: 0, 0.25, 0.50, 0.75 SD","0.00, 0.25, 0.50, 0.75","50, 50, 50, 50","F.P.",2,0,6,50,4,0.91946,0.00121699061952013,0.92278,0.00119379287650748,0.92022,0.00121173554540584,0.9866,0.000514206962224355,0.98636,0.000518728260267358,0.9863,0.000519852094349923,0.0149,0.000541811590869003,0.9851,0.000541811590869004,0.9851,0.000541811590869004,0.01404,0.000526172564849214,0.00086,0.000131092364384811,0.94402,0.00102806847631858,0.05598,0.00102806847631858,0.05598,0.00102806847631858,"F.P.
skew = 0
excess kurtosis = 6","n = 50"
"balanced n, equal SD","four groups with moderate ordered effect: 0, 0.25, 0.50, 0.75 SD","moderate ordered effect: 0, 0.25, 0.50, 0.75 SD","0.00, 0.25, 0.50, 0.75","50, 50, 50, 50","F.P.",3,0.5,1,50,4,0.91914,0.00121919367124342,0.91658,0.00123661718894733,0.91924,0.00121850582600167,0.93332,0.00111565028212249,0.93294,0.00111859694617856,0.93382,0.00111175723609069,0.35876,0.00214500005780886,0.64124,0.00214500005780886,0.64124,0.00214500005780886,0.33408,0.0021093627170309,0.02468,0.000693842887114943,0.93708,0.00108591964343592,0.06292,0.00108591964343592,0.06292,0.00108591964343592,"F.P.
skew = 0.5
excess kurtosis = 1","n = 50"
"balanced n, equal SD","four groups with moderate ordered effect: 0, 0.25, 0.50, 0.75 SD","moderate ordered effect: 0, 0.25, 0.50, 0.75 SD","0.00, 0.25, 0.50, 0.75","50, 50, 50, 50","F.P.",4,1,1.6,50,4,0.92236,0.00119676255289009,0.92168,0.00120154881382322,0.9234,0.00118939009580541,0.95368,0.000939941036448564,0.9537,0.000939747944929916,0.9537,0.000939747944929916,0.00118,0.000153532250683692,0.99882,0.000153532250683689,0.99882,0.000153532250683689,0.00104,0.000144147036043063,0.00014,5.29113220398054e-05,0.90228,0.00132793675753027,0.09772,0.00132793675753027,0.09772,0.00132793675753027,"F.P.
skew = 1
excess kurtosis = 1.6","n = 50"
"balanced n, equal SD","four groups with moderate ordered effect: 0, 0.25, 0.50, 0.75 SD","moderate ordered effect: 0, 0.25, 0.50, 0.75 SD","0.00, 0.25, 0.50, 0.75","50, 50, 50, 50","F.P.",5,2,6.6,50,4,0.91734,0.00123148142007908,0.92292,0.00119280068410443,0.92072,0.00120826058116617,0.99632,0.000270793559746166,0.99632,0.000270793559746166,0.99632,0.000270793559746166,0,0,1,0,1,0,0,0,0,0,0.80954,0.00175604663036037,0.19046,0.00175604663036037,0.19046,0.00175604663036037,"F.P.
skew = 2
excess kurtosis = 6.6","n = 50"
"balanced n, equal SD","four groups with moderate ordered effect: 0, 0.25, 0.50, 0.75 SD","moderate ordered effect: 0, 0.25, 0.50, 0.75 SD","0.00, 0.25, 0.50, 0.75","100, 100, 100, 100","normal",1,0,0,100,4,0.99866,0.000163597334941619,0.99848,0.000174223396821435,0.99866,0.000163597334941619,0.99792,0.000203748550915091,0.99846,0.000175364101229413,0.99864,0.00016481203839526,0.94966,0.000977812705992309,0.05034,0.000977812705992308,0.05034,0.000977812705992308,0.90042,0.00133913273128544,0.04924,0.000967630326105998,0.94842,0.000989136023001892,0.05158,0.000989136023001892,0.05158,0.000989136023001892,"Normal distribution
skew = 0; excess kurtosis = 0","n = 100"
"balanced n, equal SD","four groups with moderate ordered effect: 0, 0.25, 0.50, 0.75 SD","moderate ordered effect: 0, 0.25, 0.50, 0.75 SD","0.00, 0.25, 0.50, 0.75","100, 100, 100, 100","F.P.",2,0,6,100,4,0.99836,0.000180959133508092,0.99834,0.000182057375571549,0.9984,0.000178742272560245,0.99996,2.82837055563941e-05,0.99996,2.82837055563941e-05,0.99996,2.82837055563941e-05,6e-05,3.46399769053041e-05,0.99994,3.46399769052894e-05,0.99994,3.46399769052894e-05,6e-05,3.46399769053041e-05,0,0,0.94628,0.00100830711194556,0.05372,0.00100830711194556,0.05372,0.00100830711194556,"F.P.
skew = 0
excess kurtosis = 6","n = 100"
"balanced n, equal SD","four groups with moderate ordered effect: 0, 0.25, 0.50, 0.75 SD","moderate ordered effect: 0, 0.25, 0.50, 0.75 SD","0.00, 0.25, 0.50, 0.75","100, 100, 100, 100","F.P.",3,0.5,1,100,4,0.99872,0.000159897567211008,0.99872,0.000159897567211008,0.99878,0.000156109679392407,0.99936,0.000113100875328175,0.99936,0.000113100875328175,0.99936,0.000113100875328175,0.10236,0.00135559898495093,0.89764,0.00135559898495093,0.89764,0.00135559898495093,0.09584,0.00131647023817479,0.00652,0.000359930259911556,0.9409,0.00105458228697433,0.0591,0.00105458228697433,0.0591,0.00105458228697433,"F.P.
skew = 0.5
excess kurtosis = 1","n = 100"
"balanced n, equal SD","four groups with moderate ordered effect: 0, 0.25, 0.50, 0.75 SD","moderate ordered effect: 0, 0.25, 0.50, 0.75 SD","0.00, 0.25, 0.50, 0.75","100, 100, 100, 100","F.P.",4,1,1.6,100,4,0.99856,0.000169583395413584,0.99848,0.000174223396821435,0.99856,0.000169583395413584,0.99966,8.24480927614468e-05,0.99966,8.24480927614468e-05,0.99966,8.24480927614468e-05,0,0,1,0,1,0,0,0,0,0,0.90494,0.00131166761338382,0.09506,0.00131166761338382,0.09506,0.00131166761338382,"F.P.
skew = 1
excess kurtosis = 1.6","n = 100"
"balanced n, equal SD","four groups with moderate ordered effect: 0, 0.25, 0.50, 0.75 SD","moderate ordered effect: 0, 0.25, 0.50, 0.75 SD","0.00, 0.25, 0.50, 0.75","100, 100, 100, 100","F.P.",5,2,6.6,100,4,0.99808,0.00019577096822563,0.99826,0.000186385214005831,0.99828,0.000185312795025063,1,0,1,0,1,0,0,0,1,0,1,0,0,0,0,0,0.81152,0.00174902995743355,0.18848,0.00174902995743355,0.18848,0.00174902995743355,"F.P.
skew = 2
excess kurtosis = 6.6","n = 100"
"balanced n, equal SD","four groups with moderate ordered effect: 0, 0.25, 0.50, 0.75 SD","moderate ordered effect: 0, 0.25, 0.50, 0.75 SD","0.00, 0.25, 0.50, 0.75","200, 200, 200, 200","normal",1,0,0,200,4,1,0,1,0,1,0,1,0,1,0,1,0,0.94928,0.000981299970447365,0.05072,0.000981299970447365,0.05072,0.000981299970447365,0.90214,0.00132878456041602,0.04714,0.000947816653156084,0.9503,0.000971904419168881,0.0497,0.000971904419168881,0.0497,0.000971904419168881,"Normal distribution
skew = 0; excess kurtosis = 0","n = 200"
"balanced n, equal SD","four groups with moderate ordered effect: 0, 0.25, 0.50, 0.75 SD","moderate ordered effect: 0, 0.25, 0.50, 0.75 SD","0.00, 0.25, 0.50, 0.75","200, 200, 200, 200","F.P.",2,0,6,200,4,1,0,1,0,1,0,1,0,1,0,1,0,0,0,1,0,1,0,0,0,0,0,0.94672,0.00100440272401064,0.05328,0.00100440272401064,0.05328,0.00100440272401064,"F.P.
skew = 0
excess kurtosis = 6","n = 200"
"balanced n, equal SD","four groups with moderate ordered effect: 0, 0.25, 0.50, 0.75 SD","moderate ordered effect: 0, 0.25, 0.50, 0.75 SD","0.00, 0.25, 0.50, 0.75","200, 200, 200, 200","F.P.",3,0.5,1,200,4,1,0,1,0,1,0,1,0,1,0,1,0,0.005,0.00031543620591175,0.995,0.00031543620591175,0.995,0.00031543620591175,0.0047,0.000305872849399877,3e-04,7.74480471025577e-05,0.93978,0.00106389427670234,0.06022,0.00106389427670234,0.06022,0.00106389427670234,"F.P.
skew = 0.5
excess kurtosis = 1","n = 200"
"balanced n, equal SD","four groups with moderate ordered effect: 0, 0.25, 0.50, 0.75 SD","moderate ordered effect: 0, 0.25, 0.50, 0.75 SD","0.00, 0.25, 0.50, 0.75","200, 200, 200, 200","F.P.",4,1,1.6,200,4,1,0,1,0,1,0,1,0,1,0,1,0,0,0,1,0,1,0,0,0,0,0,0.90576,0.00130658962493967,0.09424,0.00130658962493967,0.09424,0.00130658962493967,"F.P.
skew = 1
excess kurtosis = 1.6","n = 200"
"balanced n, equal SD","four groups with moderate ordered effect: 0, 0.25, 0.50, 0.75 SD","moderate ordered effect: 0, 0.25, 0.50, 0.75 SD","0.00, 0.25, 0.50, 0.75","200, 200, 200, 200","F.P.",5,2,6.6,200,4,1,0,1,0,1,0,1,0,1,0,1,0,0,0,1,0,1,0,0,0,0,0,0.81368,0.0017412918055283,0.18632,0.0017412918055283,0.18632,0.0017412918055283,"F.P.
skew = 2
excess kurtosis = 6.6","n = 200"
"unbalanced n, equal SD","four groups with moderate ordered effect: 0, 0.25, 0.50, 0.75 SD","moderate ordered effect: 0, 0.25, 0.50, 0.75 SD","0.00, 0.25, 0.50, 0.75","5, 8, 12, 15","normal",1,0,0,10,4,0.2241,0.00186482808859155,0.20688,0.00181152237413729,0.227,0.00187334460257583,0.1957,0.00177426891986531,0.20884,0.00181783307484488,0.22856,0.00187787287322651,0.95034,0.000971533678263394,0.04966,0.000971533678263394,0.04966,0.000971533678263394,0.88158,0.00144496853668168,0.06876,0.00113165420866977,0.92848,0.00115243125261336,0.07152,0.00115243125261336,0.07152,0.00115243125261336,"Normal distribution
skew = 0; excess kurtosis = 0","n = 10"
"unbalanced n, equal SD","four groups with moderate ordered effect: 0, 0.25, 0.50, 0.75 SD","moderate ordered effect: 0, 0.25, 0.50, 0.75 SD","0.00, 0.25, 0.50, 0.75","5, 8, 12, 15","F.P.",2,0,6,10,4,0.25118,0.0019395288479422,0.25978,0.00196109332567321,0.24798,0.00193124788465904,0.30636,0.00206157003470656,0.29598,0.00204144967902714,0.30882,0.00206615685561382,0.55356,0.00222320186397907,0.44644,0.00222320186397907,0.44644,0.00222320186397907,0.50118,0.00223606175048902,0.05238,0.000996356719252698,0.89526,0.00136944903081495,0.10474,0.00136944903081495,0.10474,0.00136944903081495,"F.P.
skew = 0
excess kurtosis = 6","n = 10"
"unbalanced n, equal SD","four groups with moderate ordered effect: 0, 0.25, 0.50, 0.75 SD","moderate ordered effect: 0, 0.25, 0.50, 0.75 SD","0.00, 0.25, 0.50, 0.75","5, 8, 12, 15","F.P.",3,0.5,1,10,4,0.22866,0.00187816189078578,0.2397,0.00190915641056462,0.23492,0.00189595671680553,0.22424,0.00186524219553387,0.24224,0.00191603644224216,0.24426,0.00192144243941889,0.82936,0.00168239109840726,0.17064,0.00168239109840726,0.17064,0.00168239109840726,0.7604,0.0019088836528191,0.06896,0.00113317711237035,0.91788,0.00122781354936326,0.08212,0.00122781354936326,0.08212,0.00122781354936326,"F.P.
skew = 0.5
excess kurtosis = 1","n = 10"
"unbalanced n, equal SD","four groups with moderate ordered effect: 0, 0.25, 0.50, 0.75 SD","moderate ordered effect: 0, 0.25, 0.50, 0.75 SD","0.00, 0.25, 0.50, 0.75","5, 8, 12, 15","F.P.",4,1,1.6,10,4,0.22722,0.00187398544071185,0.27292,0.00199215799373443,0.23856,0.00190603843822731,0.25118,0.0019395288479422,0.2744,0.0019955181783186,0.26694,0.00197829743163155,0.56672,0.00221607058371343,0.43328,0.00221607058371343,0.43328,0.00221607058371343,0.49056,0.00223566941384454,0.07616,0.00118625169673219,0.88498,0.00142681743471265,0.11502,0.00142681743471265,0.11502,0.00142681743471265,"F.P.
skew = 1
excess kurtosis = 1.6","n = 10"
"unbalanced n, equal SD","four groups with moderate ordered effect: 0, 0.25, 0.50, 0.75 SD","moderate ordered effect: 0, 0.25, 0.50, 0.75 SD","0.00, 0.25, 0.50, 0.75","5, 8, 12, 15","F.P.",5,2,6.6,10,4,0.24506,0.00192356750024531,0.3617,0.0021488280992206,0.2714,0.00198867815395051,0.39752,0.00218859703737349,0.40162,0.00219235661150279,0.40096,0.00219176220607985,0.12304,0.00146902115982038,0.87696,0.00146902115982038,0.87696,0.00146902115982038,0.0811,0.00122084225025185,0.04194,0.000896448954486534,0.78674,0.00183183062754175,0.21326,0.00183183062754175,0.21326,0.00183183062754175,"F.P.
skew = 2
excess kurtosis = 6.6","n = 10"
"unbalanced n, equal SD","four groups with moderate ordered effect: 0, 0.25, 0.50, 0.75 SD","moderate ordered effect: 0, 0.25, 0.50, 0.75 SD","0.00, 0.25, 0.50, 0.75","10, 16, 24, 30","normal",1,0,0,20,4,0.44486,0.00222242921327092,0.42044,0.00220757879315779,0.44634,0.00222315363571661,0.4151,0.00220359701397511,0.42266,0.00220915605786463,0.44742,0.00222366968590211,0.95248,0.00095143943159825,0.04752,0.000951439431598249,0.04752,0.000951439431598249,0.89354,0.00137932061827553,0.05894,0.00105324333750563,0.9386,0.00107359247389314,0.0614,0.00107359247389314,0.0614,0.00107359247389314,"Normal distribution
skew = 0; excess kurtosis = 0","n = 20"
"unbalanced n, equal SD","four groups with moderate ordered effect: 0, 0.25, 0.50, 0.75 SD","moderate ordered effect: 0, 0.25, 0.50, 0.75 SD","0.00, 0.25, 0.50, 0.75","10, 16, 24, 30","F.P.",2,0,6,20,4,0.46574,0.0022308126429622,0.49444,0.00223592972340367,0.46776,0.00223141471896194,0.61568,0.0021753994465385,0.60594,0.00218529959685165,0.6076,0.00218367689917717,0.2533,0.00194493758254603,0.7467,0.00194493758254603,0.7467,0.00194493758254603,0.2354,0.00189729723554323,0.0179,0.00059295176869624,0.92372,0.00118710877007964,0.07628,0.00118710877007964,0.07628,0.00118710877007964,"F.P.
skew = 0
excess kurtosis = 6","n = 20"
"unbalanced n, equal SD","four groups with moderate ordered effect: 0, 0.25, 0.50, 0.75 SD","moderate ordered effect: 0, 0.25, 0.50, 0.75 SD","0.00, 0.25, 0.50, 0.75","10, 16, 24, 30","F.P.",3,0.5,1,20,4,0.45134,0.00222545368138724,0.45208,0.00222577480262492,0.4546,0.00222683111169213,0.46174,0.00222951193044576,0.46656,0.00223106148010314,0.47318,0.00223284879738866,0.6857,0.00207612865689966,0.3143,0.00207612865689966,0.3143,0.00207612865689966,0.63488,0.00215317154727625,0.05082,0.00098221512511262,0.9287,0.00115079372608648,0.0713,0.00115079372608648,0.0713,0.00115079372608648,"F.P.
skew = 0.5
excess kurtosis = 1","n = 20"
"unbalanced n, equal SD","four groups with moderate ordered effect: 0, 0.25, 0.50, 0.75 SD","moderate ordered effect: 0, 0.25, 0.50, 0.75 SD","0.00, 0.25, 0.50, 0.75","10, 16, 24, 30","F.P.",4,1,1.6,20,4,0.45816,0.00222822536741686,0.47974,0.00223423155648648,0.46494,0.00223056403808543,0.50328,0.0022360198639547,0.50922,0.00223568777605461,0.5104,0.00223558421894591,0.18588,0.00173970471977287,0.81412,0.00173970471977287,0.81412,0.00173970471977287,0.15902,0.00163543657535228,0.02686,0.000723028912284979,0.897,0.00135934543071289,0.103,0.00135934543071289,0.103,0.00135934543071289,"F.P.
skew = 1
excess kurtosis = 1.6","n = 20"
"unbalanced n, equal SD","four groups with moderate ordered effect: 0, 0.25, 0.50, 0.75 SD","moderate ordered effect: 0, 0.25, 0.50, 0.75 SD","0.00, 0.25, 0.50, 0.75","10, 16, 24, 30","F.P.",5,2,6.6,20,4,0.48256,0.00223470734728286,0.55056,0.00222460642092034,0.49992,0.00223606794887812,0.71878,0.00201064821189586,0.71878,0.00201064821189586,0.71874,0.00201073525059865,0.00146,0.000170755286887405,0.99854,0.000170755286887406,0.99854,0.000170755286887406,6e-04,0.0001095116432166,0.00086,0.000131092364384811,0.80174,0.00178299171282426,0.19826,0.00178299171282426,0.19826,0.00178299171282426,"F.P.
skew = 2
excess kurtosis = 6.6","n = 20"
"unbalanced n, equal SD","four groups with moderate ordered effect: 0, 0.25, 0.50, 0.75 SD","moderate ordered effect: 0, 0.25, 0.50, 0.75 SD","0.00, 0.25, 0.50, 0.75","25, 40, 60, 75","normal",1,0,0,50,4,0.87426,0.00148276398931185,0.86366,0.00153461007685992,0.87354,0.00148639071848555,0.85336,0.00158200322629254,0.8641,0.00153252203899324,0.87326,0.00148779684365843,0.9512,0.000963520212553945,0.0488,0.000963520212553945,0.0488,0.000963520212553945,0.89918,0.00134651645069787,0.05202,0.000993115497814831,0.9456,0.00101430409641291,0.0544,0.00101430409641291,0.0544,0.00101430409641291,"Normal distribution
skew = 0; excess kurtosis = 0","n = 50"
"unbalanced n, equal SD","four groups with moderate ordered effect: 0, 0.25, 0.50, 0.75 SD","moderate ordered effect: 0, 0.25, 0.50, 0.75 SD","0.00, 0.25, 0.50, 0.75","25, 40, 60, 75","F.P.",2,0,6,50,4,0.87552,0.00147637887820166,0.87992,0.00145369043196961,0.87602,0.00147383146662025,0.97128,0.000746929201464235,0.97098,0.000750704197404011,0.97102,0.000750202100770186,0.01512,0.000545735936144945,0.98488,0.000545735936144946,0.98488,0.000545735936144946,0.01414,0.000528016295203093,0.00098,0.00013993138318476,0.93998,0.00106223914068349,0.06002,0.00106223914068349,0.06002,0.00106223914068349,"F.P.
skew = 0
excess kurtosis = 6","n = 50"
"unbalanced n, equal SD","four groups with moderate ordered effect: 0, 0.25, 0.50, 0.75 SD","moderate ordered effect: 0, 0.25, 0.50, 0.75 SD","0.00, 0.25, 0.50, 0.75","25, 40, 60, 75","F.P.",3,0.5,1,50,4,0.87314,0.0014883987395856,0.86556,0.00152555489183444,0.87314,0.0014883987395856,0.88758,0.00141266941355718,0.88694,0.00141617397518808,0.88968,0.00140106743306666,0.35514,0.00214016625709313,0.64486,0.00214016625709313,0.64486,0.00214016625709313,0.33188,0.00210587590137691,0.02326,0.000674076737471336,0.93668,0.00108913339495215,0.06332,0.00108913339495215,0.06332,0.00108913339495215,"F.P.
skew = 0.5
excess kurtosis = 1","n = 50"
"unbalanced n, equal SD","four groups with moderate ordered effect: 0, 0.25, 0.50, 0.75 SD","moderate ordered effect: 0, 0.25, 0.50, 0.75 SD","0.00, 0.25, 0.50, 0.75","25, 40, 60, 75","F.P.",4,1,1.6,50,4,0.87746,0.00146645114749861,0.87064,0.00150083970096743,0.8778,0.00146469901344952,0.91298,0.00126053575593872,0.91302,0.00126027361791002,0.913,0.00126040469691286,0.00134,0.000163597334941618,0.99866,0.000163597334941619,0.99866,0.000163597334941619,0.00108,0.000146889999659609,0.00026,7.21016504665462e-05,0.9047,0.00131314820184167,0.0953,0.00131314820184167,0.0953,0.00131314820184167,"F.P.
skew = 1
excess kurtosis = 1.6","n = 50"
"unbalanced n, equal SD","four groups with moderate ordered effect: 0, 0.25, 0.50, 0.75 SD","moderate ordered effect: 0, 0.25, 0.50, 0.75 SD","0.00, 0.25, 0.50, 0.75","25, 40, 60, 75","F.P.",5,2,6.6,50,4,0.8733,0.00148759611454185,0.87432,0.00148246104569395,0.8771,0.00146830235305948,0.98702,0.000506192050510476,0.98702,0.000506192050510476,0.98702,0.000506192050510476,0,0,1,0,1,0,0,0,0,0,0.80944,0.00175639907993599,0.19056,0.00175639907993599,0.19056,0.00175639907993599,"F.P.
skew = 2
excess kurtosis = 6.6","n = 50"
"unbalanced n, equal SD","four groups with moderate ordered effect: 0, 0.25, 0.50, 0.75 SD","moderate ordered effect: 0, 0.25, 0.50, 0.75 SD","0.00, 0.25, 0.50, 0.75","50, 80, 120, 150","normal",1,0,0,100,4,0.99572,0.000291947995369037,0.99512,0.000311646774409747,0.99568,0.000293303174207167,0.99394,0.000347081442892009,0.99502,0.000314807865213053,0.99558,0.000296663567025005,0.94972,0.00097726067760859,0.05028,0.00097726067760859,0.05028,0.00097726067760859,0.90066,0.00133769626148838,0.04906,0.000965951514311148,0.94858,0.00098768399399808,0.05142,0.00098768399399808,0.05142,0.00098768399399808,"Normal distribution
skew = 0; excess kurtosis = 0","n = 100"
"unbalanced n, equal SD","four groups with moderate ordered effect: 0, 0.25, 0.50, 0.75 SD","moderate ordered effect: 0, 0.25, 0.50, 0.75 SD","0.00, 0.25, 0.50, 0.75","50, 80, 120, 150","F.P.",2,0,6,100,4,0.99426,0.00033784766981585,0.99396,0.000346511714087707,0.9941,0.00034249642333899,0.99988,4.89868553797871e-05,0.99988,4.89868553797871e-05,0.99988,4.89868553797871e-05,4e-05,2.828370555638e-05,0.99996,2.82837055563941e-05,0.99996,2.82837055563941e-05,4e-05,2.828370555638e-05,0,0,0.94488,0.0010206055614193,0.05512,0.0010206055614193,0.05512,0.0010206055614193,"F.P.
skew = 0
excess kurtosis = 6","n = 100"
"unbalanced n, equal SD","four groups with moderate ordered effect: 0, 0.25, 0.50, 0.75 SD","moderate ordered effect: 0, 0.25, 0.50, 0.75 SD","0.00, 0.25, 0.50, 0.75","50, 80, 120, 150","F.P.",3,0.5,1,100,4,0.99488,0.000319179748731025,0.99412,0.000341918867569486,0.9948,0.000321650742265582,0.99614,0.000277312112970205,0.99612,0.000278026818850268,0.99618,0.000275877059575458,0.09994,0.00134128294106799,0.90006,0.00134128294106799,0.90006,0.00134128294106799,0.09384,0.00130410164021061,0.0061,0.000348218035144649,0.93958,0.00106554609097871,0.06042,0.00106554609097871,0.06042,0.00106554609097871,"F.P.
skew = 0.5
excess kurtosis = 1","n = 100"
"unbalanced n, equal SD","four groups with moderate ordered effect: 0, 0.25, 0.50, 0.75 SD","moderate ordered effect: 0, 0.25, 0.50, 0.75 SD","0.00, 0.25, 0.50, 0.75","50, 80, 120, 150","F.P.",4,1,1.6,100,4,0.9951,0.00031228160368488,0.99386,0.000349350837983825,0.99468,0.0003253213057886,0.99816,0.000191656693073837,0.99816,0.000191656693073837,0.99816,0.000191656693073837,0,0,1,0,1,0,0,0,0,0,0.90702,0.00129872798999637,0.09298,0.00129872798999637,0.09298,0.00129872798999637,"F.P.
skew = 1
excess kurtosis = 1.6","n = 100"
"unbalanced n, equal SD","four groups with moderate ordered effect: 0, 0.25, 0.50, 0.75 SD","moderate ordered effect: 0, 0.25, 0.50, 0.75 SD","0.00, 0.25, 0.50, 0.75","50, 80, 120, 150","F.P.",5,2,6.6,100,4,0.99394,0.000347081442892009,0.9923,0.000390914568671981,0.99322,0.000366988599277961,0.99996,2.82837055563941e-05,0.99996,2.82837055563941e-05,0.99996,2.82837055563941e-05,0,0,1,0,1,0,0,0,0,0,0.8124,0.00174588796891439,0.1876,0.00174588796891439,0.1876,0.00174588796891439,"F.P.
skew = 2
excess kurtosis = 6.6","n = 100"
"unbalanced n, equal SD","four groups with moderate ordered effect: 0, 0.25, 0.50, 0.75 SD","moderate ordered effect: 0, 0.25, 0.50, 0.75 SD","0.00, 0.25, 0.50, 0.75","100, 160, 240, 300","normal",1,0,0,200,4,1,0,1,0,1,0,0.99998,1.999979999901e-05,1,0,1,0,0.94844,0.00098895466427941,0.05156,0.00098895466427941,0.05156,0.00098895466427941,0.90018,0.00134056680251303,0.04826,0.00095844637200002,0.94934,0.000980750369869928,0.05066,0.000980750369869928,0.05066,0.000980750369869928,"Normal distribution
skew = 0; excess kurtosis = 0","n = 200"
"unbalanced n, equal SD","four groups with moderate ordered effect: 0, 0.25, 0.50, 0.75 SD","moderate ordered effect: 0, 0.25, 0.50, 0.75 SD","0.00, 0.25, 0.50, 0.75","100, 160, 240, 300","F.P.",2,0,6,200,4,1,0,1,0,1,0,1,0,1,0,1,0,0,0,1,0,1,0,0,0,0,0,0.9463,0.00100813005113428,0.0537,0.00100813005113428,0.0537,0.00100813005113428,"F.P.
skew = 0
excess kurtosis = 6","n = 200"
"unbalanced n, equal SD","four groups with moderate ordered effect: 0, 0.25, 0.50, 0.75 SD","moderate ordered effect: 0, 0.25, 0.50, 0.75 SD","0.00, 0.25, 0.50, 0.75","100, 160, 240, 300","F.P.",3,0.5,1,200,4,1,0,1,0,1,0,1,0,1,0,1,0,0.00492,0.000312915119481306,0.99508,0.000312915119481307,0.99508,0.000312915119481307,0.00468,0.000305224428904372,0.00024,6.92737179599883e-05,0.9423,0.001042791541968,0.0577,0.001042791541968,0.0577,0.001042791541968,"F.P.
skew = 0.5
excess kurtosis = 1","n = 200"
"unbalanced n, equal SD","four groups with moderate ordered effect: 0, 0.25, 0.50, 0.75 SD","moderate ordered effect: 0, 0.25, 0.50, 0.75 SD","0.00, 0.25, 0.50, 0.75","100, 160, 240, 300","F.P.",4,1,1.6,200,4,1,0,1,0,1,0,1,0,1,0,1,0,0,0,1,0,1,0,0,0,0,0,0.90716,0.00129785002523404,0.09284,0.00129785002523404,0.09284,0.00129785002523404,"F.P.
skew = 1
excess kurtosis = 1.6","n = 200"
"unbalanced n, equal SD","four groups with moderate ordered effect: 0, 0.25, 0.50, 0.75 SD","moderate ordered effect: 0, 0.25, 0.50, 0.75 SD","0.00, 0.25, 0.50, 0.75","100, 160, 240, 300","F.P.",5,2,6.6,200,4,0.99998,1.999979999901e-05,0.99998,1.999979999901e-05,0.99998,1.999979999901e-05,1,0,1,0,1,0,0,0,1,0,1,0,0,0,0,0,0.8156,0.00173433929783073,0.1844,0.00173433929783073,0.1844,0.00173433929783073,"F.P.
skew = 2
excess kurtosis = 6.6","n = 200"
