"design","effect_size","shift_scale","eta_h_sq","omega_sq","group_mean_offsets","sd_per_group","n_vector","n_per_group","distribution","panel","skew","excess_kurtosis","fisher_power","welch_power","mean_power","rank_power","sw_power","gate_power","fisher_mc_se","welch_mc_se","mean_mc_se","rank_mc_se","sw_mc_se","gate_mc_se","route_fisher_probability","route_welch_probability","route_rank_probability"
"balanced n, equal SD","moderate ordered effect: 0, 0.25, 0.50, 0.75 SD (eta_H^2 fixed)",0.999999503783974,0.0708730481335658,0.072463701411846,"0.00, 0.25, 0.50, 0.75","1.0, 1.0, 1.0, 1.0","10, 10, 10, 10",10,"normal",1,0,0,0.26202,0.24182,0.26526,0.23398,0.2441,0.26758,0.00196654783618401,0.00191490515483143,0.00197432080675862,0.001893321734941,0.00192101634558376,0.00197980273562797,0.88466,0.0656,0.04974
"balanced n, equal SD","moderate ordered effect: 0, 0.25, 0.50, 0.75 SD (eta_H^2 fixed)",0.793517585748508,0.070870910827325,0.0468864947122487,"0.0000, 0.1984, 0.3968, 0.5951","1.0, 1.0, 1.0, 1.0","10, 10, 10, 10",10,"F.P.",2,0,6,0.18908,0.1898,0.19468,0.23198,0.22364,0.23598,0.0017511639192263,0.00175371582646676,0.00177076083986517,0.00188767200328871,0.00186346532245706,0.00189891252879115,0.50888,0.04546,0.44566
"balanced n, equal SD","moderate ordered effect: 0, 0.25, 0.50, 0.75 SD (eta_H^2 fixed)",0.953426151223152,0.070873620905545,0.066308265017592,"0.0000, 0.2384, 0.4767, 0.7151","1.0, 1.0, 1.0, 1.0","10, 10, 10, 10",10,"F.P.",3,0.5,1,0.24314,0.23064,0.24632,0.23346,0.2407,0.25806,0.00191845219069958,0.00188385344652921,0.00192689624837457,0.00189185849576547,0.00191187609431155,0.00195685991527242,0.75976,0.06648,0.17376
"balanced n, equal SD","moderate ordered effect: 0, 0.25, 0.50, 0.75 SD (eta_H^2 fixed)",0.914130079039433,0.0708735430348839,0.0612830920494916,"0.0000, 0.2285, 0.4571, 0.6856","1.0, 1.0, 1.0, 1.0","10, 10, 10, 10",10,"F.P.",4,1,1.6,0.23038,0.2246,0.23392,0.23734,0.2464,0.25842,0.00188310942645402,0.00186630565556663,0.00189315310315885,0.00190268086866926,0.00192710684706375,0.00195774923624043,0.49162,0.07372,0.43466
"balanced n, equal SD","moderate ordered effect: 0, 0.25, 0.50, 0.75 SD (eta_H^2 fixed)",0.704714767654588,0.0708716682736686,0.0373495516376855,"0.0000, 0.1762, 0.3524, 0.5285","1.0, 1.0, 1.0, 1.0","10, 10, 10, 10",10,"F.P.",5,2,6.6,0.15772,0.1784,0.16428,0.2322,0.23608,0.23764,0.00162999632883022,0.00171215326416767,0.00165705812571557,0.00188829637504286,0.00189919053072618,0.00190350849958701,0.07908,0.04458,0.87634
"balanced n, equal SD","moderate ordered effect: 0, 0.25, 0.50, 0.75 SD (eta_H^2 fixed)",0.999999503783974,0.0708730481335658,0.072463701411846,"0.00, 0.25, 0.50, 0.75","1.0, 1.0, 1.0, 1.0","20, 20, 20, 20",20,"normal",1,0,0,0.50972,0.49278,0.51118,0.47908,0.49516,0.51274,0.0022356454173236,0.00223583484005416,0.00223550892460755,0.00223410990598046,0.00223596321257752,0.00223534199799494,0.89592,0.0547,0.04938
"balanced n, equal SD","moderate ordered effect: 0, 0.25, 0.50, 0.75 SD (eta_H^2 fixed)",0.793517585748508,0.070870910827325,0.0468864947122487,"0.0000, 0.1984, 0.3968, 0.5951","1.0, 1.0, 1.0, 1.0","20, 20, 20, 20",20,"F.P.",2,0,6,0.3532,0.37032,0.35824,0.48506,0.4771,0.48078,0.00213752080691627,0.0021595513311797,0.00214431388747077,0.0022350695577543,0.00223372151352849,0.00223441532218162,0.23874,0.01634,0.74492
"balanced n, equal SD","moderate ordered effect: 0, 0.25, 0.50, 0.75 SD (eta_H^2 fixed)",0.953426151223152,0.070873620905545,0.066308265017592,"0.0000, 0.2384, 0.4767, 0.7151","1.0, 1.0, 1.0, 1.0","20, 20, 20, 20",20,"F.P.",3,0.5,1,0.47422,0.4667,0.47696,0.48712,0.49,0.50062,0.00223309378038631,0.00223110335932695,0.00223369272013856,0.00223532595207053,0.00223562071917398,0.00223606625841007,0.63216,0.04818,0.31966
"balanced n, equal SD","moderate ordered effect: 0, 0.25, 0.50, 0.75 SD (eta_H^2 fixed)",0.914130079039433,0.0708735430348839,0.0612830920494916,"0.0000, 0.2285, 0.4571, 0.6856","1.0, 1.0, 1.0, 1.0","20, 20, 20, 20",20,"F.P.",4,1,1.6,0.44276,0.43338,0.44432,0.48416,0.48824,0.49224,0.0022213670673709,0.00221613075246024,0.00222215992943802,0.0022349456118662,0.00223544940627159,0.00223579865998707,0.15984,0.02574,0.81442
"balanced n, equal SD","moderate ordered effect: 0, 0.25, 0.50, 0.75 SD (eta_H^2 fixed)",0.704714767654588,0.0708716682736686,0.0373495516376855,"0.0000, 0.1762, 0.3524, 0.5285","1.0, 1.0, 1.0, 1.0","20, 20, 20, 20",20,"F.P.",5,2,6.6,0.28964,0.30868,0.29374,0.48724,0.48732,0.48734,0.00202853972305203,0.00206589766251864,0.0020369428681237,0.0022353397164637,0.00223534882110153,0.00223535108830805,0.00068,0.00064,0.99868
"balanced n, equal SD","moderate ordered effect: 0, 0.25, 0.50, 0.75 SD (eta_H^2 fixed)",0.999999503783974,0.0708730481335658,0.072463701411846,"0.00, 0.25, 0.50, 0.75","1.0, 1.0, 1.0, 1.0","30, 30, 30, 30",30,"normal",1,0,0,0.7113,0.69852,0.71176,0.68208,0.69982,0.71204,0.00202658486128758,0.00205226611139979,0.0020256243600431,0.00208253150564403,0.00204974128904113,0.00202503846086932,0.9009,0.05148,0.04762
"balanced n, equal SD","moderate ordered effect: 0, 0.25, 0.50, 0.75 SD (eta_H^2 fixed)",0.793517585748508,0.070870910827325,0.0468864947122487,"0.0000, 0.1984, 0.3968, 0.5951","1.0, 1.0, 1.0, 1.0","30, 30, 30, 30",30,"F.P.",2,0,6,0.51532,0.53282,0.51954,0.69112,0.6873,0.6875,0.00223501810999374,0.00223124560548587,0.00223435981166866,0.00206626787034015,0.00207325208308107,0.00207289049397212,0.09952,0.00688,0.8936
"balanced n, equal SD","moderate ordered effect: 0, 0.25, 0.50, 0.75 SD (eta_H^2 fixed)",0.953426151223152,0.070873620905545,0.066308265017592,"0.0000, 0.2384, 0.4767, 0.7151","1.0, 1.0, 1.0, 1.0","30, 30, 30, 30",30,"F.P.",3,0.5,1,0.6698,0.66212,0.67072,0.6896,0.6904,0.6959,0.00210317835667829,0.00211526407618529,0.00210168828135858,0.00206906664948232,0.00206759686592914,0.00205729526320361,0.51616,0.03692,0.44692
"balanced n, equal SD","moderate ordered effect: 0, 0.25, 0.50, 0.75 SD (eta_H^2 fixed)",0.914130079039433,0.0708735430348839,0.0612830920494916,"0.0000, 0.2285, 0.4571, 0.6856","1.0, 1.0, 1.0, 1.0","30, 30, 30, 30",30,"F.P.",4,1,1.6,0.63098,0.62562,0.633,0.69084,0.69202,0.69226,0.00215798164774402,0.00216434570066799,0.00215550922057875,0.00206678539960007,0.00206459836094094,0.00206415160489728,0.03872,0.00626,0.95502
"balanced n, equal SD","moderate ordered effect: 0, 0.25, 0.50, 0.75 SD (eta_H^2 fixed)",0.704714767654588,0.0708716682736686,0.0373495516376855,"0.0000, 0.1762, 0.3524, 0.5285","1.0, 1.0, 1.0, 1.0","30, 30, 30, 30",30,"F.P.",5,2,6.6,0.41708,0.4326,0.42204,0.68648,0.68648,0.68648,0.00220510441294738,0.00221565899903392,0.00220872016516353,0.00207472990820492,0.00207472990820492,0.00207472990820492,0,0,1
"balanced n, equal SD","moderate ordered effect: 0, 0.25, 0.50, 0.75 SD (eta_H^2 fixed)",0.999999503783974,0.0708730481335658,0.072463701411846,"0.00, 0.25, 0.50, 0.75","1.0, 1.0, 1.0, 1.0","50, 50, 50, 50",50,"normal",1,0,0,0.92138,0.91774,0.92158,0.90664,0.91788,0.9214,0.00120365190649124,0.00122876598585736,0.00120225041983773,0.00130110653214869,0.00122781354936326,0.00120351186117961,0.90226,0.05,0.04774
"balanced n, equal SD","moderate ordered effect: 0, 0.25, 0.50, 0.75 SD (eta_H^2 fixed)",0.793517585748508,0.070870910827325,0.0468864947122487,"0.0000, 0.1984, 0.3968, 0.5951","1.0, 1.0, 1.0, 1.0","50, 50, 50, 50",50,"F.P.",2,0,6,0.74502,0.7555,0.74716,0.9056,0.90492,0.90504,0.00194918033850129,0.00192208090360422,0.00194376919617531,0.00130758280808521,0.00131179109312421,0.00131104994870524,0.01502,0.00076,0.98422
"balanced n, equal SD","moderate ordered effect: 0, 0.25, 0.50, 0.75 SD (eta_H^2 fixed)",0.953426151223152,0.070873620905545,0.066308265017592,"0.0000, 0.2384, 0.4767, 0.7151","1.0, 1.0, 1.0, 1.0","50, 50, 50, 50",50,"F.P.",3,0.5,1,0.89428,0.89082,0.8942,0.90934,0.90904,0.91074,0.00137508749976138,0.00139470231662531,0.00137554614608162,0.00128406202653922,0.00128597261557158,0.00127508942745205,0.33376,0.0232,0.64304
"balanced n, equal SD","moderate ordered effect: 0, 0.25, 0.50, 0.75 SD (eta_H^2 fixed)",0.914130079039433,0.0708735430348839,0.0612830920494916,"0.0000, 0.2285, 0.4571, 0.6856","1.0, 1.0, 1.0, 1.0","50, 50, 50, 50",50,"F.P.",4,1,1.6,0.86424,0.86224,0.8652,0.91,0.91002,0.91004,0.00153185653636364,0.00154131231358216,0.00152727836362596,0.00127984374046209,0.00127971559027778,0.00127958742100726,9e-04,0.00022,0.99888
"balanced n, equal SD","moderate ordered effect: 0, 0.25, 0.50, 0.75 SD (eta_H^2 fixed)",0.704714767654588,0.0708716682736686,0.0373495516376855,"0.0000, 0.1762, 0.3524, 0.5285","1.0, 1.0, 1.0, 1.0","50, 50, 50, 50",50,"F.P.",5,2,6.6,0.63886,0.64588,0.64344,0.9065,0.9065,0.9065,0.00214810567896461,0.00213878014578404,0.00214207827307967,0.00130198118265972,0.00130198118265972,0.00130198118265972,0,0,1
"balanced n, equal SD","moderate ordered effect: 0, 0.25, 0.50, 0.75 SD (eta_H^2 fixed)",0.999999503783974,0.0708730481335658,0.072463701411846,"0.00, 0.25, 0.50, 0.75","1.0, 1.0, 1.0, 1.0","100, 100, 100, 100",100,"normal",1,0,0,0.99876,0.99866,0.99876,0.99798,0.99864,0.99874,0.000157382489496133,0.000163597334941619,0.000157382489496133,0.000200794402312416,0.00016481203839526,0.000158645037741496,0.8978,0.049,0.0532
"balanced n, equal SD","moderate ordered effect: 0, 0.25, 0.50, 0.75 SD (eta_H^2 fixed)",0.793517585748508,0.070870910827325,0.0468864947122487,"0.0000, 0.1984, 0.3968, 0.5951","1.0, 1.0, 1.0, 1.0","100, 100, 100, 100",100,"F.P.",2,0,6,0.96894,0.96996,0.96892,0.99766,0.99766,0.99766,0.000775825707230689,0.000763381928001966,0.000776067440368426,0.000216079818585633,0.000216079818585633,0.000216079818585633,4e-05,0,0.99996
"balanced n, equal SD","moderate ordered effect: 0, 0.25, 0.50, 0.75 SD (eta_H^2 fixed)",0.953426151223152,0.070873620905545,0.066308265017592,"0.0000, 0.2384, 0.4767, 0.7151","1.0, 1.0, 1.0, 1.0","100, 100, 100, 100",100,"F.P.",3,0.5,1,0.99722,0.99712,0.99726,0.99822,0.9982,0.99822,0.000235468537176414,0.000239654150809035,0.000233773069449839,0.000188511622983836,0.000189565819703871,0.000188511622983836,0.0941,0.00618,0.89972
"balanced n, equal SD","moderate ordered effect: 0, 0.25, 0.50, 0.75 SD (eta_H^2 fixed)",0.914130079039433,0.0708735430348839,0.0612830920494916,"0.0000, 0.2285, 0.4571, 0.6856","1.0, 1.0, 1.0, 1.0","100, 100, 100, 100",100,"F.P.",4,1,1.6,0.99434,0.99426,0.9944,0.99818,0.99818,0.99818,0.000335498566315864,0.00033784766981585,0.000333725635814813,0.00019061414428106,0.00019061414428106,0.00019061414428106,0,0,1
"balanced n, equal SD","moderate ordered effect: 0, 0.25, 0.50, 0.75 SD (eta_H^2 fixed)",0.704714767654588,0.0708716682736686,0.0373495516376855,"0.0000, 0.1762, 0.3524, 0.5285","1.0, 1.0, 1.0, 1.0","100, 100, 100, 100",100,"F.P.",5,2,6.6,0.92034,0.92284,0.92202,0.99796,0.99796,0.99796,0.00121090284003301,0.00119336779242612,0.00119915903532434,0.000201783963683938,0.000201783963683938,0.000201783963683938,0,0,1
"balanced n, equal SD","moderate ordered effect: 0, 0.25, 0.50, 0.75 SD (eta_H^2 fixed)",0.999999503783974,0.0708730481335658,0.072463701411846,"0.00, 0.25, 0.50, 0.75","1.0, 1.0, 1.0, 1.0","200, 200, 200, 200",200,"normal",1,0,0,1,1,1,1,1,1,0,0,0,0,0,0,0.90366,0.04712,0.04922
"balanced n, equal SD","moderate ordered effect: 0, 0.25, 0.50, 0.75 SD (eta_H^2 fixed)",0.793517585748508,0.070870910827325,0.0468864947122487,"0.0000, 0.1984, 0.3968, 0.5951","1.0, 1.0, 1.0, 1.0","200, 200, 200, 200",200,"F.P.",2,0,6,0.9998,0.99976,0.9998,1,1,1,6.32392283317844e-05,6.92737179599909e-05,6.32392283317844e-05,0,0,0,0,0,1
"balanced n, equal SD","moderate ordered effect: 0, 0.25, 0.50, 0.75 SD (eta_H^2 fixed)",0.953426151223152,0.070873620905545,0.066308265017592,"0.0000, 0.2384, 0.4767, 0.7151","1.0, 1.0, 1.0, 1.0","200, 200, 200, 200",200,"F.P.",3,0.5,1,1,1,1,1,1,1,0,0,0,0,0,0,0.00544,2e-04,0.99436
"balanced n, equal SD","moderate ordered effect: 0, 0.25, 0.50, 0.75 SD (eta_H^2 fixed)",0.914130079039433,0.0708735430348839,0.0612830920494916,"0.0000, 0.2285, 0.4571, 0.6856","1.0, 1.0, 1.0, 1.0","200, 200, 200, 200",200,"F.P.",4,1,1.6,1,1,1,1,1,1,0,0,0,0,0,0,0,0,1
"balanced n, equal SD","moderate ordered effect: 0, 0.25, 0.50, 0.75 SD (eta_H^2 fixed)",0.704714767654588,0.0708716682736686,0.0373495516376855,"0.0000, 0.1762, 0.3524, 0.5285","1.0, 1.0, 1.0, 1.0","200, 200, 200, 200",200,"F.P.",5,2,6.6,0.99862,0.9988,0.99874,1,1,1,0.000166017806273908,0.000154826354345762,0.000158645037741496,0,0,0,0,0,1
"unbalanced n, equal SD","moderate ordered effect: 0, 0.25, 0.50, 0.75 SD (eta_H^2 fixed)",1.08606710202999,0.0708739124478115,0.0730748648185426,"0.0000, 0.2715, 0.5430, 0.8146","1.0, 1.0, 1.0, 1.0","5, 8, 12, 15",10,"normal",1,0,0,0.25846,0.23684,0.26136,0.22728,0.2391,0.2637,0.00195784794302316,0.00190129857939252,0.00196494758403373,0.00187416008707901,0.00190751770633984,0.00197059539226093,0.88542,0.06524,0.04934
"unbalanced n, equal SD","moderate ordered effect: 0, 0.25, 0.50, 0.75 SD (eta_H^2 fixed)",0.862633538305991,0.0708722415840418,0.0473786864915199,"0.0000, 0.2157, 0.4313, 0.6470","1.0, 1.0, 1.0, 1.0","5, 8, 12, 15",10,"F.P.",2,0,6,0.19284,0.20126,0.1921,0.2353,0.2274,0.23918,0.0017643850736163,0.00179306671599246,0.00176180356453266,0.00189701823923757,0.00187450921576822,0.00190773649962462,0.50532,0.05228,0.4424
"unbalanced n, equal SD","moderate ordered effect: 0, 0.25, 0.50, 0.75 SD (eta_H^2 fixed)",1.03318922613287,0.0708730393286795,0.0665947540370122,"0.0000, 0.2583, 0.5166, 0.7749","1.0, 1.0, 1.0, 1.0","5, 8, 12, 15",10,"F.P.",3,0.5,1,0.24054,0.24962,0.24666,0.23544,0.25292,0.2578,0.00191144190808928,0.00193550952258055,0.00192779067535871,0.0018974087930649,0.00194397260062996,0.00195621655242972,0.75902,0.07108,0.1699
"unbalanced n, equal SD","moderate ordered effect: 0, 0.25, 0.50, 0.75 SD (eta_H^2 fixed)",0.988859229326836,0.0708731759388011,0.0613457708525237,"0.0000, 0.2472, 0.4944, 0.7416","1.0, 1.0, 1.0, 1.0","5, 8, 12, 15",10,"F.P.",4,1,1.6,0.22396,0.27028,0.23534,0.24418,0.26858,0.26134,0.00186441367941774,0.00198609527263926,0.0018971298553341,0.00192122943762581,0.00198214421069709,0.00196489900198458,0.49048,0.07906,0.43046
"unbalanced n, equal SD","moderate ordered effect: 0, 0.25, 0.50, 0.75 SD (eta_H^2 fixed)",0.76540292101895,0.0708721929046365,0.0376799075389646,"0.0000, 0.1914, 0.3827, 0.5741","1.0, 1.0, 1.0, 1.0","5, 8, 12, 15",10,"F.P.",5,2,6.6,0.14898,0.26492,0.17386,0.26086,0.26772,0.2651,0.00159238788993134,0.00197351155861829,0.00169489055929874,0.00196373145007152,0.00198013131685755,0.00197394017133245,0.07814,0.04268,0.87918
"unbalanced n, equal SD","moderate ordered effect: 0, 0.25, 0.50, 0.75 SD (eta_H^2 fixed)",1.08606710202999,0.0708739124478115,0.0730748648185426,"0.0000, 0.2715, 0.5430, 0.8146","1.0, 1.0, 1.0, 1.0","10, 16, 24, 30",20,"normal",1,0,0,0.51824,0.4897,0.5181,0.48392,0.49216,0.51962,0.00223457961326062,0.00223559347825136,0.00223460238073801,0.00223491133425915,0.00223579307808214,0.00223434579060628,0.89238,0.05856,0.04906
"unbalanced n, equal SD","moderate ordered effect: 0, 0.25, 0.50, 0.75 SD (eta_H^2 fixed)",0.862633538305991,0.0708722415840418,0.0473786864915199,"0.0000, 0.2157, 0.4313, 0.6470","1.0, 1.0, 1.0, 1.0","10, 16, 24, 30",20,"F.P.",2,0,6,0.3562,0.38094,0.35802,0.48288,0.47722,0.47876,0.00214159548001017,0.00217174914020934,0.00214402275920756,0.00223475683509415,0.00223374605360591,0.00223404951780394,0.23332,0.01792,0.74876
"unbalanced n, equal SD","moderate ordered effect: 0, 0.25, 0.50, 0.75 SD (eta_H^2 fixed)",1.03318922613287,0.0708730393286795,0.0665947540370122,"0.0000, 0.2583, 0.5166, 0.7749","1.0, 1.0, 1.0, 1.0","10, 16, 24, 30",20,"F.P.",3,0.5,1,0.48092,0.4821,0.48408,0.48916,0.49554,0.50336,0.00223443931938193,0.00223463460100304,0.00223493424332798,0.00223554241471729,0.00223597901779064,0.0022360174883037,0.63658,0.0492,0.31422
"unbalanced n, equal SD","moderate ordered effect: 0, 0.25, 0.50, 0.75 SD (eta_H^2 fixed)",0.988859229326836,0.0708731759388011,0.0613457708525237,"0.0000, 0.2472, 0.4944, 0.7416","1.0, 1.0, 1.0, 1.0","10, 16, 24, 30",20,"F.P.",4,1,1.6,0.44826,0.4709,0.45534,0.4938,0.5002,0.50126,0.00222406372390721,0.00223227771569758,0.00222713037067882,0.00223589606198499,0.00223606779861434,0.00223606087752548,0.15928,0.0257,0.81502
"unbalanced n, equal SD","moderate ordered effect: 0, 0.25, 0.50, 0.75 SD (eta_H^2 fixed)",0.76540292101895,0.0708721929046365,0.0376799075389646,"0.0000, 0.1914, 0.3827, 0.5741","1.0, 1.0, 1.0, 1.0","10, 16, 24, 30",20,"F.P.",5,2,6.6,0.29316,0.39054,0.31268,0.50066,0.5008,0.50076,0.00203576626556194,0.00218182725439023,0.00207321594437241,0.00223606602943652,0.00223606511533095,0.00223606539439257,0.00086,0.00082,0.99832
"unbalanced n, equal SD","moderate ordered effect: 0, 0.25, 0.50, 0.75 SD (eta_H^2 fixed)",1.08606710202999,0.0708739124478115,0.0730748648185426,"0.0000, 0.2715, 0.5430, 0.8146","1.0, 1.0, 1.0, 1.0","15, 24, 36, 45",30,"normal",1,0,0,0.71766,0.69614,0.71716,0.6877,0.69696,0.7174,0.00201307786436591,0.00205683786624031,0.00201415756285351,0.0020725284557757,0.00205527009611876,0.00201363968971611,0.8967,0.05424,0.04906
"unbalanced n, equal SD","moderate ordered effect: 0, 0.25, 0.50, 0.75 SD (eta_H^2 fixed)",0.862633538305991,0.0708722415840418,0.0473786864915199,"0.0000, 0.2157, 0.4313, 0.6470","1.0, 1.0, 1.0, 1.0","15, 24, 36, 45",30,"F.P.",2,0,6,0.51366,0.53826,0.51592,0.68824,0.6842,0.68516,0.00223523334083939,0.00222951193044576,0.00223493424332798,0.00207154870760984,0.00207879946122756,0.0020770930378777,0.10088,0.00628,0.89284
"unbalanced n, equal SD","moderate ordered effect: 0, 0.25, 0.50, 0.75 SD (eta_H^2 fixed)",1.03318922613287,0.0708730393286795,0.0665947540370122,"0.0000, 0.2583, 0.5166, 0.7749","1.0, 1.0, 1.0, 1.0","15, 24, 36, 45",30,"F.P.",3,0.5,1,0.67076,0.66674,0.6718,0.6866,0.68862,0.69498,0.00210162328879369,0.0021080691278988,0.00209992742731743,0.00207451411178618,0.0020708572891438,0.00205904249397627,0.52008,0.0368,0.44312
"unbalanced n, equal SD","moderate ordered effect: 0, 0.25, 0.50, 0.75 SD (eta_H^2 fixed)",0.988859229326836,0.0708731759388011,0.0613457708525237,"0.0000, 0.2472, 0.4944, 0.7416","1.0, 1.0, 1.0, 1.0","15, 24, 36, 45",30,"F.P.",4,1,1.6,0.63568,0.64012,0.63908,0.68974,0.69052,0.69104,0.00215216606050741,0.00214646866084739,0.00214782100557751,0.00206880995937278,0.00206737577426069,0.00206641582649766,0.03694,0.00578,0.95728
"unbalanced n, equal SD","moderate ordered effect: 0, 0.25, 0.50, 0.75 SD (eta_H^2 fixed)",0.76540292101895,0.0708721929046365,0.0376799075389646,"0.0000, 0.1914, 0.3827, 0.5741","1.0, 1.0, 1.0, 1.0","15, 24, 36, 45",30,"F.P.",5,2,6.6,0.43212,0.4993,0.44634,0.69494,0.69494,0.69494,0.00221536590928,0.0022360657861521,0.00222315363571661,0.00205911824041263,0.00205911824041263,0.00205911824041263,0,0,1
"unbalanced n, equal SD","moderate ordered effect: 0, 0.25, 0.50, 0.75 SD (eta_H^2 fixed)",1.08606710202999,0.0708739124478115,0.0730748648185426,"0.0000, 0.2715, 0.5430, 0.8146","1.0, 1.0, 1.0, 1.0","25, 40, 60, 75",50,"normal",1,0,0,0.9279,0.91922,0.92732,0.9111,0.91932,0.92698,0.00115673324496186,0.00121864343923889,0.0011610135020748,0.00127276698574405,0.00121795515188368,0.00116351260929996,0.8987,0.0521,0.0492
"unbalanced n, equal SD","moderate ordered effect: 0, 0.25, 0.50, 0.75 SD (eta_H^2 fixed)",0.862633538305991,0.0708722415840418,0.0473786864915199,"0.0000, 0.2157, 0.4313, 0.6470","1.0, 1.0, 1.0, 1.0","25, 40, 60, 75",50,"F.P.",2,0,6,0.74964,0.76428,0.75096,0.90964,0.90912,0.90918,0.00193742029719935,0.00189818904011165,0.00193400661012314,0.00128214718655855,0.00128546353973965,0.00128508153515643,0.01388,0.00072,0.9854
"unbalanced n, equal SD","moderate ordered effect: 0, 0.25, 0.50, 0.75 SD (eta_H^2 fixed)",1.03318922613287,0.0708730393286795,0.0665947540370122,"0.0000, 0.2583, 0.5166, 0.7749","1.0, 1.0, 1.0, 1.0","25, 40, 60, 75",50,"F.P.",3,0.5,1,0.89722,0.88928,0.89656,0.9098,0.90886,0.91164,0.00135805943610727,0.0014032895752481,0.00136191164471121,0.00128112419382353,0.00128711693641254,0.00126927152650644,0.33214,0.0246,0.64326
"unbalanced n, equal SD","moderate ordered effect: 0, 0.25, 0.50, 0.75 SD (eta_H^2 fixed)",0.988859229326836,0.0708731759388011,0.0613457708525237,"0.0000, 0.2472, 0.4944, 0.7416","1.0, 1.0, 1.0, 1.0","25, 40, 60, 75",50,"F.P.",4,1,1.6,0.86708,0.86008,0.8674,0.90702,0.90706,0.9071,0.00151823762040071,0.00155140190537462,0.00151668876174382,0.00129872798999637,0.00129847723430178,0.00129822640552409,0.00098,2e-04,0.99882
"unbalanced n, equal SD","moderate ordered effect: 0, 0.25, 0.50, 0.75 SD (eta_H^2 fixed)",0.76540292101895,0.0708721929046365,0.0376799075389646,"0.0000, 0.1914, 0.3827, 0.5741","1.0, 1.0, 1.0, 1.0","25, 40, 60, 75",50,"F.P.",5,2,6.6,0.65228,0.68022,0.66086,0.90366,0.90366,0.90366,0.00212983943807978,0.00208576485539478,0.00211718709801472,0.00131953479984425,0.00131953479984425,0.00131953479984425,0,0,1
"unbalanced n, equal SD","moderate ordered effect: 0, 0.25, 0.50, 0.75 SD (eta_H^2 fixed)",1.08606710202999,0.0708739124478115,0.0730748648185426,"0.0000, 0.2715, 0.5430, 0.8146","1.0, 1.0, 1.0, 1.0","50, 80, 120, 150",100,"normal",1,0,0,0.99896,0.99896,0.99898,0.99868,0.99896,0.99896,0.000144147036043065,0.000144147036043065,0.000142755707416553,0.00016237349537409,0.000144147036043065,0.000144147036043065,0.89872,0.04972,0.05156
"unbalanced n, equal SD","moderate ordered effect: 0, 0.25, 0.50, 0.75 SD (eta_H^2 fixed)",0.862633538305991,0.0708722415840418,0.0473786864915199,"0.0000, 0.2157, 0.4313, 0.6470","1.0, 1.0, 1.0, 1.0","50, 80, 120, 150",100,"F.P.",2,0,6,0.97074,0.97042,0.97074,0.99792,0.99792,0.99792,0.000753708861563932,0.00075769418105196,0.000753708861563932,0.000203748550915091,0.000203748550915091,0.000203748550915091,0.00012,2e-05,0.99986
"unbalanced n, equal SD","moderate ordered effect: 0, 0.25, 0.50, 0.75 SD (eta_H^2 fixed)",1.03318922613287,0.0708730393286795,0.0665947540370122,"0.0000, 0.2583, 0.5166, 0.7749","1.0, 1.0, 1.0, 1.0","50, 80, 120, 150",100,"F.P.",3,0.5,1,0.9967,0.99614,0.99648,0.99808,0.99802,0.99804,0.000256480408608532,0.000277312112970205,0.000264862590790016,0.00019577096822563,0.000198800382293394,0.000197795773463437,0.09568,0.00628,0.89804
"unbalanced n, equal SD","moderate ordered effect: 0, 0.25, 0.50, 0.75 SD (eta_H^2 fixed)",0.988859229326836,0.0708731759388011,0.0613457708525237,"0.0000, 0.2472, 0.4944, 0.7416","1.0, 1.0, 1.0, 1.0","50, 80, 120, 150",100,"F.P.",4,1,1.6,0.9944,0.99296,0.99368,0.99784,0.99784,0.99784,0.000333725635814813,0.000373910106843879,0.000354402528207686,0.000207621501776673,0.000207621501776673,0.000207621501776673,0,0,1
"unbalanced n, equal SD","moderate ordered effect: 0, 0.25, 0.50, 0.75 SD (eta_H^2 fixed)",0.76540292101895,0.0708721929046365,0.0376799075389646,"0.0000, 0.1914, 0.3827, 0.5741","1.0, 1.0, 1.0, 1.0","50, 80, 120, 150",100,"F.P.",5,2,6.6,0.9249,0.92302,0.92642,0.99716,0.99716,0.99716,0.00117864320300929,0.00119209126831799,0.00116761280911097,0.000237988840074486,0.000237988840074486,0.000237988840074486,0,0,1
"unbalanced n, equal SD","moderate ordered effect: 0, 0.25, 0.50, 0.75 SD (eta_H^2 fixed)",1.08606710202999,0.0708739124478115,0.0730748648185426,"0.0000, 0.2715, 0.5430, 0.8146","1.0, 1.0, 1.0, 1.0","100, 160, 240, 300",200,"normal",1,0,0,1,1,1,1,1,1,0,0,0,0,0,0,0.89808,0.04942,0.0525
"unbalanced n, equal SD","moderate ordered effect: 0, 0.25, 0.50, 0.75 SD (eta_H^2 fixed)",0.862633538305991,0.0708722415840418,0.0473786864915199,"0.0000, 0.2157, 0.4313, 0.6470","1.0, 1.0, 1.0, 1.0","100, 160, 240, 300",200,"F.P.",2,0,6,0.9998,0.99974,0.9998,1,1,1,6.32392283317844e-05,7.21016504665515e-05,6.32392283317844e-05,0,0,0,0,0,1
"unbalanced n, equal SD","moderate ordered effect: 0, 0.25, 0.50, 0.75 SD (eta_H^2 fixed)",1.03318922613287,0.0708730393286795,0.0665947540370122,"0.0000, 0.2583, 0.5166, 0.7749","1.0, 1.0, 1.0, 1.0","100, 160, 240, 300",200,"F.P.",3,0.5,1,1,1,1,1,1,1,0,0,0,0,0,0,0.00434,3e-04,0.99536
"unbalanced n, equal SD","moderate ordered effect: 0, 0.25, 0.50, 0.75 SD (eta_H^2 fixed)",0.988859229326836,0.0708731759388011,0.0613457708525237,"0.0000, 0.2472, 0.4944, 0.7416","1.0, 1.0, 1.0, 1.0","100, 160, 240, 300",200,"F.P.",4,1,1.6,0.99998,0.99998,0.99998,1,1,1,1.999979999901e-05,1.999979999901e-05,1.999979999901e-05,0,0,0,0,0,1
"unbalanced n, equal SD","moderate ordered effect: 0, 0.25, 0.50, 0.75 SD (eta_H^2 fixed)",0.76540292101895,0.0708721929046365,0.0376799075389646,"0.0000, 0.1914, 0.3827, 0.5741","1.0, 1.0, 1.0, 1.0","100, 160, 240, 300",200,"F.P.",5,2,6.6,0.99826,0.99786,0.99792,1,1,1,0.000186385214005831,0.000206660126778246,0.000203748550915091,0,0,0,0,0,1
"balanced n, unequal SD","moderate ordered effect: 0, 0.25, 0.50, 0.75 SD (eta_H^2 fixed)",1.60299588463234,0.0708670716435884,0.0715493881486612,"0.0000, 0.4007, 0.8015, 1.2022","1.0, 1.3, 1.7, 2.2","10, 10, 10, 10",10,"normal",1,0,0,0.25486,0.25926,0.2683,0.23472,0.2659,0.27494,0.00194887855137256,0.00195981760579907,0.00198148989399391,0.00189539716998839,0.00197584002388857,0.001996737320731,0.5057,0.37016,0.12414
"balanced n, unequal SD","moderate ordered effect: 0, 0.25, 0.50, 0.75 SD (eta_H^2 fixed)",1.23287951463116,0.0708500041977333,0.0435977584569692,"0.0000, 0.3082, 0.6164, 0.9247","1.0, 1.3, 1.7, 2.2","10, 10, 10, 10",10,"F.P.",2,0,6,0.18656,0.19832,0.19566,0.23562,0.23714,0.24344,0.00174215594250343,0.00178319475997436,0.0017741316997337,0.00189791051211589,0.00190212838893698,0.0019192548887524,0.31936,0.1271,0.55354
"balanced n, unequal SD","moderate ordered effect: 0, 0.25, 0.50, 0.75 SD (eta_H^2 fixed)",1.64321511344077,0.0708735252315546,0.0749124467182468,"0.0000, 0.4108, 0.8216, 1.2324","1.0, 1.3, 1.7, 2.2","10, 10, 10, 10",10,"F.P.",3,0.5,1,0.25714,0.25958,0.26458,0.23434,0.26412,0.27084,0.00195457934297894,0.00196060308884792,0.00197270080650868,0.00189433241222337,0.00197160150943338,0.00198738871084647,0.44212,0.29594,0.26194
"balanced n, unequal SD","moderate ordered effect: 0, 0.25, 0.50, 0.75 SD (eta_H^2 fixed)",1.77062454868619,0.0708724649510383,0.0859426444706852,"0.0000, 0.4427, 0.8853, 1.3280","1.0, 1.3, 1.7, 2.2","10, 10, 10, 10",10,"F.P.",4,1,1.6,0.28272,0.28536,0.28408,0.2371,0.27856,0.28222,0.00201389871443427,0.00201955277425474,0.0020168220228865,0.00190201782326034,0.00200481583393588,0.00201281828091857,0.30098,0.26196,0.43706
"balanced n, unequal SD","moderate ordered effect: 0, 0.25, 0.50, 0.75 SD (eta_H^2 fixed)",1.63570301312023,0.0708732918684571,0.0742798356065394,"0.0000, 0.4089, 0.8179, 1.2268","1.0, 1.3, 1.7, 2.2","10, 10, 10, 10",10,"F.P.",5,2,6.6,0.23456,0.24958,0.23256,0.2306,0.24682,0.24818,0.0018949491096069,0.00193540602251827,0.0018893165240372,0.0018837390477452,0.00192821102372121,0.00193176959081563,0.06274,0.09074,0.84652
"balanced n, unequal SD","moderate ordered effect: 0, 0.25, 0.50, 0.75 SD (eta_H^2 fixed)",1.60299588463234,0.0708670716435884,0.0715493881486612,"0.0000, 0.4007, 0.8015, 1.2022","1.0, 1.3, 1.7, 2.2","20, 20, 20, 20",20,"normal",1,0,0,0.49054,0.5365,0.53346,0.4804,0.53964,0.53718,0.00223566772307514,0.00223010201560377,0.00223105548294972,0.00223434930125081,0.00222902970101343,0.00222987734012434,0.1853,0.61594,0.19876
"balanced n, unequal SD","moderate ordered effect: 0, 0.25, 0.50, 0.75 SD (eta_H^2 fixed)",1.23287951463116,0.0708500041977333,0.0435977584569692,"0.0000, 0.3082, 0.6164, 0.9247","1.0, 1.3, 1.7, 2.2","20, 20, 20, 20",20,"F.P.",2,0,6,0.33424,0.38546,0.37074,0.4887,0.49096,0.49024,0.00210961428891634,0.00217660556095954,0.00216005487152526,0.00223549685752407,0.00223570247752245,0.0022356419319739,0.0753,0.0706,0.8541
"balanced n, unequal SD","moderate ordered effect: 0, 0.25, 0.50, 0.75 SD (eta_H^2 fixed)",1.64321511344077,0.0708735252315546,0.0749124467182468,"0.0000, 0.4108, 0.8216, 1.2324","1.0, 1.3, 1.7, 2.2","20, 20, 20, 20",20,"F.P.",3,0.5,1,0.51524,0.55668,0.54876,0.48262,0.52908,0.5264,0.0022350290485808,0.00222165423772467,0.0022254099056129,0.00223471669613846,0.00223228292830456,0.00223294890223668,0.15306,0.36844,0.4785
"balanced n, unequal SD","moderate ordered effect: 0, 0.25, 0.50, 0.75 SD (eta_H^2 fixed)",1.77062454868619,0.0708724649510383,0.0859426444706852,"0.0000, 0.4427, 0.8853, 1.3280","1.0, 1.3, 1.7, 2.2","20, 20, 20, 20",20,"F.P.",4,1,1.6,0.59512,0.62112,0.6139,0.48598,0.52046,0.52032,0.0021952320405825,0.00216946973060239,0.00217727715277592,0.00223518875981426,0.0022341951051777,0.00223422065875329,0.05454,0.18128,0.76418
"balanced n, unequal SD","moderate ordered effect: 0, 0.25, 0.50, 0.75 SD (eta_H^2 fixed)",1.63570301312023,0.0708732918684571,0.0742798356065394,"0.0000, 0.4089, 0.8179, 1.2268","1.0, 1.3, 1.7, 2.2","20, 20, 20, 20",20,"F.P.",5,2,6.6,0.52738,0.55768,0.53368,0.48492,0.48562,0.48562,0.00223271285928128,0.00222113942651064,0.00223098927653183,0.00223505075378614,0.0022351430182429,0.0022351430182429,7e-04,0.005,0.9943
"balanced n, unequal SD","moderate ordered effect: 0, 0.25, 0.50, 0.75 SD (eta_H^2 fixed)",1.60299588463234,0.0708670716435884,0.0715493881486612,"0.0000, 0.4007, 0.8015, 1.2022","1.0, 1.3, 1.7, 2.2","30, 30, 30, 30",30,"normal",1,0,0,0.69142,0.74866,0.74672,0.68696,0.74326,0.7416,0.00206571238849942,0.00193993919698531,0.00194488684298085,0.00207386575457526,0.00195358425669332,0.00195769987485314,0.05268,0.67616,0.27116
"balanced n, unequal SD","moderate ordered effect: 0, 0.25, 0.50, 0.75 SD (eta_H^2 fixed)",1.23287951463116,0.0708500041977333,0.0435977584569692,"0.0000, 0.3082, 0.6164, 0.9247","1.0, 1.3, 1.7, 2.2","30, 30, 30, 30",30,"F.P.",2,0,6,0.47414,0.5447,0.53336,0.68786,0.6892,0.68862,0.00223307528041488,0.00222711432126867,0.00223108543269862,0.00207223850171741,0.00206979883080458,0.0020708572891438,0.0137,0.02796,0.95834
"balanced n, unequal SD","moderate ordered effect: 0, 0.25, 0.50, 0.75 SD (eta_H^2 fixed)",1.64321511344077,0.0708735252315546,0.0749124467182468,"0.0000, 0.4108, 0.8216, 1.2324","1.0, 1.3, 1.7, 2.2","30, 30, 30, 30",30,"F.P.",3,0.5,1,0.72304,0.76884,0.76616,0.68558,0.71572,0.71456,0.00200126539169596,0.00188533845449564,0.0018929281782466,0.00207634324522705,0.00201725001722642,0.00201972278493857,0.03964,0.315,0.64536
"balanced n, unequal SD","moderate ordered effect: 0, 0.25, 0.50, 0.75 SD (eta_H^2 fixed)",1.77062454868619,0.0708724649510383,0.0859426444706852,"0.0000, 0.4427, 0.8853, 1.3280","1.0, 1.3, 1.7, 2.2","30, 30, 30, 30",30,"F.P.",4,1,1.6,0.80884,0.83464,0.82992,0.69166,0.70056,0.70032,0.00175850990557347,0.00166142150220827,0.00168019518866113,0.0020652672679341,0.00204829532245719,0.00204876498212948,0.00664,0.07724,0.91612
"balanced n, unequal SD","moderate ordered effect: 0, 0.25, 0.50, 0.75 SD (eta_H^2 fixed)",1.63570301312023,0.0708732918684571,0.0742798356065394,"0.0000, 0.4089, 0.8179, 1.2268","1.0, 1.3, 1.7, 2.2","30, 30, 30, 30",30,"F.P.",5,2,6.6,0.74842,0.7717,0.75494,0.68484,0.68484,0.68484,0.00194055406314795,0.00187712072067835,0.00192356750024531,0.00207766298710835,0.00207766298710835,0.00207766298710835,0,0.00012,0.99988
"balanced n, unequal SD","moderate ordered effect: 0, 0.25, 0.50, 0.75 SD (eta_H^2 fixed)",1.60299588463234,0.0708670716435884,0.0715493881486612,"0.0000, 0.4007, 0.8015, 1.2022","1.0, 1.3, 1.7, 2.2","50, 50, 50, 50",50,"normal",1,0,0,0.9108,0.94302,0.94294,0.9089,0.9329,0.93284,0.00127470278888845,0.00103666078926523,0.00103734426686612,0.00128686277434698,0.00111890651977723,0.00111937066604409,0.00232,0.58604,0.41164
"balanced n, unequal SD","moderate ordered effect: 0, 0.25, 0.50, 0.75 SD (eta_H^2 fixed)",1.23287951463116,0.0708500041977333,0.0435977584569692,"0.0000, 0.3082, 0.6164, 0.9247","1.0, 1.3, 1.7, 2.2","50, 50, 50, 50",50,"F.P.",2,0,6,0.70014,0.77564,0.77426,0.90962,0.90964,0.90964,0.0020491167873013,0.00186559690394254,0.00186966014237882,0.00128227497519058,0.00128214718655855,0.00128214718655855,0.00038,0.00226,0.99736
"balanced n, unequal SD","moderate ordered effect: 0, 0.25, 0.50, 0.75 SD (eta_H^2 fixed)",1.64321511344077,0.0708735252315546,0.0749124467182468,"0.0000, 0.4108, 0.8216, 1.2324","1.0, 1.3, 1.7, 2.2","50, 50, 50, 50",50,"F.P.",3,0.5,1,0.93182,0.95282,0.95274,0.90878,0.91404,0.91404,0.00112722213959805,0.000948198793502713,0.000948962511377557,0.00128762503548199,0.00125356195219861,0.00125356195219861,0.0019,0.14588,0.85222
"balanced n, unequal SD","moderate ordered effect: 0, 0.25, 0.50, 0.75 SD (eta_H^2 fixed)",1.77062454868619,0.0708724649510383,0.0859426444706852,"0.0000, 0.4427, 0.8853, 1.3280","1.0, 1.3, 1.7, 2.2","50, 50, 50, 50",50,"F.P.",4,1,1.6,0.971,0.97798,0.97754,0.91076,0.91086,0.91086,0.000750453196408677,0.000656279202778818,0.000662654486138893,0.00127496056723336,0.00127431597651446,0.00127431597651446,4e-05,0.00726,0.9927
"balanced n, unequal SD","moderate ordered effect: 0, 0.25, 0.50, 0.75 SD (eta_H^2 fixed)",1.63570301312023,0.0708732918684571,0.0742798356065394,"0.0000, 0.4089, 0.8179, 1.2268","1.0, 1.3, 1.7, 2.2","50, 50, 50, 50",50,"F.P.",5,2,6.6,0.95016,0.95456,0.95128,0.90688,0.90688,0.90688,0.000973200641183513,0.000931399016533731,0.00096277060196082,0.00129960506000862,0.00129960506000862,0.00129960506000862,0,0,1
"balanced n, unequal SD","moderate ordered effect: 0, 0.25, 0.50, 0.75 SD (eta_H^2 fixed)",1.60299588463234,0.0708670716435884,0.0715493881486612,"0.0000, 0.4007, 0.8015, 1.2022","1.0, 1.3, 1.7, 2.2","100, 100, 100, 100",100,"normal",1,0,0,0.99856,0.99948,0.99948,0.99834,0.9986,0.9986,0.000169583395413584,0.000101953871922548,0.000101953871922548,0.000182057375571549,0.000167214831878034,0.000167214831878034,0,0.30992,0.69008
"balanced n, unequal SD","moderate ordered effect: 0, 0.25, 0.50, 0.75 SD (eta_H^2 fixed)",1.23287951463116,0.0708500041977333,0.0435977584569692,"0.0000, 0.3082, 0.6164, 0.9247","1.0, 1.3, 1.7, 2.2","100, 100, 100, 100",100,"F.P.",2,0,6,0.95188,0.97482,0.97482,0.9983,0.9983,0.9983,0.000957125546623849,0.000700656372268175,0.000700656372268175,0.000184234090222197,0.000184234090222197,0.000184234090222197,0,0,1
"balanced n, unequal SD","moderate ordered effect: 0, 0.25, 0.50, 0.75 SD (eta_H^2 fixed)",1.64321511344077,0.0708735252315546,0.0749124467182468,"0.0000, 0.4108, 0.8216, 1.2324","1.0, 1.3, 1.7, 2.2","100, 100, 100, 100",100,"F.P.",3,0.5,1,0.99916,0.99954,0.99954,0.998,0.99798,0.99798,0.000129560364309456,9.58945671036703e-05,9.58945671036703e-05,0.000199799899899875,0.000200794402312416,0.000200794402312416,0,0.0123,0.9877
"balanced n, unequal SD","moderate ordered effect: 0, 0.25, 0.50, 0.75 SD (eta_H^2 fixed)",1.77062454868619,0.0708724649510383,0.0859426444706852,"0.0000, 0.4427, 0.8853, 1.3280","1.0, 1.3, 1.7, 2.2","100, 100, 100, 100",100,"F.P.",4,1,1.6,0.99992,0.99994,0.99994,0.9983,0.9983,0.9983,3.9998399967991e-05,3.46399769052894e-05,3.46399769052894e-05,0.000184234090222197,0.000184234090222197,0.000184234090222197,0,2e-05,0.99998
"balanced n, unequal SD","moderate ordered effect: 0, 0.25, 0.50, 0.75 SD (eta_H^2 fixed)",1.63570301312023,0.0708732918684571,0.0742798356065394,"0.0000, 0.4089, 0.8179, 1.2268","1.0, 1.3, 1.7, 2.2","100, 100, 100, 100",100,"F.P.",5,2,6.6,0.99978,0.99976,0.99976,0.99788,0.99788,0.99788,6.63251988312132e-05,6.92737179599909e-05,6.92737179599909e-05,0.000205694219656266,0.000205694219656266,0.000205694219656266,0,0,1
"balanced n, unequal SD","moderate ordered effect: 0, 0.25, 0.50, 0.75 SD (eta_H^2 fixed)",1.60299588463234,0.0708670716435884,0.0715493881486612,"0.0000, 0.4007, 0.8015, 1.2022","1.0, 1.3, 1.7, 2.2","200, 200, 200, 200",200,"normal",1,0,0,1,1,1,1,1,1,0,0,0,0,0,0,0,0.0605,0.9395
"balanced n, unequal SD","moderate ordered effect: 0, 0.25, 0.50, 0.75 SD (eta_H^2 fixed)",1.23287951463116,0.0708500041977333,0.0435977584569692,"0.0000, 0.3082, 0.6164, 0.9247","1.0, 1.3, 1.7, 2.2","200, 200, 200, 200",200,"F.P.",2,0,6,0.99966,0.99994,0.99994,1,1,1,8.24480927614468e-05,3.46399769052894e-05,3.46399769052894e-05,0,0,0,0,0,1
"balanced n, unequal SD","moderate ordered effect: 0, 0.25, 0.50, 0.75 SD (eta_H^2 fixed)",1.64321511344077,0.0708735252315546,0.0749124467182468,"0.0000, 0.4108, 0.8216, 1.2324","1.0, 1.3, 1.7, 2.2","200, 200, 200, 200",200,"F.P.",3,0.5,1,1,1,1,1,1,1,0,0,0,0,0,0,0,0,1
"balanced n, unequal SD","moderate ordered effect: 0, 0.25, 0.50, 0.75 SD (eta_H^2 fixed)",1.77062454868619,0.0708724649510383,0.0859426444706852,"0.0000, 0.4427, 0.8853, 1.3280","1.0, 1.3, 1.7, 2.2","200, 200, 200, 200",200,"F.P.",4,1,1.6,1,1,1,1,1,1,0,0,0,0,0,0,0,0,1
"balanced n, unequal SD","moderate ordered effect: 0, 0.25, 0.50, 0.75 SD (eta_H^2 fixed)",1.63570301312023,0.0708732918684571,0.0742798356065394,"0.0000, 0.4089, 0.8179, 1.2268","1.0, 1.3, 1.7, 2.2","200, 200, 200, 200",200,"F.P.",5,2,6.6,1,1,1,1,1,1,0,0,0,0,0,0,0,0,1
"unbalanced n, larger n with larger SD","moderate ordered effect: 0, 0.25, 0.50, 0.75 SD (eta_H^2 fixed)",1.81079280325532,0.0708663602426617,0.0651436090392492,"0.0000, 0.4527, 0.9054, 1.3581","1.0, 1.3, 1.7, 2.2","5, 8, 12, 15",10,"normal",1,0,0,0.1756,0.29528,0.22668,0.1903,0.2913,0.23264,0.00170155599378921,0.00204004765434536,0.00187241115997529,0.00175548232688341,0.00203196609223678,0.00188954296272935,0.65714,0.24748,0.09538
"unbalanced n, larger n with larger SD","moderate ordered effect: 0, 0.25, 0.50, 0.75 SD (eta_H^2 fixed)",1.39882845955062,0.0708789699458661,0.0399231068353735,"0.0000, 0.3497, 0.6994, 1.0491","1.0, 1.3, 1.7, 2.2","5, 8, 12, 15",10,"F.P.",2,0,6,0.12114,0.23602,0.15154,0.19922,0.23138,0.20378,0.00145921280422014,0.00189902374708691,0.00160359364179333,0.00178623286051959,0.00188596551187979,0.00180140895745525,0.38116,0.07964,0.5392
"unbalanced n, larger n with larger SD","moderate ordered effect: 0, 0.25, 0.50, 0.75 SD (eta_H^2 fixed)",1.83996185539893,0.0708767128950432,0.0671172417166322,"0.00, 0.46, 0.92, 1.38","1.0, 1.3, 1.7, 2.2","5, 8, 12, 15",10,"F.P.",3,0.5,1,0.1694,0.3262,0.22586,0.19378,0.30014,0.23304,0.0016775198359483,0.00209663330127135,0.00187001208766147,0.00176764991782875,0.00204966329137251,0.0018906737338843,0.56264,0.19534,0.24202
"unbalanced n, larger n with larger SD","moderate ordered effect: 0, 0.25, 0.50, 0.75 SD (eta_H^2 fixed)",1.95982078900229,0.0708728542187299,0.0754649831737176,"0.0000, 0.4900, 0.9799, 1.4699","1.0, 1.3, 1.7, 2.2","5, 8, 12, 15",10,"F.P.",4,1,1.6,0.18086,0.37518,0.2516,0.20002,0.30902,0.2503,0.00172133471701468,0.00216527119594752,0.0019406052664053,0.00178892146054543,0.00206652674601613,0.00193726565034329,0.3765,0.17858,0.44492
"unbalanced n, larger n with larger SD","moderate ordered effect: 0, 0.25, 0.50, 0.75 SD (eta_H^2 fixed)",1.78954278442699,0.0708732911857565,0.0637204870839587,"0.0000, 0.4474, 0.8948, 1.3422","1.0, 1.3, 1.7, 2.2","5, 8, 12, 15",10,"F.P.",5,2,6.6,0.13856,0.38152,0.2269,0.2155,0.24534,0.2334,0.00154506392359669,0.00217238343576819,0.00187305306918945,0.00183880259951959,0.00192430914564162,0.00189168940368127,0.06842,0.06396,0.86762
"unbalanced n, larger n with larger SD","moderate ordered effect: 0, 0.25, 0.50, 0.75 SD (eta_H^2 fixed)",1.81079280325532,0.0708663602426617,0.0651436090392492,"0.0000, 0.4527, 0.9054, 1.3581","1.0, 1.3, 1.7, 2.2","10, 16, 24, 30",20,"normal",1,0,0,0.40348,0.61418,0.55664,0.45528,0.60214,0.55424,0.00219400952413612,0.00217698381987556,0.00222167464044581,0.00222710629113206,0.0021889148928179,0.00222287211687942,0.32584,0.5375,0.13666
"unbalanced n, larger n with larger SD","moderate ordered effect: 0, 0.25, 0.50, 0.75 SD (eta_H^2 fixed)",1.39882845955062,0.0708789699458661,0.0399231068353735,"0.0000, 0.3497, 0.6994, 1.0491","1.0, 1.3, 1.7, 2.2","10, 16, 24, 30",20,"F.P.",2,0,6,0.2492,0.45112,0.33418,0.46044,0.47418,0.46264,0.00193442167068093,0.00222535725491437,0.00210951998141757,0.00222905812575626,0.00223308453758473,0.00222981716918675,0.1059,0.05562,0.83848
"unbalanced n, larger n with larger SD","moderate ordered effect: 0, 0.25, 0.50, 0.75 SD (eta_H^2 fixed)",1.83996185539893,0.0708767128950432,0.0671172417166322,"0.00, 0.46, 0.92, 1.38","1.0, 1.3, 1.7, 2.2","10, 16, 24, 30",20,"F.P.",3,0.5,1,0.41516,0.63764,0.5523,0.45656,0.56154,0.5202,0.00220364323065237,0.00214967546573896,0.00222380174476054,0.00222761292149242,0.00221906659836968,0.00223424242194082,0.24614,0.3216,0.43226
"unbalanced n, larger n with larger SD","moderate ordered effect: 0, 0.25, 0.50, 0.75 SD (eta_H^2 fixed)",1.95982078900229,0.0708728542187299,0.0754649831737176,"0.0000, 0.4900, 0.9799, 1.4699","1.0, 1.3, 1.7, 2.2","10, 16, 24, 30",20,"F.P.",4,1,1.6,0.48296,0.69812,0.60794,0.46572,0.51386,0.50166,0.00223476906368421,0.00205303904297994,0.00218334127611787,0.0022308064981078,0.00223520871687635,0.00223605565404799,0.07884,0.14536,0.7758
"unbalanced n, larger n with larger SD","moderate ordered effect: 0, 0.25, 0.50, 0.75 SD (eta_H^2 fixed)",1.78954278442699,0.0708732911857565,0.0637204870839587,"0.0000, 0.4474, 0.8948, 1.3422","1.0, 1.3, 1.7, 2.2","10, 16, 24, 30",20,"F.P.",5,2,6.6,0.39656,0.65598,0.51474,0.47454,0.47474,0.4747,0.00218769360926068,0.00212447753388921,0.00223509611605407,0.00223316720556254,0.002233212629375,0.0022332035733448,0.00092,0.0032,0.99588
"unbalanced n, larger n with larger SD","moderate ordered effect: 0, 0.25, 0.50, 0.75 SD (eta_H^2 fixed)",1.81079280325532,0.0708663602426617,0.0651436090392492,"0.0000, 0.4527, 0.9054, 1.3581","1.0, 1.3, 1.7, 2.2","15, 24, 36, 45",30,"normal",1,0,0,0.62594,0.81838,0.79954,0.67958,0.8023,0.78702,0.00216397373551529,0.00172414718397241,0.00179039542224616,0.00208686858043337,0.00178109354049696,0.00183095341065796,0.12226,0.7064,0.17134
"unbalanced n, larger n with larger SD","moderate ordered effect: 0, 0.25, 0.50, 0.75 SD (eta_H^2 fixed)",1.39882845955062,0.0708789699458661,0.0399231068353735,"0.0000, 0.3497, 0.6994, 1.0491","1.0, 1.3, 1.7, 2.2","15, 24, 36, 45",30,"F.P.",2,0,6,0.39068,0.63042,0.53958,0.68702,0.69042,0.6884,0.00218196763312383,0.00215865987872105,0.00222905102498799,0.00207375755381385,0.00206756002863278,0.00207125778212177,0.0241,0.02676,0.94914
"unbalanced n, larger n with larger SD","moderate ordered effect: 0, 0.25, 0.50, 0.75 SD (eta_H^2 fixed)",1.83996185539893,0.0708767128950432,0.0671172417166322,"0.00, 0.46, 0.92, 1.38","1.0, 1.3, 1.7, 2.2","15, 24, 36, 45",30,"F.P.",3,0.5,1,0.6506,0.8325,0.79678,0.67988,0.74106,0.72844,0.00213222719239766,0.00166999251495329,0.00179956456733289,0.00208635177091496,0.00195903076239246,0.0019890458335594,0.08452,0.3271,0.58838
"unbalanced n, larger n with larger SD","moderate ordered effect: 0, 0.25, 0.50, 0.75 SD (eta_H^2 fixed)",1.95982078900229,0.0708728542187299,0.0754649831737176,"0.0000, 0.4900, 0.9799, 1.4699","1.0, 1.3, 1.7, 2.2","15, 24, 36, 45",30,"F.P.",4,1,1.6,0.7344,0.87656,0.83824,0.68244,0.69328,0.69186,0.00197512855277827,0.0014710714897652,0.00164677686648799,0.00208190127719832,0.00206224557994435,0.00206489583466092,0.0117,0.06682,0.92148
"unbalanced n, larger n with larger SD","moderate ordered effect: 0, 0.25, 0.50, 0.75 SD (eta_H^2 fixed)",1.78954278442699,0.0708732911857565,0.0637204870839587,"0.0000, 0.4474, 0.8948, 1.3422","1.0, 1.3, 1.7, 2.2","15, 24, 36, 45",30,"F.P.",5,2,6.6,0.6447,0.823,0.73202,0.68544,0.68544,0.68544,0.00214038272278581,0.00170687433632356,0.00198074086947283,0.00207659339496205,0.00207659339496205,0.00207659339496205,0,0.00016,0.99984
"unbalanced n, larger n with larger SD","moderate ordered effect: 0, 0.25, 0.50, 0.75 SD (eta_H^2 fixed)",1.81079280325532,0.0708663602426617,0.0651436090392492,"0.0000, 0.4527, 0.9054, 1.3581","1.0, 1.3, 1.7, 2.2","25, 40, 60, 75",50,"normal",1,0,0,0.8917,0.97146,0.97092,0.91898,0.9607,0.96034,0.0013897561656636,0.000744653857842689,0.000751456633479271,0.00122029307627307,0.000868970770509572,0.000872778143631015,0.00962,0.73528,0.2551
"unbalanced n, larger n with larger SD","moderate ordered effect: 0, 0.25, 0.50, 0.75 SD (eta_H^2 fixed)",1.39882845955062,0.0708789699458661,0.0399231068353735,"0.0000, 0.3497, 0.6994, 1.0491","1.0, 1.3, 1.7, 2.2","25, 40, 60, 75",50,"F.P.",2,0,6,0.63994,0.8447,0.8175,0.91774,0.91776,0.91774,0.00214670350258251,0.00161976485947807,0.00172738964915273,0.00122876598585736,0.00122862998823893,0.00122876598585736,0.00072,0.00214,0.99714
"unbalanced n, larger n with larger SD","moderate ordered effect: 0, 0.25, 0.50, 0.75 SD (eta_H^2 fixed)",1.83996185539893,0.0708767128950432,0.0671172417166322,"0.00, 0.46, 0.92, 1.38","1.0, 1.3, 1.7, 2.2","25, 40, 60, 75",50,"F.P.",3,0.5,1,0.91338,0.97374,0.97148,0.91788,0.92804,0.92762,0.0012579107726703,0.000715128133973206,0.000744400558839124,0.00122781354936326,0.00115569683221855,0.00115880227476477,0.00626,0.19858,0.79516
"unbalanced n, larger n with larger SD","moderate ordered effect: 0, 0.25, 0.50, 0.75 SD (eta_H^2 fixed)",1.95982078900229,0.0708728542187299,0.0754649831737176,"0.0000, 0.4900, 0.9799, 1.4699","1.0, 1.3, 1.7, 2.2","25, 40, 60, 75",50,"F.P.",4,1,1.6,0.95746,0.9855,0.98158,0.9173,0.9174,0.9174,0.000902555797721116,0.000534597979794162,0.000601343555715034,0.00123175249137154,0.00123107465248863,0.00123107465248863,2e-04,0.00712,0.99268
"unbalanced n, larger n with larger SD","moderate ordered effect: 0, 0.25, 0.50, 0.75 SD (eta_H^2 fixed)",1.78954278442699,0.0708732911857565,0.0637204870839587,"0.0000, 0.4474, 0.8948, 1.3422","1.0, 1.3, 1.7, 2.2","25, 40, 60, 75",50,"F.P.",5,2,6.6,0.91548,0.96272,0.94048,0.9116,0.9116,0.9116,0.00124399654018812,0.000847233162712603,0.00105808666563756,0.00126953093699996,0.00126953093699996,0.00126953093699996,0,0,1
"unbalanced n, larger n with larger SD","moderate ordered effect: 0, 0.25, 0.50, 0.75 SD (eta_H^2 fixed)",1.81079280325532,0.0708663602426617,0.0651436090392492,"0.0000, 0.4527, 0.9054, 1.3581","1.0, 1.3, 1.7, 2.2","50, 80, 120, 150",100,"normal",1,0,0,0.9983,0.99988,0.99988,0.9991,0.99954,0.99954,0.000184234090222197,4.89868553797871e-05,4.89868553797871e-05,0.000134103691224367,9.58945671036703e-05,9.58945671036703e-05,0,0.5543,0.4457
"unbalanced n, larger n with larger SD","moderate ordered effect: 0, 0.25, 0.50, 0.75 SD (eta_H^2 fixed)",1.39882845955062,0.0708789699458661,0.0399231068353735,"0.0000, 0.3497, 0.6994, 1.0491","1.0, 1.3, 1.7, 2.2","50, 80, 120, 150",100,"F.P.",2,0,6,0.946,0.98872,0.9887,0.9991,0.9991,0.9991,0.00101078187557949,0.000472287234635872,0.000472700962554552,0.000134103691224367,0.000134103691224367,0.000134103691224367,0,0,1
"unbalanced n, larger n with larger SD","moderate ordered effect: 0, 0.25, 0.50, 0.75 SD (eta_H^2 fixed)",1.83996185539893,0.0708767128950432,0.0671172417166322,"0.00, 0.46, 0.92, 1.38","1.0, 1.3, 1.7, 2.2","50, 80, 120, 150",100,"F.P.",3,0.5,1,0.99932,0.99986,0.99986,0.99908,0.9991,0.9991,0.000116579380681149,5.29113220398109e-05,5.29113220398109e-05,0.000135584187868647,0.000134103691224367,0.000134103691224367,0,0.02552,0.97448
"unbalanced n, larger n with larger SD","moderate ordered effect: 0, 0.25, 0.50, 0.75 SD (eta_H^2 fixed)",1.95982078900229,0.0708728542187299,0.0754649831737176,"0.0000, 0.4900, 0.9799, 1.4699","1.0, 1.3, 1.7, 2.2","50, 80, 120, 150",100,"F.P.",4,1,1.6,0.9999,0.99998,0.99998,0.99898,0.99898,0.99898,4.47191234261113e-05,1.999979999901e-05,1.999979999901e-05,0.000142755707416553,0.000142755707416553,0.000142755707416553,0,2e-05,0.99998
"unbalanced n, larger n with larger SD","moderate ordered effect: 0, 0.25, 0.50, 0.75 SD (eta_H^2 fixed)",1.78954278442699,0.0708732911857565,0.0637204870839587,"0.0000, 0.4474, 0.8948, 1.3422","1.0, 1.3, 1.7, 2.2","50, 80, 120, 150",100,"F.P.",5,2,6.6,0.99926,0.99968,0.99942,0.99858,0.99858,0.99858,0.000121610229832853,7.99871989758345e-05,0.000107672057656574,0.000168403301630341,0.000168403301630341,0.000168403301630341,0,0,1
"unbalanced n, larger n with larger SD","moderate ordered effect: 0, 0.25, 0.50, 0.75 SD (eta_H^2 fixed)",1.81079280325532,0.0708663602426617,0.0651436090392492,"0.0000, 0.4527, 0.9054, 1.3581","1.0, 1.3, 1.7, 2.2","100, 160, 240, 300",200,"normal",1,0,0,1,1,1,1,1,1,0,0,0,0,0,0,0,0.25748,0.74252
"unbalanced n, larger n with larger SD","moderate ordered effect: 0, 0.25, 0.50, 0.75 SD (eta_H^2 fixed)",1.39882845955062,0.0708789699458661,0.0399231068353735,"0.0000, 0.3497, 0.6994, 1.0491","1.0, 1.3, 1.7, 2.2","100, 160, 240, 300",200,"F.P.",2,0,6,0.99966,0.99998,0.99998,1,1,1,8.24480927614468e-05,1.999979999901e-05,1.999979999901e-05,0,0,0,0,0,1
"unbalanced n, larger n with larger SD","moderate ordered effect: 0, 0.25, 0.50, 0.75 SD (eta_H^2 fixed)",1.83996185539893,0.0708767128950432,0.0671172417166322,"0.00, 0.46, 0.92, 1.38","1.0, 1.3, 1.7, 2.2","100, 160, 240, 300",200,"F.P.",3,0.5,1,1,1,1,1,1,1,0,0,0,0,0,0,0,1e-04,0.9999
"unbalanced n, larger n with larger SD","moderate ordered effect: 0, 0.25, 0.50, 0.75 SD (eta_H^2 fixed)",1.95982078900229,0.0708728542187299,0.0754649831737176,"0.0000, 0.4900, 0.9799, 1.4699","1.0, 1.3, 1.7, 2.2","100, 160, 240, 300",200,"F.P.",4,1,1.6,1,1,1,1,1,1,0,0,0,0,0,0,0,0,1
"unbalanced n, larger n with larger SD","moderate ordered effect: 0, 0.25, 0.50, 0.75 SD (eta_H^2 fixed)",1.78954278442699,0.0708732911857565,0.0637204870839587,"0.0000, 0.4474, 0.8948, 1.3422","1.0, 1.3, 1.7, 2.2","100, 160, 240, 300",200,"F.P.",5,2,6.6,1,1,1,1,1,1,0,0,0,0,0,0,0,0,1
"unbalanced n, larger n with smaller SD","moderate ordered effect: 0, 0.25, 0.50, 0.75 SD (eta_H^2 fixed)",1.64565727976325,0.0708570596103479,0.0805894619075653,"0.0000, 0.4114, 0.8228, 1.2342","2.2, 1.7, 1.3, 1.0","5, 8, 12, 15",10,"normal",1,0,0,0.3671,0.22108,0.29402,0.27506,0.23466,0.30198,0.00215563257537086,0.00185582129312065,0.00203750945813756,0.00199700774360041,0.00189522919141723,0.00205323198689286,0.46028,0.4088,0.13092
"unbalanced n, larger n with smaller SD","moderate ordered effect: 0, 0.25, 0.50, 0.75 SD (eta_H^2 fixed)",1.27136000814874,0.070848151319278,0.0497142941072972,"0.0000, 0.3178, 0.6357, 0.9535","2.2, 1.7, 1.3, 1.0","5, 8, 12, 15",10,"F.P.",2,0,6,0.2887,0.17756,0.22764,0.2703,0.23938,0.27628,0.00202658486128758,0.00170899061670917,0.00187520681739375,0.0019861415357421,0.00190828307962943,0.00199974679197142,0.30508,0.15954,0.53538
"unbalanced n, larger n with smaller SD","moderate ordered effect: 0, 0.25, 0.50, 0.75 SD (eta_H^2 fixed)",1.43693356033139,0.0708738249382659,0.0626424379880547,"0.0000, 0.3592, 0.7185, 1.0777","2.2, 1.7, 1.3, 1.0","5, 8, 12, 15",10,"F.P.",3,0.5,1,0.3311,0.22298,0.28874,0.28194,0.24738,0.30486,0.00210462723540298,0.00186150433574569,0.00202666826293797,0.00201221189937839,0.00192967943244467,0.00205873932492679,0.40886,0.32872,0.26242
"unbalanced n, larger n with smaller SD","moderate ordered effect: 0, 0.25, 0.50, 0.75 SD (eta_H^2 fixed)",1.23812707319894,0.0708748492657353,0.0472704839429089,"0.0000, 0.3095, 0.6191, 0.9286","2.2, 1.7, 1.3, 1.0","5, 8, 12, 15",10,"F.P.",4,1,1.6,0.29804,0.2282,0.27952,0.28722,0.26742,0.3046,0.00204554226746846,0.00187683115916163,0.00200693083886815,0.00202348546621912,0.00197942690493991,0.00205824604943141,0.28694,0.28074,0.43232
"unbalanced n, larger n with smaller SD","moderate ordered effect: 0, 0.25, 0.50, 0.75 SD (eta_H^2 fixed)",0.745144167057181,0.0708771566097014,0.0176536789247415,"0.0000, 0.1863, 0.3726, 0.5589","2.2, 1.7, 1.3, 1.0","5, 8, 12, 15",10,"F.P.",5,2,6.6,0.21452,0.22266,0.22376,0.29454,0.29256,0.29876,0.0018357623462747,0.00186055112480147,0.0018638211416335,0.00203855923828571,0.00203454489456488,0.00204696097862172,0.06106,0.09778,0.84116
"unbalanced n, larger n with smaller SD","moderate ordered effect: 0, 0.25, 0.50, 0.75 SD (eta_H^2 fixed)",1.64565727976325,0.0708570596103479,0.0805894619075653,"0.0000, 0.4114, 0.8228, 1.2342","2.2, 1.7, 1.3, 1.0","10, 16, 24, 30",20,"normal",1,0,0,0.59418,0.46246,0.48724,0.50832,0.48766,0.50822,0.00219604247499906,0.00222975670601077,0.0022353397164637,0.00223575838408358,0.00223538687658311,0.00223576578200848,0.19638,0.5808,0.22282
"unbalanced n, larger n with smaller SD","moderate ordered effect: 0, 0.25, 0.50, 0.75 SD (eta_H^2 fixed)",1.27136000814874,0.070848151319278,0.0497142941072972,"0.0000, 0.3178, 0.6357, 0.9535","2.2, 1.7, 1.3, 1.0","10, 16, 24, 30",20,"F.P.",2,0,6,0.44476,0.34582,0.3757,0.5124,0.50424,0.51088,0.00222237954634216,0.00212710379436453,0.00216586938664362,0.00223538023611197,0.00223598757778303,0.00223553852840876,0.08018,0.07356,0.84626
"unbalanced n, larger n with smaller SD","moderate ordered effect: 0, 0.25, 0.50, 0.75 SD (eta_H^2 fixed)",1.43693356033139,0.0708738249382659,0.0626424379880547,"0.0000, 0.3592, 0.7185, 1.0777","2.2, 1.7, 1.3, 1.0","10, 16, 24, 30",20,"F.P.",3,0.5,1,0.51084,0.41074,0.43772,0.51876,0.49772,0.51318,0.00223554241471729,0.00220014841499386,0.00221865365300671,0.00223449351039559,0.00223604472942739,0.00223529097703185,0.1588,0.35622,0.48498
"unbalanced n, larger n with smaller SD","moderate ordered effect: 0, 0.25, 0.50, 0.75 SD (eta_H^2 fixed)",1.23812707319894,0.0708748492657353,0.0472704839429089,"0.0000, 0.3095, 0.6191, 0.9286","2.2, 1.7, 1.3, 1.0","10, 16, 24, 30",20,"F.P.",4,1,1.6,0.43362,0.36484,0.38966,0.52134,0.51444,0.51962,0.00221627478260255,0.00215282035664846,0.00218094055123013,0.002234030458163,0.00223513528181182,0.00223434579060628,0.0584,0.17586,0.76574
"unbalanced n, larger n with smaller SD","moderate ordered effect: 0, 0.25, 0.50, 0.75 SD (eta_H^2 fixed)",0.745144167057181,0.0708771566097014,0.0176536789247415,"0.0000, 0.1863, 0.3726, 0.5589","2.2, 1.7, 1.3, 1.0","10, 16, 24, 30",20,"F.P.",5,2,6.6,0.2752,0.26588,0.2764,0.52292,0.52314,0.52318,0.00199732300842903,0.00197579262879483,0.00200001519994224,0.00223371741095421,0.00223367204575784,0.00223366375088105,0.00086,0.00508,0.99406
"unbalanced n, larger n with smaller SD","moderate ordered effect: 0, 0.25, 0.50, 0.75 SD (eta_H^2 fixed)",1.64565727976325,0.0708570596103479,0.0805894619075653,"0.0000, 0.4114, 0.8228, 1.2342","2.2, 1.7, 1.3, 1.0","15, 24, 36, 45",30,"normal",1,0,0,0.76128,0.67342,0.67894,0.6974,0.6943,0.6987,0.00190647717846294,0.00209726251861802,0.00208796779860227,0.0020544256618335,0.00206032769238294,0.0020519176884076,0.068,0.62894,0.30306
"unbalanced n, larger n with smaller SD","moderate ordered effect: 0, 0.25, 0.50, 0.75 SD (eta_H^2 fixed)",1.27136000814874,0.070848151319278,0.0497142941072972,"0.0000, 0.3178, 0.6357, 0.9535","2.2, 1.7, 1.3, 1.0","15, 24, 36, 45",30,"F.P.",2,0,6,0.57218,0.49208,0.50732,0.69216,0.69058,0.69142,0.00221264569057045,0.00223578743891274,0.00223582833688099,0.0020643378328171,0.00206726516731647,0.00206571238849942,0.01614,0.02758,0.95628
"unbalanced n, larger n with smaller SD","moderate ordered effect: 0, 0.25, 0.50, 0.75 SD (eta_H^2 fixed)",1.43693356033139,0.0708738249382659,0.0626424379880547,"0.0000, 0.3592, 0.7185, 1.0777","2.2, 1.7, 1.3, 1.0","15, 24, 36, 45",30,"F.P.",3,0.5,1,0.65794,0.58074,0.58702,0.70116,0.69338,0.69598,0.00212157939469632,0.00220672178762979,0.00220194241341594,0.00204711823986794,0.00206205807677669,0.00205714287107143,0.0523,0.30088,0.64682
"unbalanced n, larger n with smaller SD","moderate ordered effect: 0, 0.25, 0.50, 0.75 SD (eta_H^2 fixed)",1.23812707319894,0.0708748492657353,0.0472704839429089,"0.0000, 0.3095, 0.6191, 0.9286","2.2, 1.7, 1.3, 1.0","15, 24, 36, 45",30,"F.P.",4,1,1.6,0.55284,0.48806,0.49492,0.69762,0.69684,0.69714,0.00222354642137285,0.00223543032277904,0.00223595256479202,0.00205400260759328,0.00205550000924349,0.00205492491541662,0.00786,0.0776,0.91454
"unbalanced n, larger n with smaller SD","moderate ordered effect: 0, 0.25, 0.50, 0.75 SD (eta_H^2 fixed)",0.745144167057181,0.0708771566097014,0.0176536789247415,"0.0000, 0.1863, 0.3726, 0.5589","2.2, 1.7, 1.3, 1.0","15, 24, 36, 45",30,"F.P.",5,2,6.6,0.32286,0.3063,0.31728,0.7022,0.70218,0.70218,0.00209103524790951,0.00206145730006712,0.00208141010663444,0.00204506801842873,0.00204510756489726,0.00204510756489726,0,0.00016,0.99984
"unbalanced n, larger n with smaller SD","moderate ordered effect: 0, 0.25, 0.50, 0.75 SD (eta_H^2 fixed)",1.64565727976325,0.0708570596103479,0.0805894619075653,"0.0000, 0.4114, 0.8228, 1.2342","2.2, 1.7, 1.3, 1.0","25, 40, 60, 75",50,"normal",1,0,0,0.93472,0.90708,0.90722,0.9052,0.91146,0.9116,0.00110470377567925,0.00129835182905097,0.00129747348026848,0.00131006076194961,0.00127043825824005,0.00126953093699996,0.00552,0.53788,0.4566
"unbalanced n, larger n with smaller SD","moderate ordered effect: 0, 0.25, 0.50, 0.75 SD (eta_H^2 fixed)",1.27136000814874,0.070848151319278,0.0497142941072972,"0.0000, 0.3178, 0.6357, 0.9535","2.2, 1.7, 1.3, 1.0","25, 40, 60, 75",50,"F.P.",2,0,6,0.76924,0.72458,0.72708,0.90586,0.90574,0.90576,0.0018841964993068,0.00199781792764005,0.00199215799373443,0.00130596830283127,0.00130671383554319,0.00130658962493967,0.00044,0.00234,0.99722
"unbalanced n, larger n with smaller SD","moderate ordered effect: 0, 0.25, 0.50, 0.75 SD (eta_H^2 fixed)",1.43693356033139,0.0708738249382659,0.0626424379880547,"0.0000, 0.3592, 0.7185, 1.0777","2.2, 1.7, 1.3, 1.0","25, 40, 60, 75",50,"F.P.",3,0.5,1,0.85252,0.81468,0.81484,0.9052,0.90528,0.90528,0.00158574682468545,0.00173767947332067,0.00173709973461514,0.00131006076194961,0.00130956574176328,0.00130956574176328,0.00338,0.14234,0.85428
"unbalanced n, larger n with smaller SD","moderate ordered effect: 0, 0.25, 0.50, 0.75 SD (eta_H^2 fixed)",1.23812707319894,0.0708748492657353,0.0472704839429089,"0.0000, 0.3095, 0.6191, 0.9286","2.2, 1.7, 1.3, 1.0","25, 40, 60, 75",50,"F.P.",4,1,1.6,0.73998,0.69822,0.69826,0.9011,0.90112,0.90112,0.00196168090983218,0.0020528459835068,0.00205276872735338,0.00133505647820607,0.00133493629510925,0.00133493629510925,0.00012,0.00802,0.99186
"unbalanced n, larger n with smaller SD","moderate ordered effect: 0, 0.25, 0.50, 0.75 SD (eta_H^2 fixed)",0.745144167057181,0.0708771566097014,0.0176536789247415,"0.0000, 0.1863, 0.3726, 0.5589","2.2, 1.7, 1.3, 1.0","25, 40, 60, 75",50,"F.P.",5,2,6.6,0.41922,0.38926,0.39206,0.89786,0.89786,0.89786,0.00220669250961705,0.00218053503709525,0.00218334127611787,0.00135430735359445,0.00135430735359445,0.00135430735359445,0,0,1
"unbalanced n, larger n with smaller SD","moderate ordered effect: 0, 0.25, 0.50, 0.75 SD (eta_H^2 fixed)",1.64565727976325,0.0708570596103479,0.0805894619075653,"0.0000, 0.4114, 0.8228, 1.2342","2.2, 1.7, 1.3, 1.0","50, 80, 120, 150",100,"normal",1,0,0,0.9988,0.99824,0.99824,0.99698,0.99734,0.99734,0.000154826354345762,0.000187451455049033,0.000187451455049033,0.000245392730128666,0.000230344281457127,0.000230344281457127,0,0.27276,0.72724
"unbalanced n, larger n with smaller SD","moderate ordered effect: 0, 0.25, 0.50, 0.75 SD (eta_H^2 fixed)",1.27136000814874,0.070848151319278,0.0497142941072972,"0.0000, 0.3178, 0.6357, 0.9535","2.2, 1.7, 1.3, 1.0","50, 80, 120, 150",100,"F.P.",2,0,6,0.96566,0.95884,0.95888,0.99754,0.99754,0.99754,0.000814380309192211,0.000888435190658272,0.000888021909639622,0.000221537734934707,0.000221537734934707,0.000221537734934707,0,0,1
"unbalanced n, larger n with smaller SD","moderate ordered effect: 0, 0.25, 0.50, 0.75 SD (eta_H^2 fixed)",1.43693356033139,0.0708738249382659,0.0626424379880547,"0.0000, 0.3592, 0.7185, 1.0777","2.2, 1.7, 1.3, 1.0","50, 80, 120, 150",100,"F.P.",3,0.5,1,0.98914,0.98608,0.98608,0.99736,0.99734,0.99734,0.000463509663329687,0.000523951020611661,0.000523951020611661,0.000229478992502581,0.000230344281457127,0.000230344281457127,2e-05,0.01204,0.98794
"unbalanced n, larger n with smaller SD","moderate ordered effect: 0, 0.25, 0.50, 0.75 SD (eta_H^2 fixed)",1.23812707319894,0.0708748492657353,0.0472704839429089,"0.0000, 0.3095, 0.6191, 0.9286","2.2, 1.7, 1.3, 1.0","50, 80, 120, 150",100,"F.P.",4,1,1.6,0.94998,0.94162,0.94162,0.99684,0.99684,0.99684,0.000974864088988819,0.00104853970454151,0.00104853970454151,0.000250998581669302,0.000250998581669302,0.000250998581669302,0,0,1
"unbalanced n, larger n with smaller SD","moderate ordered effect: 0, 0.25, 0.50, 0.75 SD (eta_H^2 fixed)",0.745144167057181,0.0708771566097014,0.0176536789247415,"0.0000, 0.1863, 0.3726, 0.5589","2.2, 1.7, 1.3, 1.0","50, 80, 120, 150",100,"F.P.",5,2,6.6,0.62432,0.5954,0.5954,0.99604,0.99604,0.99604,0.0021658464285355,0.00219498902047368,0.00219498902047368,0.000280867171452983,0.000280867171452983,0.000280867171452983,0,0,1
"unbalanced n, larger n with smaller SD","moderate ordered effect: 0, 0.25, 0.50, 0.75 SD (eta_H^2 fixed)",1.64565727976325,0.0708570596103479,0.0805894619075653,"0.0000, 0.4114, 0.8228, 1.2342","2.2, 1.7, 1.3, 1.0","100, 160, 240, 300",200,"normal",1,0,0,1,1,1,1,1,1,0,0,0,0,0,0,0,0.04924,0.95076
"unbalanced n, larger n with smaller SD","moderate ordered effect: 0, 0.25, 0.50, 0.75 SD (eta_H^2 fixed)",1.27136000814874,0.070848151319278,0.0497142941072972,"0.0000, 0.3178, 0.6357, 0.9535","2.2, 1.7, 1.3, 1.0","100, 160, 240, 300",200,"F.P.",2,0,6,0.9995,0.99958,0.99958,1,1,1,9.9974996874213e-05,9.1632265059855e-05,9.1632265059855e-05,0,0,0,0,0,1
"unbalanced n, larger n with smaller SD","moderate ordered effect: 0, 0.25, 0.50, 0.75 SD (eta_H^2 fixed)",1.43693356033139,0.0708738249382659,0.0626424379880547,"0.0000, 0.3592, 0.7185, 1.0777","2.2, 1.7, 1.3, 1.0","100, 160, 240, 300",200,"F.P.",3,0.5,1,0.99998,1,1,1,1,1,1.999979999901e-05,0,0,0,0,0,0,2e-05,0.99998
"unbalanced n, larger n with smaller SD","moderate ordered effect: 0, 0.25, 0.50, 0.75 SD (eta_H^2 fixed)",1.23812707319894,0.0708748492657353,0.0472704839429089,"0.0000, 0.3095, 0.6191, 0.9286","2.2, 1.7, 1.3, 1.0","100, 160, 240, 300",200,"F.P.",4,1,1.6,0.9995,0.99936,0.99936,1,1,1,9.9974996874213e-05,0.000113100875328175,0.000113100875328175,0,0,0,0,0,1
"unbalanced n, larger n with smaller SD","moderate ordered effect: 0, 0.25, 0.50, 0.75 SD (eta_H^2 fixed)",0.745144167057181,0.0708771566097014,0.0176536789247415,"0.0000, 0.1863, 0.3726, 0.5589","2.2, 1.7, 1.3, 1.0","100, 160, 240, 300",200,"F.P.",5,2,6.6,0.87426,0.864,0.864,1,1,1,0.00148276398931185,0.00153299706457645,0.00153299706457645,0,0,0,0,0,1
