"design","effect_size","shift_scale","omega_sq","group_mean_offsets","sd_per_group","n_vector","n_per_group","distribution","panel","skew","excess_kurtosis","fisher_power","welch_power","mean_power","rank_power","sw_power","gate_power","fisher_mc_se","welch_mc_se","mean_mc_se","rank_mc_se","sw_mc_se","gate_mc_se","route_fisher_probability","route_welch_probability","route_rank_probability"
"balanced n, equal SD","moderate ordered effect: 0, 0.25, 0.50, 0.75 SD",1,0.072463768115942,"0.00, 0.25, 0.50, 0.75","1.0, 1.0, 1.0, 1.0","10, 10, 10, 10",10,"normal",1,0,0,0.2596,0.2393,0.26318,0.23194,0.24154,0.2647,0.00196065213640768,0.00190806451672893,0.0019693465291817,0.00188755840386463,0.00191414956782379,0.00197298712616175,0.88816,0.0638,0.04804
"balanced n, equal SD","moderate ordered effect: 0, 0.25, 0.50, 0.75 SD",1,0.072463768115942,"0.00, 0.25, 0.50, 0.75","1.0, 1.0, 1.0, 1.0","10, 10, 10, 10",10,"F.P.",2,0,6,0.287,0.29098,0.29438,0.35178,0.3406,0.35518,0.00202302249122445,0.00203130814796771,0.00203823656919407,0.00213556002772107,0.00211939444181587,0.00214022039799643,0.51052,0.04706,0.44242
"balanced n, equal SD","moderate ordered effect: 0, 0.25, 0.50, 0.75 SD",1,0.072463768115942,"0.00, 0.25, 0.50, 0.75","1.0, 1.0, 1.0, 1.0","10, 10, 10, 10",10,"F.P.",3,0.5,1,0.264,0.2489,0.26766,0.25342,0.26044,0.2797,0.00197131428240146,0.00193364314184391,0.00197999052725007,0.00194524190577933,0.00196270734649871,0.00200732613194767,0.7608,0.06554,0.17366
"balanced n, equal SD","moderate ordered effect: 0, 0.25, 0.50, 0.75 SD",1,0.072463768115942,"0.00, 0.25, 0.50, 0.75","1.0, 1.0, 1.0, 1.0","10, 10, 10, 10",10,"F.P.",4,1,1.6,0.2635,0.25452,0.26684,0.27084,0.27946,0.29338,0.00197011547884889,0.00194802243108235,0.00197806175030003,0.00198738871084647,0.00200679898544922,0.00203621303207695,0.49398,0.0727,0.43332
"balanced n, equal SD","moderate ordered effect: 0, 0.25, 0.50, 0.75 SD",1,0.072463768115942,"0.00, 0.25, 0.50, 0.75","1.0, 1.0, 1.0, 1.0","10, 10, 10, 10",10,"F.P.",5,2,6.6,0.28792,0.3117,0.29806,0.42158,0.4229,0.42686,0.0020249546839374,0.00207143964430538,0.0020455817578381,0.00220839445570758,0.00220932383321232,0.00221201510121428,0.08244,0.04368,0.87388
"balanced n, equal SD","moderate ordered effect: 0, 0.25, 0.50, 0.75 SD",1,0.072463768115942,"0.00, 0.25, 0.50, 0.75","1.0, 1.0, 1.0, 1.0","20, 20, 20, 20",20,"normal",1,0,0,0.51778,0.49804,0.51976,0.4862,0.49984,0.52088,0.00223465376110036,0.0022360507972763,0.00223432111568593,0.002235216141674,0.00223606786301311,0.00223411738993277,0.899,0.05392,0.04708
"balanced n, equal SD","moderate ordered effect: 0, 0.25, 0.50, 0.75 SD",1,0.072463768115942,"0.00, 0.25, 0.50, 0.75","1.0, 1.0, 1.0, 1.0","20, 20, 20, 20",20,"F.P.",2,0,6,0.53632,0.55842,0.5427,0.69818,0.6874,0.68966,0.00223016079061578,0.00222075259135276,0.00222789905516386,0.00205292322116537,0.00207307134464784,0.00206895666653509,0.23654,0.01596,0.7475
"balanced n, equal SD","moderate ordered effect: 0, 0.25, 0.50, 0.75 SD",1,0.072463768115942,"0.00, 0.25, 0.50, 0.75","1.0, 1.0, 1.0, 1.0","20, 20, 20, 20",20,"F.P.",3,0.5,1,0.52052,0.50996,0.5233,0.52902,0.5321,0.54278,0.00223418409984495,0.0022356242904388,0.00223363878010747,0.00223229854454999,0.00223145508581284,0.00222786836056352,0.63622,0.04754,0.31624
"balanced n, equal SD","moderate ordered effect: 0, 0.25, 0.50, 0.75 SD",1,0.072463768115942,"0.00, 0.25, 0.50, 0.75","1.0, 1.0, 1.0, 1.0","20, 20, 20, 20",20,"F.P.",4,1,1.6,0.51894,0.51212,0.52146,0.5653,0.56898,0.5719,0.00223446314089089,0.00223541094924401,0.00223400746820596,0.00221691637190039,0.00221468625136835,0.00221282800958412,0.15936,0.02602,0.81462
"balanced n, equal SD","moderate ordered effect: 0, 0.25, 0.50, 0.75 SD",1,0.072463768115942,"0.00, 0.25, 0.50, 0.75","1.0, 1.0, 1.0, 1.0","20, 20, 20, 20",20,"F.P.",5,2,6.6,0.54226,0.55696,0.55042,0.78346,0.78348,0.78348,0.00222806684100814,0.00222151101010101,0.00222466996923139,0.00184201209768014,0.00184195054005258,0.00184195054005258,0.00066,0.00068,0.99866
"balanced n, equal SD","moderate ordered effect: 0, 0.25, 0.50, 0.75 SD",1,0.072463768115942,"0.00, 0.25, 0.50, 0.75","1.0, 1.0, 1.0, 1.0","30, 30, 30, 30",30,"normal",1,0,0,0.71606,0.70238,0.7159,0.68692,0.70288,0.71616,0.00201652213674931,0.00204471188972921,0.00201686484425705,0.0020739378659931,0.00204372065410124,0.00201630778602871,0.89738,0.05424,0.04838
"balanced n, equal SD","moderate ordered effect: 0, 0.25, 0.50, 0.75 SD",1,0.072463768115942,"0.00, 0.25, 0.50, 0.75","1.0, 1.0, 1.0, 1.0","30, 30, 30, 30",30,"F.P.",2,0,6,0.72426,0.73902,0.72806,0.87946,0.87512,0.87582,0.00199853672670782,0.00196402362307585,0.0019899177691553,0.00145609140097729,0.0014784112120787,0.00147485136607049,0.09688,0.0062,0.89692
"balanced n, equal SD","moderate ordered effect: 0, 0.25, 0.50, 0.75 SD",1,0.072463768115942,"0.00, 0.25, 0.50, 0.75","1.0, 1.0, 1.0, 1.0","30, 30, 30, 30",30,"F.P.",3,0.5,1,0.7122,0.70558,0.7131,0.7326,0.73302,0.7381,0.00202470323751408,0.00203831726480448,0.00202281185481992,0.00197937990289889,0.00197839166799701,0.00196625730767873,0.52078,0.03778,0.44144
"balanced n, equal SD","moderate ordered effect: 0, 0.25, 0.50, 0.75 SD",1,0.072463768115942,"0.00, 0.25, 0.50, 0.75","1.0, 1.0, 1.0, 1.0","30, 30, 30, 30",30,"F.P.",4,1,1.6,0.71292,0.70582,0.7145,0.77032,0.77092,0.77152,0.0020231909133841,0.00203783280766603,0.0020198502419734,0.0018811012604323,0.00187937411709324,0.00187764155045632,0.03786,0.00582,0.95632
"balanced n, equal SD","moderate ordered effect: 0, 0.25, 0.50, 0.75 SD",1,0.072463768115942,"0.00, 0.25, 0.50, 0.75","1.0, 1.0, 1.0, 1.0","30, 30, 30, 30",30,"F.P.",5,2,6.6,0.72452,0.73348,0.73158,0.93698,0.93698,0.93698,0.00199795280024329,0.00197730670155138,0.00198177043877438,0.00108672424837214,0.00108672424837214,0.00108672424837214,0,0,1
"balanced n, equal SD","moderate ordered effect: 0, 0.25, 0.50, 0.75 SD",1,0.072463768115942,"0.00, 0.25, 0.50, 0.75","1.0, 1.0, 1.0, 1.0","50, 50, 50, 50",50,"normal",1,0,0,0.9243,0.91962,0.9243,0.90866,0.9195,0.92396,0.00118295824102121,0.00121588696514109,0.00118295824102121,0.00128838662209757,0.00121671483922898,0.00118539376073944,0.8995,0.0498,0.0507
"balanced n, equal SD","moderate ordered effect: 0, 0.25, 0.50, 0.75 SD",1,0.072463768115942,"0.00, 0.25, 0.50, 0.75","1.0, 1.0, 1.0, 1.0","50, 50, 50, 50",50,"F.P.",2,0,6,0.91876,0.92178,0.9197,0.98774,0.98728,0.98734,0.00122180245866507,0.00120084663133974,0.00121533460413172,0.000492131941657927,0.00050116268017481,0.000499994487969618,0.01424,7e-04,0.98506
"balanced n, equal SD","moderate ordered effect: 0, 0.25, 0.50, 0.75 SD",1,0.072463768115942,"0.00, 0.25, 0.50, 0.75","1.0, 1.0, 1.0, 1.0","50, 50, 50, 50",50,"F.P.",3,0.5,1,0.922,0.92002,0.9225,0.93622,0.9354,0.9366,0.00119929979571415,0.00121312158994884,0.00119577380804231,0.00109281390547522,0.00109933470790292,0.00108977465560546,0.33722,0.02232,0.64046
"balanced n, equal SD","moderate ordered effect: 0, 0.25, 0.50, 0.75 SD",1,0.072463768115942,"0.00, 0.25, 0.50, 0.75","1.0, 1.0, 1.0, 1.0","50, 50, 50, 50",50,"F.P.",4,1,1.6,0.92078,0.91924,0.9219,0.95268,0.9527,0.9527,0.00120784263544553,0.00121850582600167,0.0012000032499956,0.000949534808208736,0.000949344089358542,0.000949344089358542,7e-04,2e-04,0.9991
"balanced n, equal SD","moderate ordered effect: 0, 0.25, 0.50, 0.75 SD",1,0.072463768115942,"0.00, 0.25, 0.50, 0.75","1.0, 1.0, 1.0, 1.0","50, 50, 50, 50",50,"F.P.",5,2,6.6,0.921,0.9259,0.92432,0.9966,0.9966,0.9966,0.00120630841827453,0.00117140249274107,0.00118281475810881,0.00026032441299271,0.00026032441299271,0.00026032441299271,0,0,1
"balanced n, equal SD","moderate ordered effect: 0, 0.25, 0.50, 0.75 SD",1,0.072463768115942,"0.00, 0.25, 0.50, 0.75","1.0, 1.0, 1.0, 1.0","100, 100, 100, 100",100,"normal",1,0,0,0.99884,0.99876,0.99882,0.9981,0.9988,0.9988,0.000152227093514923,0.000157382489496133,0.000153532250683689,0.000194750609755144,0.000154826354345762,0.000154826354345762,0.89958,0.0494,0.05102
"balanced n, equal SD","moderate ordered effect: 0, 0.25, 0.50, 0.75 SD",1,0.072463768115942,"0.00, 0.25, 0.50, 0.75","1.0, 1.0, 1.0, 1.0","100, 100, 100, 100",100,"F.P.",2,0,6,0.99798,0.9978,0.99796,1,1,1,0.000200794402312416,0.000209530904641773,0.000201783963683938,0,0,0,2e-05,0,0.99998
"balanced n, equal SD","moderate ordered effect: 0, 0.25, 0.50, 0.75 SD",1,0.072463768115942,"0.00, 0.25, 0.50, 0.75","1.0, 1.0, 1.0, 1.0","100, 100, 100, 100",100,"F.P.",3,0.5,1,0.99864,0.99854,0.99858,0.99926,0.99922,0.99924,0.00016481203839526,0.000170755286887406,0.000168403301630341,0.000121610229832853,0.000124851239481232,0.000123241421608158,0.09526,0.00648,0.89826
"balanced n, equal SD","moderate ordered effect: 0, 0.25, 0.50, 0.75 SD",1,0.072463768115942,"0.00, 0.25, 0.50, 0.75","1.0, 1.0, 1.0, 1.0","100, 100, 100, 100",100,"F.P.",4,1,1.6,0.9987,0.99872,0.9988,0.9997,0.9997,0.9997,0.000161140311530043,0.000159897567211008,0.000154826354345762,7.74480471025535e-05,7.74480471025535e-05,7.74480471025535e-05,0,0,1
"balanced n, equal SD","moderate ordered effect: 0, 0.25, 0.50, 0.75 SD",1,0.072463768115942,"0.00, 0.25, 0.50, 0.75","1.0, 1.0, 1.0, 1.0","100, 100, 100, 100",100,"F.P.",5,2,6.6,0.99784,0.99816,0.99806,1,1,1,0.000207621501776673,0.000191656693073837,0.00019678599543667,0,0,0,0,0,1
"balanced n, equal SD","moderate ordered effect: 0, 0.25, 0.50, 0.75 SD",1,0.072463768115942,"0.00, 0.25, 0.50, 0.75","1.0, 1.0, 1.0, 1.0","200, 200, 200, 200",200,"normal",1,0,0,1,1,1,1,1,1,0,0,0,0,0,0,0.89726,0.04962,0.05312
"balanced n, equal SD","moderate ordered effect: 0, 0.25, 0.50, 0.75 SD",1,0.072463768115942,"0.00, 0.25, 0.50, 0.75","1.0, 1.0, 1.0, 1.0","200, 200, 200, 200",200,"F.P.",2,0,6,1,1,1,1,1,1,0,0,0,0,0,0,0,0,1
"balanced n, equal SD","moderate ordered effect: 0, 0.25, 0.50, 0.75 SD",1,0.072463768115942,"0.00, 0.25, 0.50, 0.75","1.0, 1.0, 1.0, 1.0","200, 200, 200, 200",200,"F.P.",3,0.5,1,1,1,1,1,1,1,0,0,0,0,0,0,0.00424,0.00028,0.99548
"balanced n, equal SD","moderate ordered effect: 0, 0.25, 0.50, 0.75 SD",1,0.072463768115942,"0.00, 0.25, 0.50, 0.75","1.0, 1.0, 1.0, 1.0","200, 200, 200, 200",200,"F.P.",4,1,1.6,1,1,1,1,1,1,0,0,0,0,0,0,0,0,1
"balanced n, equal SD","moderate ordered effect: 0, 0.25, 0.50, 0.75 SD",1,0.072463768115942,"0.00, 0.25, 0.50, 0.75","1.0, 1.0, 1.0, 1.0","200, 200, 200, 200",200,"F.P.",5,2,6.6,1,1,1,1,1,1,0,0,0,0,0,0,0,0,1
"unbalanced n, equal SD","moderate ordered effect: 0, 0.25, 0.50, 0.75 SD",1.08116005840384,0.072463768115942,"0.0000, 0.2703, 0.5406, 0.8109","1.0, 1.0, 1.0, 1.0","5, 8, 12, 15",10,"normal",1,0,0,0.25708,0.23328,0.2599,0.22638,0.2355,0.26192,0.00195443021671279,0.00189135105995688,0.00196138721317337,0.0018715346408763,0.0018975760854311,0.00196630574224865,0.88564,0.06698,0.04738
"unbalanced n, equal SD","moderate ordered effect: 0, 0.25, 0.50, 0.75 SD",1.08116005840384,0.072463768115942,"0.0000, 0.2703, 0.5406, 0.8109","1.0, 1.0, 1.0, 1.0","5, 8, 12, 15",10,"F.P.",2,0,6,0.28896,0.2986,0.28806,0.35372,0.33946,0.35472,0.00202712662850647,0.00204664623225412,0.00202524781891007,0.0021382336710472,0.00211767281892175,0.00213959679192132,0.50388,0.05144,0.44468
"unbalanced n, equal SD","moderate ordered effect: 0, 0.25, 0.50, 0.75 SD",1.08116005840384,0.072463768115942,"0.0000, 0.2703, 0.5406, 0.8109","1.0, 1.0, 1.0, 1.0","5, 8, 12, 15",10,"F.P.",3,0.5,1,0.26484,0.27222,0.27076,0.25756,0.27526,0.2823,0.00197332092878984,0.0019905590752349,0.00198720417873957,0.00195562187756222,0.00199745804661825,0.00201299135616624,0.76116,0.07006,0.16878
"unbalanced n, equal SD","moderate ordered effect: 0, 0.25, 0.50, 0.75 SD",1.08116005840384,0.072463768115942,"0.0000, 0.2703, 0.5406, 0.8109","1.0, 1.0, 1.0, 1.0","5, 8, 12, 15",10,"F.P.",4,1,1.6,0.26182,0.3017,0.27248,0.28598,0.30716,0.30292,0.00196606351677661,0.00205269145270301,0.00199115368367186,0.00202086832623999,0.00206306923974936,0.00205504001712862,0.48784,0.07466,0.4375
"unbalanced n, equal SD","moderate ordered effect: 0, 0.25, 0.50, 0.75 SD",1.08116005840384,0.072463768115942,"0.0000, 0.2703, 0.5406, 0.8109","1.0, 1.0, 1.0, 1.0","5, 8, 12, 15",10,"F.P.",5,2,6.6,0.2862,0.39954,0.3143,0.4506,0.45304,0.45368,0.00202133401495151,0.00219046930314031,0.00207612865689966,0.00222512759184726,0.00222618399239596,0.00222645214455645,0.07874,0.0436,0.87766
"unbalanced n, equal SD","moderate ordered effect: 0, 0.25, 0.50, 0.75 SD",1.08116005840384,0.072463768115942,"0.0000, 0.2703, 0.5406, 0.8109","1.0, 1.0, 1.0, 1.0","10, 16, 24, 30",20,"normal",1,0,0,0.51486,0.48488,0.51506,0.48208,0.48756,0.51648,0.00223508022406356,0.00223504534898064,0.00223505345081499,0.00223463139510748,0.00223537579122616,0.00223485305825685,0.89372,0.05704,0.04924
"unbalanced n, equal SD","moderate ordered effect: 0, 0.25, 0.50, 0.75 SD",1.08116005840384,0.072463768115942,"0.0000, 0.2703, 0.5406, 0.8109","1.0, 1.0, 1.0, 1.0","10, 16, 24, 30",20,"F.P.",2,0,6,0.53356,0.5619,0.53616,0.68996,0.67868,0.68134,0.00223102544315389,0.00221886633216154,0.00223021278984764,0.00206840614193635,0.00208841307025215,0.00208382247036546,0.23514,0.01816,0.7467
"unbalanced n, equal SD","moderate ordered effect: 0, 0.25, 0.50, 0.75 SD",1.08116005840384,0.072463768115942,"0.0000, 0.2703, 0.5406, 0.8109","1.0, 1.0, 1.0, 1.0","10, 16, 24, 30",20,"F.P.",3,0.5,1,0.52198,0.51794,0.52522,0.53062,0.5333,0.54456,0.00223390635255823,0.00223462818562731,0.0022332216710394,0.00223187103390855,0.00223110335932695,0.0022271704308382,0.63794,0.04836,0.3137
"unbalanced n, equal SD","moderate ordered effect: 0, 0.25, 0.50, 0.75 SD",1.08116005840384,0.072463768115942,"0.0000, 0.2703, 0.5406, 0.8109","1.0, 1.0, 1.0, 1.0","10, 16, 24, 30",20,"F.P.",4,1,1.6,0.52632,0.53752,0.53248,0.56994,0.5749,0.57744,0.00223296779018418,0.0022297634385737,0.00223134510822508,0.00221408399298672,0.00221083690036149,0.00220908599379925,0.16006,0.02734,0.8126
"unbalanced n, equal SD","moderate ordered effect: 0, 0.25, 0.50, 0.75 SD",1.08116005840384,0.072463768115942,"0.0000, 0.2703, 0.5406, 0.8109","1.0, 1.0, 1.0, 1.0","10, 16, 24, 30",20,"F.P.",5,2,6.6,0.55566,0.6107,0.57242,0.78302,0.78304,0.78308,0.00222216995029633,0.00218057565793989,0.0022124888411018,0.00184336474741165,0.00184330333043696,0.00184318047732717,0.00086,0.00072,0.99842
"unbalanced n, equal SD","moderate ordered effect: 0, 0.25, 0.50, 0.75 SD",1.08116005840384,0.072463768115942,"0.0000, 0.2703, 0.5406, 0.8109","1.0, 1.0, 1.0, 1.0","15, 24, 36, 45",30,"normal",1,0,0,0.71608,0.69604,0.71534,0.68678,0.69696,0.71606,0.00201647927636264,0.00205702852872779,0.00201806186426482,0.00207419011471948,0.00205527009611876,0.00201652213674931,0.90012,0.0521,0.04778
"unbalanced n, equal SD","moderate ordered effect: 0, 0.25, 0.50, 0.75 SD",1.08116005840384,0.072463768115942,"0.0000, 0.2703, 0.5406, 0.8109","1.0, 1.0, 1.0, 1.0","15, 24, 36, 45",30,"F.P.",2,0,6,0.72274,0.74064,0.72488,0.87546,0.8715,0.87224,0.00200193352736798,0.0019600632153071,0.00199714288722665,0.00147668404474349,0.00149658110371607,0.0014928990749545,0.09904,0.00654,0.89442
"unbalanced n, equal SD","moderate ordered effect: 0, 0.25, 0.50, 0.75 SD",1.08116005840384,0.072463768115942,"0.0000, 0.2703, 0.5406, 0.8109","1.0, 1.0, 1.0, 1.0","15, 24, 36, 45",30,"F.P.",3,0.5,1,0.718,0.7098,0.71914,0.73196,0.73116,0.73968,0.00201234191925726,0.002029699288072,0.00200986397748703,0.00198088141189724,0.0019827508890428,0.00196241431711043,0.51838,0.03834,0.44328
"unbalanced n, equal SD","moderate ordered effect: 0, 0.25, 0.50, 0.75 SD",1.08116005840384,0.072463768115942,"0.0000, 0.2703, 0.5406, 0.8109","1.0, 1.0, 1.0, 1.0","15, 24, 36, 45",30,"F.P.",4,1,1.6,0.72272,0.71658,0.7249,0.7698,0.77074,0.77136,0.00200197802984948,0.00201540618040136,0.00199709784437318,0.00188259374268587,0.0018798928288602,0.00187810409935126,0.0372,0.00636,0.95644
"unbalanced n, equal SD","moderate ordered effect: 0, 0.25, 0.50, 0.75 SD",1.08116005840384,0.072463768115942,"0.0000, 0.2703, 0.5406, 0.8109","1.0, 1.0, 1.0, 1.0","15, 24, 36, 45",30,"F.P.",5,2,6.6,0.73866,0.75804,0.74828,0.92946,0.92946,0.92946,0.00196489900198458,0.00191528252955014,0.00194091237102554,0.00114511229493007,0.00114511229493007,0.00114511229493007,0,0,1
"unbalanced n, equal SD","moderate ordered effect: 0, 0.25, 0.50, 0.75 SD",1.08116005840384,0.072463768115942,"0.0000, 0.2703, 0.5406, 0.8109","1.0, 1.0, 1.0, 1.0","25, 40, 60, 75",50,"normal",1,0,0,0.92272,0.91674,0.9223,0.90732,0.91678,0.92214,0.00119421774898885,0.00123553852550214,0.00119718595046885,0.00129684553899067,0.00123526864770381,0.00119831398556472,0.8985,0.05128,0.05022
"unbalanced n, equal SD","moderate ordered effect: 0, 0.25, 0.50, 0.75 SD",1.08116005840384,0.072463768115942,"0.0000, 0.2703, 0.5406, 0.8109","1.0, 1.0, 1.0, 1.0","25, 40, 60, 75",50,"F.P.",2,0,6,0.9196,0.92198,0.91978,0.9872,0.98694,0.98698,0.00121602499974302,0.00119944053291524,0.00121478188659528,0.000502715824298381,0.000507728990702717,0.000506961134605011,0.01372,0.00102,0.98526
"unbalanced n, equal SD","moderate ordered effect: 0, 0.25, 0.50, 0.75 SD",1.08116005840384,0.072463768115942,"0.0000, 0.2703, 0.5406, 0.8109","1.0, 1.0, 1.0, 1.0","25, 40, 60, 75",50,"F.P.",3,0.5,1,0.9227,0.91608,0.92262,0.93242,0.93148,0.93386,0.00119435932616613,0.00123997930305308,0.00119492540018195,0.00112261252086372,0.00112982307995544,0.00111144500898605,0.33488,0.02122,0.6439
"unbalanced n, equal SD","moderate ordered effect: 0, 0.25, 0.50, 0.75 SD",1.08116005840384,0.072463768115942,"0.0000, 0.2703, 0.5406, 0.8109","1.0, 1.0, 1.0, 1.0","25, 40, 60, 75",50,"F.P.",4,1,1.6,0.92552,0.91716,0.92482,0.95078,0.9508,0.9508,0.00117416122913338,0.00123270056704781,0.00117921980648224,0.000967443968403339,0.00096725756652507,0.00096725756652507,9e-04,2e-04,0.9989
"unbalanced n, equal SD","moderate ordered effect: 0, 0.25, 0.50, 0.75 SD",1.08116005840384,0.072463768115942,"0.0000, 0.2703, 0.5406, 0.8109","1.0, 1.0, 1.0, 1.0","25, 40, 60, 75",50,"F.P.",5,2,6.6,0.92344,0.9208,0.92564,0.9951,0.9951,0.9951,0.00118910526363312,0.00120770327481547,0.00117329101590356,0.00031228160368488,0.00031228160368488,0.00031228160368488,0,0,1
"unbalanced n, equal SD","moderate ordered effect: 0, 0.25, 0.50, 0.75 SD",1.08116005840384,0.072463768115942,"0.0000, 0.2703, 0.5406, 0.8109","1.0, 1.0, 1.0, 1.0","50, 80, 120, 150",100,"normal",1,0,0,0.99866,0.99862,0.99866,0.99806,0.99864,0.99862,0.000163597334941619,0.000166017806273908,0.000163597334941619,0.00019678599543667,0.00016481203839526,0.000166017806273908,0.89978,0.05032,0.0499
"unbalanced n, equal SD","moderate ordered effect: 0, 0.25, 0.50, 0.75 SD",1.08116005840384,0.072463768115942,"0.0000, 0.2703, 0.5406, 0.8109","1.0, 1.0, 1.0, 1.0","50, 80, 120, 150",100,"F.P.",2,0,6,0.99822,0.99798,0.99818,0.99998,0.99998,0.99998,0.000188511622983836,0.000200794402312416,0.00019061414428106,1.999979999901e-05,1.999979999901e-05,1.999979999901e-05,4e-05,0,0.99996
"unbalanced n, equal SD","moderate ordered effect: 0, 0.25, 0.50, 0.75 SD",1.08116005840384,0.072463768115942,"0.0000, 0.2703, 0.5406, 0.8109","1.0, 1.0, 1.0, 1.0","50, 80, 120, 150",100,"F.P.",3,0.5,1,0.99896,0.99854,0.9989,0.9993,0.99926,0.99934,0.000144147036043065,0.000170755286887406,0.000148242369112207,0.000118280175853778,0.000121610229832853,0.000114853332559399,0.09242,0.006,0.90158
"unbalanced n, equal SD","moderate ordered effect: 0, 0.25, 0.50, 0.75 SD",1.08116005840384,0.072463768115942,"0.0000, 0.2703, 0.5406, 0.8109","1.0, 1.0, 1.0, 1.0","50, 80, 120, 150",100,"F.P.",4,1,1.6,0.99872,0.99816,0.99858,0.9995,0.9995,0.9995,0.000159897567211008,0.000191656693073837,0.000168403301630341,9.9974996874213e-05,9.9974996874213e-05,9.9974996874213e-05,0,0,1
"unbalanced n, equal SD","moderate ordered effect: 0, 0.25, 0.50, 0.75 SD",1.08116005840384,0.072463768115942,"0.0000, 0.2703, 0.5406, 0.8109","1.0, 1.0, 1.0, 1.0","50, 80, 120, 150",100,"F.P.",5,2,6.6,0.99776,0.9969,0.99728,0.99998,0.99998,0.99998,0.000211422912665587,0.00024861174549888,0.000232920656018308,1.999979999901e-05,1.999979999901e-05,1.999979999901e-05,0,0,1
"unbalanced n, equal SD","moderate ordered effect: 0, 0.25, 0.50, 0.75 SD",1.08116005840384,0.072463768115942,"0.0000, 0.2703, 0.5406, 0.8109","1.0, 1.0, 1.0, 1.0","100, 160, 240, 300",200,"normal",1,0,0,1,1,1,1,1,1,0,0,0,0,0,0,0.90004,0.04824,0.05172
"unbalanced n, equal SD","moderate ordered effect: 0, 0.25, 0.50, 0.75 SD",1.08116005840384,0.072463768115942,"0.0000, 0.2703, 0.5406, 0.8109","1.0, 1.0, 1.0, 1.0","100, 160, 240, 300",200,"F.P.",2,0,6,1,1,1,1,1,1,0,0,0,0,0,0,0,0,1
"unbalanced n, equal SD","moderate ordered effect: 0, 0.25, 0.50, 0.75 SD",1.08116005840384,0.072463768115942,"0.0000, 0.2703, 0.5406, 0.8109","1.0, 1.0, 1.0, 1.0","100, 160, 240, 300",200,"F.P.",3,0.5,1,1,1,1,1,1,1,0,0,0,0,0,0,0.0046,0.00034,0.99506
"unbalanced n, equal SD","moderate ordered effect: 0, 0.25, 0.50, 0.75 SD",1.08116005840384,0.072463768115942,"0.0000, 0.2703, 0.5406, 0.8109","1.0, 1.0, 1.0, 1.0","100, 160, 240, 300",200,"F.P.",4,1,1.6,1,1,1,1,1,1,0,0,0,0,0,0,0,0,1
"unbalanced n, equal SD","moderate ordered effect: 0, 0.25, 0.50, 0.75 SD",1.08116005840384,0.072463768115942,"0.0000, 0.2703, 0.5406, 0.8109","1.0, 1.0, 1.0, 1.0","100, 160, 240, 300",200,"F.P.",5,2,6.6,1,1,1,1,1,1,0,0,0,0,0,0,0,0,1
"balanced n, unequal SD","moderate ordered effect: 0, 0.25, 0.50, 0.75 SD",1.6140012391569,0.072463768115942,"0.0000, 0.4035, 0.8070, 1.2105","1.0, 1.3, 1.7, 2.2","10, 10, 10, 10",10,"normal",1,0,0,0.26328,0.26456,0.27536,0.2407,0.2701,0.28106,0.00196958696990003,0.00197265306833209,0.00199768300988921,0.00191187609431155,0.00198567867491193,0.00201029986021986,0.50762,0.3668,0.12558
"balanced n, unequal SD","moderate ordered effect: 0, 0.25, 0.50, 0.75 SD",1.6140012391569,0.072463768115942,"0.0000, 0.4035, 0.8070, 1.2105","1.0, 1.3, 1.7, 2.2","10, 10, 10, 10",10,"F.P.",2,0,6,0.29892,0.32926,0.31952,0.38454,0.38598,0.39232,0.00204727542651203,0.00210165578723063,0.00208531517809659,0.00217563318783291,0.00217715153170375,0.00218359802894214,0.32002,0.12754,0.55244
"balanced n, unequal SD","moderate ordered effect: 0, 0.25, 0.50, 0.75 SD",1.6140012391569,0.072463768115942,"0.0000, 0.4035, 0.8070, 1.2105","1.0, 1.3, 1.7, 2.2","10, 10, 10, 10",10,"F.P.",3,0.5,1,0.24712,0.24936,0.2543,0.2224,0.2534,0.2596,0.00192899821461815,0.00193483637757822,0.00194746763772855,0.00185977547031893,0.00194519119882854,0.00196065213640768,0.4409,0.29382,0.26528
"balanced n, unequal SD","moderate ordered effect: 0, 0.25, 0.50, 0.75 SD",1.6140012391569,0.072463768115942,"0.0000, 0.4035, 0.8070, 1.2105","1.0, 1.3, 1.7, 2.2","10, 10, 10, 10",10,"F.P.",4,1,1.6,0.23492,0.23416,0.23398,0.19006,0.22846,0.23206,0.00189595671680553,0.00189382731208524,0.001893321734941,0.00175463498426311,0.00187758370465873,0.00188789913078003,0.30186,0.26184,0.4363
"balanced n, unequal SD","moderate ordered effect: 0, 0.25, 0.50, 0.75 SD",1.6140012391569,0.072463768115942,"0.0000, 0.4035, 0.8070, 1.2105","1.0, 1.3, 1.7, 2.2","10, 10, 10, 10",10,"F.P.",5,2,6.6,0.22974,0.243,0.22644,0.2209,0.23838,0.23936,0.0018812736770603,0.00191807716216006,0.00187171005446891,0.00185527997887111,0.00190554441354695,0.00190822844753976,0.06316,0.09218,0.84466
"balanced n, unequal SD","moderate ordered effect: 0, 0.25, 0.50, 0.75 SD",1.6140012391569,0.072463768115942,"0.0000, 0.4035, 0.8070, 1.2105","1.0, 1.3, 1.7, 2.2","20, 20, 20, 20",20,"normal",1,0,0,0.50134,0.54586,0.54144,0.4904,0.54798,0.5447,0.00223605994731805,0.00222664258649654,0.00222837486253996,0.00223565578745924,0.00222574895080285,0.00222711432126867,0.18728,0.60832,0.2044
"balanced n, unequal SD","moderate ordered effect: 0, 0.25, 0.50, 0.75 SD",1.6140012391569,0.072463768115942,"0.0000, 0.4035, 0.8070, 1.2105","1.0, 1.3, 1.7, 2.2","20, 20, 20, 20",20,"F.P.",2,0,6,0.5287,0.60696,0.58314,0.72668,0.72694,0.72592,0.00223238128463755,0.00218430564894202,0.00220493873112157,0.00199306887788656,0.00199247703324279,0.00199479399237114,0.07708,0.06806,0.85486
"balanced n, unequal SD","moderate ordered effect: 0, 0.25, 0.50, 0.75 SD",1.6140012391569,0.072463768115942,"0.0000, 0.4035, 0.8070, 1.2105","1.0, 1.3, 1.7, 2.2","20, 20, 20, 20",20,"F.P.",3,0.5,1,0.49988,0.539,0.5332,0.46552,0.50926,0.50702,0.00223606791310103,0.00222925548109677,0.00223113316500831,0.00223074485138933,0.00223568446968708,0.00223584757798916,0.15202,0.36812,0.47986
"balanced n, unequal SD","moderate ordered effect: 0, 0.25, 0.50, 0.75 SD",1.6140012391569,0.072463768115942,"0.0000, 0.4035, 0.8070, 1.2105","1.0, 1.3, 1.7, 2.2","20, 20, 20, 20",20,"F.P.",4,1,1.6,0.49518,0.5267,0.51898,0.39002,0.4228,0.4225,0.00223596407663451,0.0022328775604587,0.00223445635267284,0.00218130419520066,0.00220925399173567,0.00220904391083564,0.05188,0.179,0.76912
"balanced n, unequal SD","moderate ordered effect: 0, 0.25, 0.50, 0.75 SD",1.6140012391569,0.072463768115942,"0.0000, 0.4035, 0.8070, 1.2105","1.0, 1.3, 1.7, 2.2","20, 20, 20, 20",20,"F.P.",5,2,6.6,0.5123,0.54258,0.52098,0.4629,0.46356,0.46362,0.00223539128565896,0.00222794498854886,0.00223409865314851,0.00222990398896455,0.00223012163973179,0.00223014123140217,0.00064,0.00544,0.99392
"balanced n, unequal SD","moderate ordered effect: 0, 0.25, 0.50, 0.75 SD",1.6140012391569,0.072463768115942,"0.0000, 0.4035, 0.8070, 1.2105","1.0, 1.3, 1.7, 2.2","30, 30, 30, 30",30,"normal",1,0,0,0.7029,0.75516,0.75406,0.69594,0.7512,0.75032,0.00204368094378746,0.00192298400617374,0.00192589468247877,0.0020572190763261,0.00193338335567471,0.00193566473130034,0.05156,0.67544,0.273
"balanced n, unequal SD","moderate ordered effect: 0, 0.25, 0.50, 0.75 SD",1.6140012391569,0.072463768115942,"0.0000, 0.4035, 0.8070, 1.2105","1.0, 1.3, 1.7, 2.2","30, 30, 30, 30",30,"F.P.",2,0,6,0.71326,0.78708,0.77538,0.90302,0.90292,0.90278,0.00202247458525441,0.00183076526949798,0.00186636467819127,0.00132344157105631,0.00132405040387441,0.00132490204619059,0.01462,0.0264,0.95898
"balanced n, unequal SD","moderate ordered effect: 0, 0.25, 0.50, 0.75 SD",1.6140012391569,0.072463768115942,"0.0000, 0.4035, 0.8070, 1.2105","1.0, 1.3, 1.7, 2.2","30, 30, 30, 30",30,"F.P.",3,0.5,1,0.70898,0.75424,0.75116,0.66762,0.6987,0.69798,0.00203139045778993,0.00192541955116281,0.00193348728674383,0.00210667290104563,0.0020519176884076,0.00205330913210846,0.04196,0.31622,0.64182
"balanced n, unequal SD","moderate ordered effect: 0, 0.25, 0.50, 0.75 SD",1.6140012391569,0.072463768115942,"0.0000, 0.4035, 0.8070, 1.2105","1.0, 1.3, 1.7, 2.2","30, 30, 30, 30",30,"F.P.",4,1,1.6,0.71728,0.7491,0.74572,0.57548,0.58618,0.5862,0.00201389871443427,0.00193880989269191,0.00194741716948372,0.00221044235210964,0.00220260304004149,0.00220258738759669,0.00708,0.07686,0.91606
"balanced n, unequal SD","moderate ordered effect: 0, 0.25, 0.50, 0.75 SD",1.6140012391569,0.072463768115942,"0.0000, 0.4035, 0.8070, 1.2105","1.0, 1.3, 1.7, 2.2","30, 30, 30, 30",30,"F.P.",5,2,6.6,0.73788,0.7593,0.745,0.66492,0.66492,0.66492,0.00196678979863126,0.00191187609431155,0.00194923061744884,0.00211093057015147,0.00211093057015147,0.00211093057015147,0,2e-04,0.9998
"balanced n, unequal SD","moderate ordered effect: 0, 0.25, 0.50, 0.75 SD",1.6140012391569,0.072463768115942,"0.0000, 0.4035, 0.8070, 1.2105","1.0, 1.3, 1.7, 2.2","50, 50, 50, 50",50,"normal",1,0,0,0.9162,0.9459,0.94586,0.912,0.93606,0.93604,0.00123917359558699,0.00101166387698682,0.00101201640698163,0.00126693330526907,0.00109409027415474,0.00109424968265931,0.00252,0.58344,0.41404
"balanced n, unequal SD","moderate ordered effect: 0, 0.25, 0.50, 0.75 SD",1.6140012391569,0.072463768115942,"0.0000, 0.4035, 0.8070, 1.2105","1.0, 1.3, 1.7, 2.2","50, 50, 50, 50",50,"F.P.",2,0,6,0.9077,0.94704,0.94618,0.99172,0.9917,0.9917,0.00129445517496745,0.00100155118091888,0.00100919183112033,0.00040525156631406,0.000405736614073711,0.000405736614073711,3e-04,0.00274,0.99696
"balanced n, unequal SD","moderate ordered effect: 0, 0.25, 0.50, 0.75 SD",1.6140012391569,0.072463768115942,"0.0000, 0.4035, 0.8070, 1.2105","1.0, 1.3, 1.7, 2.2","50, 50, 50, 50",50,"F.P.",3,0.5,1,0.92262,0.94666,0.94658,0.89486,0.9014,0.9014,0.00119492540018195,0.00100493626066532,0.0010056470911806,0.00137175493729748,0.00133325196418381,0.00133325196418381,0.0017,0.14844,0.84986
"balanced n, unequal SD","moderate ordered effect: 0, 0.25, 0.50, 0.75 SD",1.6140012391569,0.072463768115942,"0.0000, 0.4035, 0.8070, 1.2105","1.0, 1.3, 1.7, 2.2","50, 50, 50, 50",50,"F.P.",4,1,1.6,0.93092,0.94566,0.94522,0.82388,0.82432,0.8243,0.0011340895343843,0.00101377674465338,0.00101763600172164,0.00170353600255469,0.00170186096729433,0.00170193719038042,8e-05,0.00872,0.9912
"balanced n, unequal SD","moderate ordered effect: 0, 0.25, 0.50, 0.75 SD",1.6140012391569,0.072463768115942,"0.0000, 0.4035, 0.8070, 1.2105","1.0, 1.3, 1.7, 2.2","50, 50, 50, 50",50,"F.P.",5,2,6.6,0.9427,0.94796,0.94428,0.89194,0.89194,0.89194,0.00103939126415417,0.000993295911599358,0.00102581949289336,0.00138840222126011,0.00138840222126011,0.00138840222126011,0,0,1
"balanced n, unequal SD","moderate ordered effect: 0, 0.25, 0.50, 0.75 SD",1.6140012391569,0.072463768115942,"0.0000, 0.4035, 0.8070, 1.2105","1.0, 1.3, 1.7, 2.2","100, 100, 100, 100",100,"normal",1,0,0,0.99874,0.99954,0.99954,0.99864,0.99894,0.99894,0.000158645037741496,9.58945671036703e-05,9.58945671036703e-05,0.00016481203839526,0.000145525008160106,0.000145525008160106,0,0.31292,0.68708
"balanced n, unequal SD","moderate ordered effect: 0, 0.25, 0.50, 0.75 SD",1.6140012391569,0.072463768115942,"0.0000, 0.4035, 0.8070, 1.2105","1.0, 1.3, 1.7, 2.2","100, 100, 100, 100",100,"F.P.",2,0,6,0.99802,0.99928,0.99928,1,1,1,0.000198800382293394,0.000119956792221204,0.000119956792221204,0,0,0,0,0,1
"balanced n, unequal SD","moderate ordered effect: 0, 0.25, 0.50, 0.75 SD",1.6140012391569,0.072463768115942,"0.0000, 0.4035, 0.8070, 1.2105","1.0, 1.3, 1.7, 2.2","100, 100, 100, 100",100,"F.P.",3,0.5,1,0.99908,0.99968,0.99968,0.99802,0.99806,0.99806,0.000135584187868647,7.99871989758345e-05,7.99871989758345e-05,0.000198800382293394,0.00019678599543667,0.00019678599543667,0,0.01244,0.98756
"balanced n, unequal SD","moderate ordered effect: 0, 0.25, 0.50, 0.75 SD",1.6140012391569,0.072463768115942,"0.0000, 0.4035, 0.8070, 1.2105","1.0, 1.3, 1.7, 2.2","100, 100, 100, 100",100,"F.P.",4,1,1.6,0.99948,0.99966,0.99966,0.98938,0.98938,0.98938,0.000101953871922548,8.24480927614468e-05,8.24480927614468e-05,0.000458414999754588,0.000458414999754588,0.000458414999754588,0,0,1
"balanced n, unequal SD","moderate ordered effect: 0, 0.25, 0.50, 0.75 SD",1.6140012391569,0.072463768115942,"0.0000, 0.4035, 0.8070, 1.2105","1.0, 1.3, 1.7, 2.2","100, 100, 100, 100",100,"F.P.",5,2,6.6,0.99974,0.99968,0.99972,0.99706,0.99706,0.99706,7.21016504665515e-05,7.99871989758345e-05,7.48226703613212e-05,0.000242130394622404,0.000242130394622404,0.000242130394622404,0,0,1
"balanced n, unequal SD","moderate ordered effect: 0, 0.25, 0.50, 0.75 SD",1.6140012391569,0.072463768115942,"0.0000, 0.4035, 0.8070, 1.2105","1.0, 1.3, 1.7, 2.2","200, 200, 200, 200",200,"normal",1,0,0,1,1,1,1,1,1,0,0,0,0,0,0,0,0.06132,0.93868
"balanced n, unequal SD","moderate ordered effect: 0, 0.25, 0.50, 0.75 SD",1.6140012391569,0.072463768115942,"0.0000, 0.4035, 0.8070, 1.2105","1.0, 1.3, 1.7, 2.2","200, 200, 200, 200",200,"F.P.",2,0,6,1,1,1,1,1,1,0,0,0,0,0,0,0,0,1
"balanced n, unequal SD","moderate ordered effect: 0, 0.25, 0.50, 0.75 SD",1.6140012391569,0.072463768115942,"0.0000, 0.4035, 0.8070, 1.2105","1.0, 1.3, 1.7, 2.2","200, 200, 200, 200",200,"F.P.",3,0.5,1,1,1,1,1,1,1,0,0,0,0,0,0,0,4e-05,0.99996
"balanced n, unequal SD","moderate ordered effect: 0, 0.25, 0.50, 0.75 SD",1.6140012391569,0.072463768115942,"0.0000, 0.4035, 0.8070, 1.2105","1.0, 1.3, 1.7, 2.2","200, 200, 200, 200",200,"F.P.",4,1,1.6,1,1,1,1,1,1,0,0,0,0,0,0,0,0,1
"balanced n, unequal SD","moderate ordered effect: 0, 0.25, 0.50, 0.75 SD",1.6140012391569,0.072463768115942,"0.0000, 0.4035, 0.8070, 1.2105","1.0, 1.3, 1.7, 2.2","200, 200, 200, 200",200,"F.P.",5,2,6.6,1,1,1,1,1,1,0,0,0,0,0,0,0,0,1
"unbalanced n, larger n with larger SD","moderate ordered effect: 0, 0.25, 0.50, 0.75 SD",1.9173452326295,0.072463768115942,"0.0000, 0.4793, 0.9587, 1.4380","1.0, 1.3, 1.7, 2.2","5, 8, 12, 15",10,"normal",1,0,0,0.19854,0.3354,0.2565,0.21556,0.3316,0.2631,0.00178393872316288,0.00211143003672866,0.00195298617506628,0.00183898823487264,0.00210542841246146,0.00196915408234094,0.66336,0.24506,0.09158
"unbalanced n, larger n with larger SD","moderate ordered effect: 0, 0.25, 0.50, 0.75 SD",1.9173452326295,0.072463768115942,"0.0000, 0.4793, 0.9587, 1.4380","1.0, 1.3, 1.7, 2.2","5, 8, 12, 15",10,"F.P.",2,0,6,0.23762,0.4176,0.2791,0.37786,0.4184,0.3755,0.00190345336480829,0.00220549423032571,0.0020060069292004,0.00216832571538503,0.00220608902812194,0.00216563962837772,0.382,0.07982,0.53818
"unbalanced n, larger n with larger SD","moderate ordered effect: 0, 0.25, 0.50, 0.75 SD",1.9173452326295,0.072463768115942,"0.0000, 0.4793, 0.9587, 1.4380","1.0, 1.3, 1.7, 2.2","5, 8, 12, 15",10,"F.P.",3,0.5,1,0.18418,0.35174,0.24158,0.21162,0.3257,0.25084,0.00173353815994918,0.00213550449496132,0.00191425757723458,0.00182667444061606,0.00209580299646699,0.00193865569093638,0.56484,0.19372,0.24144
"unbalanced n, larger n with larger SD","moderate ordered effect: 0, 0.25, 0.50, 0.75 SD",1.9173452326295,0.072463768115942,"0.0000, 0.4793, 0.9587, 1.4380","1.0, 1.3, 1.7, 2.2","5, 8, 12, 15",10,"F.P.",4,1,1.6,0.16968,0.36596,0.242,0.188,0.29878,0.24006,0.00167862263537699,0.00215422040840764,0.00191539029965174,0.00174731794473702,0.00204700030092817,0.00191013714900266,0.37662,0.18364,0.43974
"unbalanced n, larger n with larger SD","moderate ordered effect: 0, 0.25, 0.50, 0.75 SD",1.9173452326295,0.072463768115942,"0.0000, 0.4793, 0.9587, 1.4380","1.0, 1.3, 1.7, 2.2","5, 8, 12, 15",10,"F.P.",5,2,6.6,0.16624,0.42488,0.25406,0.27212,0.29886,0.28722,0.00166495803190351,0.00221068761067682,0.00194686166123841,0.00199033015150753,0.00204715754352224,0.00202348546621912,0.0683,0.06214,0.86956
"unbalanced n, larger n with larger SD","moderate ordered effect: 0, 0.25, 0.50, 0.75 SD",1.9173452326295,0.072463768115942,"0.0000, 0.4793, 0.9587, 1.4380","1.0, 1.3, 1.7, 2.2","10, 16, 24, 30",20,"normal",1,0,0,0.45756,0.66726,0.60978,0.50844,0.65676,0.608,0.00222799841292583,0.0021072450849391,0.00218150568002928,0.00223574938846016,0.00212332900135613,0.00218328193323721,0.32632,0.5404,0.13328
"unbalanced n, larger n with larger SD","moderate ordered effect: 0, 0.25, 0.50, 0.75 SD",1.9173452326295,0.072463768115942,"0.0000, 0.4793, 0.9587, 1.4380","1.0, 1.3, 1.7, 2.2","10, 16, 24, 30",20,"F.P.",2,0,6,0.49582,0.72454,0.59378,0.76724,0.77458,0.7641,0.00223598983718621,0.00199790784772471,0.00219638480963605,0.00188988244290485,0.00186872054411568,0.00189869002209418,0.1084,0.05598,0.83562
"unbalanced n, larger n with larger SD","moderate ordered effect: 0, 0.25, 0.50, 0.75 SD",1.9173452326295,0.072463768115942,"0.0000, 0.4793, 0.9587, 1.4380","1.0, 1.3, 1.7, 2.2","10, 16, 24, 30",20,"F.P.",3,0.5,1,0.45622,0.67312,0.58762,0.49892,0.59922,0.55982,0.00222747979384775,0.00209775816337346,0.00220146649122806,0.00223606276119433,0.00219159937762357,0.00222000706125003,0.24662,0.32158,0.4318
"unbalanced n, larger n with larger SD","moderate ordered effect: 0, 0.25, 0.50, 0.75 SD",1.9173452326295,0.072463768115942,"0.0000, 0.4793, 0.9587, 1.4380","1.0, 1.3, 1.7, 2.2","10, 16, 24, 30",20,"F.P.",4,1,1.6,0.4591,0.68,0.5903,0.44126,0.49206,0.4794,0.00222857438736067,0.00208614476966485,0.00219929947937974,0.00222058376288759,0.00223578602017277,0.00223416937585314,0.07742,0.1467,0.77588
"unbalanced n, larger n with larger SD","moderate ordered effect: 0, 0.25, 0.50, 0.75 SD",1.9173452326295,0.072463768115942,"0.0000, 0.4793, 0.9587, 1.4380","1.0, 1.3, 1.7, 2.2","10, 16, 24, 30",20,"F.P.",5,2,6.6,0.47594,0.71508,0.56978,0.58202,0.5824,0.58228,0.00223347763096029,0.00201861632610063,0.00221418495885055,0.00220577750283205,0.00220549423032571,0.002205583830191,0.00066,0.0032,0.99614
"unbalanced n, larger n with larger SD","moderate ordered effect: 0, 0.25, 0.50, 0.75 SD",1.9173452326295,0.072463768115942,"0.0000, 0.4793, 0.9587, 1.4380","1.0, 1.3, 1.7, 2.2","15, 24, 36, 45",30,"normal",1,0,0,0.68964,0.86486,0.84784,0.74096,0.85024,0.83676,0.00206899333203372,0.00152890274641653,0.00160628350175179,0.00195927679718819,0.0015958191777266,0.00165283212940698,0.1219,0.70392,0.17418
"unbalanced n, larger n with larger SD","moderate ordered effect: 0, 0.25, 0.50, 0.75 SD",1.9173452326295,0.072463768115942,"0.0000, 0.4793, 0.9587, 1.4380","1.0, 1.3, 1.7, 2.2","15, 24, 36, 45",30,"F.P.",2,0,6,0.70034,0.88098,0.81326,0.9358,0.9363,0.93518,0.0020487258694125,0.00144813148298074,0.00174280333026994,0.00109616020726899,0.00109217498597981,0.00110107554327576,0.0241,0.02596,0.94994
"unbalanced n, larger n with larger SD","moderate ordered effect: 0, 0.25, 0.50, 0.75 SD",1.9173452326295,0.072463768115942,"0.0000, 0.4793, 0.9587, 1.4380","1.0, 1.3, 1.7, 2.2","15, 24, 36, 45",30,"F.P.",3,0.5,1,0.70134,0.8643,0.83244,0.73042,0.78444,0.77286,0.00204676429712852,0.00153157115407675,0.0016702313995372,0.00198447284486334,0.00183898823487264,0.0018737524937942,0.08632,0.32616,0.58752
"unbalanced n, larger n with larger SD","moderate ordered effect: 0, 0.25, 0.50, 0.75 SD",1.9173452326295,0.072463768115942,"0.0000, 0.4793, 0.9587, 1.4380","1.0, 1.3, 1.7, 2.2","15, 24, 36, 45",30,"F.P.",4,1,1.6,0.71016,0.86196,0.82212,0.65356,0.66452,0.66306,0.00202895428435438,0.00154262735876167,0.00171019709741304,0.00212800059398488,0.00211155473336592,0.00211381851822714,0.01068,0.06686,0.92246
"unbalanced n, larger n with larger SD","moderate ordered effect: 0, 0.25, 0.50, 0.75 SD",1.9173452326295,0.072463768115942,"0.0000, 0.4793, 0.9587, 1.4380","1.0, 1.3, 1.7, 2.2","15, 24, 36, 45",30,"F.P.",5,2,6.6,0.73302,0.87042,0.78942,0.78794,0.78794,0.78794,0.00197839166799701,0.0015019255880369,0.00182338182287748,0.00182806212367086,0.00182806212367086,0.00182806212367086,0,6e-05,0.99994
"unbalanced n, larger n with larger SD","moderate ordered effect: 0, 0.25, 0.50, 0.75 SD",1.9173452326295,0.072463768115942,"0.0000, 0.4793, 0.9587, 1.4380","1.0, 1.3, 1.7, 2.2","25, 40, 60, 75",50,"normal",1,0,0,0.9282,0.9835,0.98318,0.94906,0.9761,0.97584,0.00115451080549296,0.000569697288039885,0.000575101514517219,0.000983311917958895,0.000683063540236193,0.000686677426452916,0.0104,0.7342,0.2554
"unbalanced n, larger n with larger SD","moderate ordered effect: 0, 0.25, 0.50, 0.75 SD",1.9173452326295,0.072463768115942,"0.0000, 0.4793, 0.9587, 1.4380","1.0, 1.3, 1.7, 2.2","25, 40, 60, 75",50,"F.P.",2,0,6,0.92216,0.98164,0.97442,0.9975,0.9975,0.9975,0.00119817306262493,0.000600381718575775,0.000706054723091632,0.000223327114341271,0.000223327114341271,0.000223327114341271,8e-04,0.00294,0.99626
"unbalanced n, larger n with larger SD","moderate ordered effect: 0, 0.25, 0.50, 0.75 SD",1.9173452326295,0.072463768115942,"0.0000, 0.4793, 0.9587, 1.4380","1.0, 1.3, 1.7, 2.2","25, 40, 60, 75",50,"F.P.",3,0.5,1,0.93852,0.98352,0.98148,0.94274,0.9499,0.94948,0.00107424587129763,0.000569357701273989,0.000602942942574171,0.00103905045498282,0.000975602275520102,0.000979466483346929,0.00674,0.20058,0.79268
"unbalanced n, larger n with larger SD","moderate ordered effect: 0, 0.25, 0.50, 0.75 SD",1.9173452326295,0.072463768115942,"0.0000, 0.4793, 0.9587, 1.4380","1.0, 1.3, 1.7, 2.2","25, 40, 60, 75",50,"F.P.",4,1,1.6,0.9477,0.98246,0.97868,0.90184,0.90216,0.90216,0.000995637584666228,0.000587066408509293,0.000645994699668658,0.00133059846986234,0.00132866349690206,0.00132866349690206,2e-04,0.00672,0.99308
"unbalanced n, larger n with larger SD","moderate ordered effect: 0, 0.25, 0.50, 0.75 SD",1.9173452326295,0.072463768115942,"0.0000, 0.4793, 0.9587, 1.4380","1.0, 1.3, 1.7, 2.2","25, 40, 60, 75",50,"F.P.",5,2,6.6,0.95596,0.9797,0.96478,0.96208,0.96208,0.96208,0.00091761079331054,0.000630680743324227,0.000824373114554326,0.000854190536121771,0.000854190536121771,0.000854190536121771,0,0,1
"unbalanced n, larger n with larger SD","moderate ordered effect: 0, 0.25, 0.50, 0.75 SD",1.9173452326295,0.072463768115942,"0.0000, 0.4793, 0.9587, 1.4380","1.0, 1.3, 1.7, 2.2","50, 80, 120, 150",100,"normal",1,0,0,0.99956,0.99996,0.99996,0.99972,0.9998,0.9998,9.37876750964641e-05,2.82837055563941e-05,2.82837055563941e-05,7.48226703613212e-05,6.32392283317844e-05,6.32392283317844e-05,0,0.5531,0.4469
"unbalanced n, larger n with larger SD","moderate ordered effect: 0, 0.25, 0.50, 0.75 SD",1.9173452326295,0.072463768115942,"0.0000, 0.4793, 0.9587, 1.4380","1.0, 1.3, 1.7, 2.2","50, 80, 120, 150",100,"F.P.",2,0,6,0.9992,0.9999,0.9999,1,1,1,0.000126440499840836,4.47191234261113e-05,4.47191234261113e-05,0,0,0,0,0,1
"unbalanced n, larger n with larger SD","moderate ordered effect: 0, 0.25, 0.50, 0.75 SD",1.9173452326295,0.072463768115942,"0.0000, 0.4793, 0.9587, 1.4380","1.0, 1.3, 1.7, 2.2","50, 80, 120, 150",100,"F.P.",3,0.5,1,0.99974,1,1,0.99982,0.99984,0.99984,7.21016504665515e-05,0,0,5.99945997569711e-05,5.6564016830499e-05,5.6564016830499e-05,0,0.02636,0.97364
"unbalanced n, larger n with larger SD","moderate ordered effect: 0, 0.25, 0.50, 0.75 SD",1.9173452326295,0.072463768115942,"0.0000, 0.4793, 0.9587, 1.4380","1.0, 1.3, 1.7, 2.2","50, 80, 120, 150",100,"F.P.",4,1,1.6,0.99984,0.99994,0.99994,0.99834,0.99834,0.99834,5.6564016830499e-05,3.46399769052894e-05,3.46399769052894e-05,0.000182057375571549,0.000182057375571549,0.000182057375571549,0,0,1
"unbalanced n, larger n with larger SD","moderate ordered effect: 0, 0.25, 0.50, 0.75 SD",1.9173452326295,0.072463768115942,"0.0000, 0.4793, 0.9587, 1.4380","1.0, 1.3, 1.7, 2.2","50, 80, 120, 150",100,"F.P.",5,2,6.6,0.99988,0.99992,0.9999,0.99976,0.99976,0.99976,4.89868553797871e-05,3.9998399967991e-05,4.47191234261113e-05,6.92737179599909e-05,6.92737179599909e-05,6.92737179599909e-05,0,0,1
"unbalanced n, larger n with larger SD","moderate ordered effect: 0, 0.25, 0.50, 0.75 SD",1.9173452326295,0.072463768115942,"0.0000, 0.4793, 0.9587, 1.4380","1.0, 1.3, 1.7, 2.2","100, 160, 240, 300",200,"normal",1,0,0,1,1,1,1,1,1,0,0,0,0,0,0,0,0.25846,0.74154
"unbalanced n, larger n with larger SD","moderate ordered effect: 0, 0.25, 0.50, 0.75 SD",1.9173452326295,0.072463768115942,"0.0000, 0.4793, 0.9587, 1.4380","1.0, 1.3, 1.7, 2.2","100, 160, 240, 300",200,"F.P.",2,0,6,1,1,1,1,1,1,0,0,0,0,0,0,0,0,1
"unbalanced n, larger n with larger SD","moderate ordered effect: 0, 0.25, 0.50, 0.75 SD",1.9173452326295,0.072463768115942,"0.0000, 0.4793, 0.9587, 1.4380","1.0, 1.3, 1.7, 2.2","100, 160, 240, 300",200,"F.P.",3,0.5,1,1,1,1,1,1,1,0,0,0,0,0,0,0,0.00026,0.99974
"unbalanced n, larger n with larger SD","moderate ordered effect: 0, 0.25, 0.50, 0.75 SD",1.9173452326295,0.072463768115942,"0.0000, 0.4793, 0.9587, 1.4380","1.0, 1.3, 1.7, 2.2","100, 160, 240, 300",200,"F.P.",4,1,1.6,1,1,1,1,1,1,0,0,0,0,0,0,0,0,1
"unbalanced n, larger n with larger SD","moderate ordered effect: 0, 0.25, 0.50, 0.75 SD",1.9173452326295,0.072463768115942,"0.0000, 0.4793, 0.9587, 1.4380","1.0, 1.3, 1.7, 2.2","100, 160, 240, 300",200,"F.P.",5,2,6.6,1,1,1,1,1,1,0,0,0,0,0,0,0,0,1
"unbalanced n, larger n with smaller SD","moderate ordered effect: 0, 0.25, 0.50, 0.75 SD",1.55363866566466,0.072463768115942,"0.0000, 0.3884, 0.7768, 1.1652","2.2, 1.7, 1.3, 1.0","5, 8, 12, 15",10,"normal",1,0,0,0.34372,0.20148,0.27322,0.25362,0.21478,0.2804,0.00212403654205854,0.00179379937339715,0.00199284134641973,0.00194574867647392,0.00183657045386231,0.00200885957697396,0.4611,0.40474,0.13416
"unbalanced n, larger n with smaller SD","moderate ordered effect: 0, 0.25, 0.50, 0.75 SD",1.55363866566466,0.072463768115942,"0.0000, 0.3884, 0.7768, 1.1652","2.2, 1.7, 1.3, 1.0","5, 8, 12, 15",10,"F.P.",2,0,6,0.37036,0.2552,0.30704,0.37452,0.3358,0.37486,0.00215959936284488,0.00194973310994095,0.00206284482402337,0.0021645081177949,0.00211205284024808,0.00216490175481475,0.30812,0.15696,0.53492
"unbalanced n, larger n with smaller SD","moderate ordered effect: 0, 0.25, 0.50, 0.75 SD",1.55363866566466,0.072463768115942,"0.0000, 0.3884, 0.7768, 1.1652","2.2, 1.7, 1.3, 1.0","5, 8, 12, 15",10,"F.P.",3,0.5,1,0.36068,0.24826,0.31576,0.31444,0.2746,0.33352,0.00214750989566987,0.0019319781178885,0.00207872856525329,0.00207637899430716,0.00199597014005721,0.00210848006677796,0.42014,0.32368,0.25618
"unbalanced n, larger n with smaller SD","moderate ordered effect: 0, 0.25, 0.50, 0.75 SD",1.55363866566466,0.072463768115942,"0.0000, 0.3884, 0.7768, 1.1652","2.2, 1.7, 1.3, 1.0","5, 8, 12, 15",10,"F.P.",4,1,1.6,0.38212,0.301,0.36026,0.37446,0.35172,0.39166,0.00217303615064269,0.00205133614992765,0.00214696405372796,0.0021644385341238,0.00213547672242055,0.00218294500343,0.28552,0.2825,0.43198
"unbalanced n, larger n with smaller SD","moderate ordered effect: 0, 0.25, 0.50, 0.75 SD",1.55363866566466,0.072463768115942,"0.0000, 0.3884, 0.7768, 1.1652","2.2, 1.7, 1.3, 1.0","5, 8, 12, 15",10,"F.P.",5,2,6.6,0.42114,0.4194,0.44378,0.55608,0.5515,0.55838,0.0022080810691639,0.00220682414342421,0.00222188798817582,0.00222195874669176,0.00222417512799689,0.0022207736291662,0.06172,0.0971,0.84118
"unbalanced n, larger n with smaller SD","moderate ordered effect: 0, 0.25, 0.50, 0.75 SD",1.55363866566466,0.072463768115942,"0.0000, 0.3884, 0.7768, 1.1652","2.2, 1.7, 1.3, 1.0","10, 16, 24, 30",20,"normal",1,0,0,0.5559,0.41944,0.44522,0.4693,0.44758,0.46924,0.00222204945939554,0.0022068533544393,0.00222260725995395,0.00223184905403569,0.00222374523540805,0.00223183253135176,0.19426,0.57894,0.2268
"unbalanced n, larger n with smaller SD","moderate ordered effect: 0, 0.25, 0.50, 0.75 SD",1.55363866566466,0.072463768115942,"0.0000, 0.3884, 0.7768, 1.1652","2.2, 1.7, 1.3, 1.0","10, 16, 24, 30",20,"F.P.",2,0,6,0.57918,0.49178,0.5209,0.67832,0.66924,0.67506,0.00220785202221526,0.00223576578200848,0.00223411364975016,0.00208902837510648,0.00210408090338751,0.00209453573089599,0.08034,0.07462,0.84504
"unbalanced n, larger n with smaller SD","moderate ordered effect: 0, 0.25, 0.50, 0.75 SD",1.55363866566466,0.072463768115942,"0.0000, 0.3884, 0.7768, 1.1652","2.2, 1.7, 1.3, 1.0","10, 16, 24, 30",20,"F.P.",3,0.5,1,0.5621,0.46502,0.49004,0.5727,0.55298,0.5675,0.00221875456055869,0.00223058915804771,0.0022356242904388,0.00221230517786313,0.00222347979347688,0.00221559811337706,0.16088,0.35388,0.48524
"unbalanced n, larger n with smaller SD","moderate ordered effect: 0, 0.25, 0.50, 0.75 SD",1.55363866566466,0.072463768115942,"0.0000, 0.3884, 0.7768, 1.1652","2.2, 1.7, 1.3, 1.0","10, 16, 24, 30",20,"F.P.",4,1,1.6,0.56946,0.5032,0.52336,0.66548,0.65848,0.66272,0.00221438618312163,0.00223602218235866,0.00223362624626413,0.00211005388367217,0.00212077386630447,0.00211434245854355,0.05884,0.1779,0.76326
"unbalanced n, larger n with smaller SD","moderate ordered effect: 0, 0.25, 0.50, 0.75 SD",1.55363866566466,0.072463768115942,"0.0000, 0.3884, 0.7768, 1.1652","2.2, 1.7, 1.3, 1.0","10, 16, 24, 30",20,"F.P.",5,2,6.6,0.59202,0.59246,0.60486,0.86664,0.86644,0.86648,0.00219787315193575,0.00219750380386474,0.00218634114629899,0.00152036252518931,0.00152132656849212,0.00152113385078368,0.00086,0.00524,0.9939
"unbalanced n, larger n with smaller SD","moderate ordered effect: 0, 0.25, 0.50, 0.75 SD",1.55363866566466,0.072463768115942,"0.0000, 0.3884, 0.7768, 1.1652","2.2, 1.7, 1.3, 1.0","15, 24, 36, 45",30,"normal",1,0,0,0.71768,0.61746,0.62374,0.64492,0.6422,0.64692,0.00201303461271782,0.00217349096340426,0.00216651061571366,0.00214008501513374,0.00214373113985873,0.00213735590672213,0.06618,0.62616,0.30766
"unbalanced n, larger n with smaller SD","moderate ordered effect: 0, 0.25, 0.50, 0.75 SD",1.55363866566466,0.072463768115942,"0.0000, 0.3884, 0.7768, 1.1652","2.2, 1.7, 1.3, 1.0","15, 24, 36, 45",30,"F.P.",2,0,6,0.73014,0.6791,0.68974,0.85906,0.85728,0.8578,0.00198512256750056,0.00208769341618926,0.00206880995937278,0.00155612285119138,0.00156429537875684,0.0015619165150545,0.0179,0.02736,0.95474
"unbalanced n, larger n with smaller SD","moderate ordered effect: 0, 0.25, 0.50, 0.75 SD",1.55363866566466,0.072463768115942,"0.0000, 0.3884, 0.7768, 1.1652","2.2, 1.7, 1.3, 1.0","15, 24, 36, 45",30,"F.P.",3,0.5,1,0.72168,0.6528,0.65854,0.7642,0.75716,0.75932,0.00200428529705728,0.00212909445539647,0.00212068417450595,0.00189841175723287,0.00191764821800037,0.00191182184107202,0.05542,0.30108,0.6435
"unbalanced n, larger n with smaller SD","moderate ordered effect: 0, 0.25, 0.50, 0.75 SD",1.55363866566466,0.072463768115942,"0.0000, 0.3884, 0.7768, 1.1652","2.2, 1.7, 1.3, 1.0","15, 24, 36, 45",30,"F.P.",4,1,1.6,0.71518,0.66812,0.67178,0.84106,0.84046,0.84064,0.00201840316884412,0.00210587590137691,0.00209996015009809,0.00163510291052276,0.00163760183439077,0.00163685301966915,0.00872,0.07698,0.9143
"unbalanced n, larger n with smaller SD","moderate ordered effect: 0, 0.25, 0.50, 0.75 SD",1.55363866566466,0.072463768115942,"0.0000, 0.3884, 0.7768, 1.1652","2.2, 1.7, 1.3, 1.0","15, 24, 36, 45",30,"F.P.",5,2,6.6,0.72182,0.72394,0.7276,0.9664,0.9664,0.9664,0.00200397548687602,0.00199925424296161,0.00199097081847023,0.000805866490183082,0.000805866490183082,0.000805866490183082,0,1e-04,0.9999
"unbalanced n, larger n with smaller SD","moderate ordered effect: 0, 0.25, 0.50, 0.75 SD",1.55363866566466,0.072463768115942,"0.0000, 0.3884, 0.7768, 1.1652","2.2, 1.7, 1.3, 1.0","25, 40, 60, 75",50,"normal",1,0,0,0.90442,0.86568,0.8658,0.8674,0.87396,0.87408,0.00131487234057151,0.0015249795906831,0.0015244038834902,0.00151668876174382,0.00148427705230526,0.00148367215785698,0.00606,0.54408,0.44986
"unbalanced n, larger n with smaller SD","moderate ordered effect: 0, 0.25, 0.50, 0.75 SD",1.55363866566466,0.072463768115942,"0.0000, 0.3884, 0.7768, 1.1652","2.2, 1.7, 1.3, 1.0","25, 40, 60, 75",50,"F.P.",2,0,6,0.90314,0.88622,0.88764,0.97958,0.97952,0.97952,0.0013227104021667,0.00142009937398761,0.00141234011767704,0.000632503337540601,0.000633412497508536,0.000633412497508536,5e-04,0.00256,0.99694
"unbalanced n, larger n with smaller SD","moderate ordered effect: 0, 0.25, 0.50, 0.75 SD",1.55363866566466,0.072463768115942,"0.0000, 0.3884, 0.7768, 1.1652","2.2, 1.7, 1.3, 1.0","25, 40, 60, 75",50,"F.P.",3,0.5,1,0.89932,0.87376,0.87388,0.94156,0.94112,0.94116,0.0013456859782282,0.00148528423138469,0.0014846800705876,0.00104904495995167,0.00105274066702109,0.00105240538197027,0.00408,0.14594,0.84998
"unbalanced n, larger n with smaller SD","moderate ordered effect: 0, 0.25, 0.50, 0.75 SD",1.55363866566466,0.072463768115942,"0.0000, 0.3884, 0.7768, 1.1652","2.2, 1.7, 1.3, 1.0","25, 40, 60, 75",50,"F.P.",4,1,1.6,0.89414,0.87616,0.87618,0.9731,0.97318,0.97318,0.00137588996943796,0.0014731167937404,0.00147301464758501,0.000723552209588224,0.000722505191676848,0.000722505191676848,1e-04,0.00858,0.99132
"unbalanced n, larger n with smaller SD","moderate ordered effect: 0, 0.25, 0.50, 0.75 SD",1.55363866566466,0.072463768115942,"0.0000, 0.3884, 0.7768, 1.1652","2.2, 1.7, 1.3, 1.0","25, 40, 60, 75",50,"F.P.",5,2,6.6,0.88268,0.88852,0.88862,0.99892,0.99892,0.99892,0.00143913875356061,0.00140749571651213,0.00140694346439365,0.000146889999659607,0.000146889999659607,0.000146889999659607,0,0,1
"unbalanced n, larger n with smaller SD","moderate ordered effect: 0, 0.25, 0.50, 0.75 SD",1.55363866566466,0.072463768115942,"0.0000, 0.3884, 0.7768, 1.1652","2.2, 1.7, 1.3, 1.0","50, 80, 120, 150",100,"normal",1,0,0,0.99686,0.99536,0.99536,0.99408,0.99444,0.99444,0.000250205531513595,0.000303923358760066,0.000303923358760066,0.000343072983488937,0.000332538310574887,0.000332538310574887,0,0.27374,0.72626
"unbalanced n, larger n with smaller SD","moderate ordered effect: 0, 0.25, 0.50, 0.75 SD",1.55363866566466,0.072463768115942,"0.0000, 0.3884, 0.7768, 1.1652","2.2, 1.7, 1.3, 1.0","50, 80, 120, 150",100,"F.P.",2,0,6,0.99548,0.99494,0.99494,0.99988,0.99988,0.99988,0.000299985652990271,0.00031731361143197,0.00031731361143197,4.89868553797871e-05,4.89868553797871e-05,4.89868553797871e-05,0,0,1
"unbalanced n, larger n with smaller SD","moderate ordered effect: 0, 0.25, 0.50, 0.75 SD",1.55363866566466,0.072463768115942,"0.0000, 0.3884, 0.7768, 1.1652","2.2, 1.7, 1.3, 1.0","50, 80, 120, 150",100,"F.P.",3,0.5,1,0.99522,0.9945,0.9945,0.99902,0.99902,0.99902,0.000308452641421662,0.000330749149658769,0.000330749149658769,0.000139931383184758,0.000139931383184758,0.000139931383184758,0,0.01184,0.98816
"unbalanced n, larger n with smaller SD","moderate ordered effect: 0, 0.25, 0.50, 0.75 SD",1.55363866566466,0.072463768115942,"0.0000, 0.3884, 0.7768, 1.1652","2.2, 1.7, 1.3, 1.0","50, 80, 120, 150",100,"F.P.",4,1,1.6,0.99394,0.994,0.994,0.99978,0.99978,0.99978,0.000347081442892009,0.000345369367489359,0.000345369367489359,6.63251988312132e-05,6.63251988312132e-05,6.63251988312132e-05,0,0,1
"unbalanced n, larger n with smaller SD","moderate ordered effect: 0, 0.25, 0.50, 0.75 SD",1.55363866566466,0.072463768115942,"0.0000, 0.3884, 0.7768, 1.1652","2.2, 1.7, 1.3, 1.0","50, 80, 120, 150",100,"F.P.",5,2,6.6,0.99132,0.9928,0.9928,1,1,1,0.000414841116573563,0.000378104747391513,0.000378104747391513,0,0,0,0,0,1
"unbalanced n, larger n with smaller SD","moderate ordered effect: 0, 0.25, 0.50, 0.75 SD",1.55363866566466,0.072463768115942,"0.0000, 0.3884, 0.7768, 1.1652","2.2, 1.7, 1.3, 1.0","100, 160, 240, 300",200,"normal",1,0,0,1,1,1,1,1,1,0,0,0,0,0,0,0,0.05068,0.94932
"unbalanced n, larger n with smaller SD","moderate ordered effect: 0, 0.25, 0.50, 0.75 SD",1.55363866566466,0.072463768115942,"0.0000, 0.3884, 0.7768, 1.1652","2.2, 1.7, 1.3, 1.0","100, 160, 240, 300",200,"F.P.",2,0,6,0.99996,1,1,1,1,1,2.82837055563941e-05,0,0,0,0,0,0,0,1
"unbalanced n, larger n with smaller SD","moderate ordered effect: 0, 0.25, 0.50, 0.75 SD",1.55363866566466,0.072463768115942,"0.0000, 0.3884, 0.7768, 1.1652","2.2, 1.7, 1.3, 1.0","100, 160, 240, 300",200,"F.P.",3,0.5,1,1,1,1,1,1,1,0,0,0,0,0,0,0,4e-05,0.99996
"unbalanced n, larger n with smaller SD","moderate ordered effect: 0, 0.25, 0.50, 0.75 SD",1.55363866566466,0.072463768115942,"0.0000, 0.3884, 0.7768, 1.1652","2.2, 1.7, 1.3, 1.0","100, 160, 240, 300",200,"F.P.",4,1,1.6,1,1,1,1,1,1,0,0,0,0,0,0,0,0,1
"unbalanced n, larger n with smaller SD","moderate ordered effect: 0, 0.25, 0.50, 0.75 SD",1.55363866566466,0.072463768115942,"0.0000, 0.3884, 0.7768, 1.1652","2.2, 1.7, 1.3, 1.0","100, 160, 240, 300",200,"F.P.",5,2,6.6,0.99994,0.99998,0.99998,1,1,1,3.46399769052894e-05,1.999979999901e-05,1.999979999901e-05,0,0,0,0,0,1
