"grid","design","panel","sd_per_group","group_mean_offsets","psi","c_kw_psi"
"legacy","balanced n, equal SD",1,"1.0, 1.0, 1.0, 1.0","0.00, 0.25, 0.50, 0.75","0.3972, 0.4659, 0.5348, 0.6021",0.0233846397233135
"legacy","balanced n, equal SD",2,"1.0, 1.0, 1.0, 1.0","0.00, 0.25, 0.50, 0.75","0.3736, 0.4570, 0.5429, 0.6265",0.0356667773834892
"legacy","balanced n, equal SD",3,"1.0, 1.0, 1.0, 1.0","0.00, 0.25, 0.50, 0.75","0.3926, 0.4642, 0.5358, 0.6074",0.0256449182480072
"legacy","balanced n, equal SD",4,"1.0, 1.0, 1.0, 1.0","0.00, 0.25, 0.50, 0.75","0.3878, 0.4626, 0.5379, 0.6116",0.0278678076324537
"legacy","balanced n, equal SD",5,"1.0, 1.0, 1.0, 1.0","0.00, 0.25, 0.50, 0.75","0.3631, 0.4512, 0.5478, 0.6379",0.0424406066132005
"legacy","unbalanced n, equal SD",1,"1.0, 1.0, 1.0, 1.0","0.00, 0.25, 0.50, 0.75","0.3972, 0.4650, 0.5357, 0.6022",0.0235043793351638
"legacy","unbalanced n, equal SD",2,"1.0, 1.0, 1.0, 1.0","0.00, 0.25, 0.50, 0.75","0.3739, 0.4573, 0.5428, 0.6259",0.0354078968008866
"legacy","unbalanced n, equal SD",3,"1.0, 1.0, 1.0, 1.0","0.00, 0.25, 0.50, 0.75","0.3928, 0.4637, 0.5363, 0.6072",0.0256141474938597
"legacy","unbalanced n, equal SD",4,"1.0, 1.0, 1.0, 1.0","0.00, 0.25, 0.50, 0.75","0.3873, 0.4621, 0.5385, 0.6120",0.0281637609292627
"legacy","unbalanced n, equal SD",5,"1.0, 1.0, 1.0, 1.0","0.00, 0.25, 0.50, 0.75","0.3627, 0.4534, 0.5463, 0.6376",0.0420952475939655
"legacy","balanced n, unequal SD",1,"1.0, 1.3, 1.7, 2.2","0.000, 0.404, 0.807, 1.211","0.3879, 0.4752, 0.5437, 0.5933",0.0237971771329167
"legacy","balanced n, unequal SD",2,"1.0, 1.3, 1.7, 2.2","0.000, 0.404, 0.807, 1.211","0.3589, 0.4678, 0.5551, 0.6182",0.0379332017414112
"legacy","balanced n, unequal SD",3,"1.0, 1.3, 1.7, 2.2","0.000, 0.404, 0.807, 1.211","0.3890, 0.4766, 0.5434, 0.5910",0.0230268148624917
"legacy","balanced n, unequal SD",4,"1.0, 1.3, 1.7, 2.2","0.000, 0.404, 0.807, 1.211","0.3985, 0.4806, 0.5410, 0.5799",0.0187373133031656
"legacy","balanced n, unequal SD",5,"1.0, 1.3, 1.7, 2.2","0.000, 0.404, 0.807, 1.211","0.3862, 0.4823, 0.5473, 0.5842",0.0225788525101038
"legacy","unbalanced n, larger n with larger SD",1,"1.0, 1.3, 1.7, 2.2","0.000, 0.404, 0.807, 1.211","0.3872, 0.4745, 0.5440, 0.5943",0.02419380802216
"legacy","unbalanced n, larger n with larger SD",2,"1.0, 1.3, 1.7, 2.2","0.000, 0.404, 0.807, 1.211","0.3582, 0.4674, 0.5560, 0.6184",0.0383293778314057
"legacy","unbalanced n, larger n with larger SD",3,"1.0, 1.3, 1.7, 2.2","0.000, 0.404, 0.807, 1.211","0.3900, 0.4760, 0.5437, 0.5904",0.0227538589459472
"legacy","unbalanced n, larger n with larger SD",4,"1.0, 1.3, 1.7, 2.2","0.000, 0.404, 0.807, 1.211","0.3989, 0.4803, 0.5409, 0.5800",0.0186865139471128
"legacy","unbalanced n, larger n with larger SD",5,"1.0, 1.3, 1.7, 2.2","0.000, 0.404, 0.807, 1.211","0.3869, 0.4820, 0.5466, 0.5846",0.0224441986733951
"legacy","unbalanced n, larger n with smaller SD",1,"2.2, 1.7, 1.3, 1.0","0.000, 0.404, 0.807, 1.211","0.4072, 0.4564, 0.5246, 0.6119",0.0236484281593109
"legacy","unbalanced n, larger n with smaller SD",2,"2.2, 1.7, 1.3, 1.0","0.000, 0.404, 0.807, 1.211","0.3813, 0.4453, 0.5330, 0.6404",0.0378704046362982
"legacy","unbalanced n, larger n with smaller SD",3,"2.2, 1.7, 1.3, 1.0","0.000, 0.404, 0.807, 1.211","0.3947, 0.4505, 0.5297, 0.6251",0.0300876941593057
"legacy","unbalanced n, larger n with smaller SD",4,"2.2, 1.7, 1.3, 1.0","0.000, 0.404, 0.807, 1.211","0.3831, 0.4460, 0.5343, 0.6367",0.0364468020342139
"legacy","unbalanced n, larger n with smaller SD",5,"2.2, 1.7, 1.3, 1.0","0.000, 0.404, 0.807, 1.211","0.3515, 0.4354, 0.5453, 0.6678",0.0564562152790121
"brunner","balanced n, unequal SD",1,"1.0000, 1.4142, 2.0000, 2.2361","0.00, 0.25, 0.50, 0.75","0.4324, 0.4843, 0.5246, 0.5587",0.00886336151698841
"brunner","balanced n, unequal SD",2,"1.0000, 1.4142, 2.0000, 2.2361","0.00, 0.25, 0.50, 0.75","0.4123, 0.4805, 0.5324, 0.5748",0.0147163743344772
"brunner","balanced n, unequal SD",3,"1.0000, 1.4142, 2.0000, 2.2361","0.00, 0.25, 0.50, 0.75","0.4409, 0.4884, 0.5199, 0.5508",0.00659633987540912
"brunner","balanced n, unequal SD",4,"1.0000, 1.4142, 2.0000, 2.2361","0.00, 0.25, 0.50, 0.75","0.4557, 0.4923, 0.5116, 0.5404",0.00378680315183512
"brunner","balanced n, unequal SD",5,"1.0000, 1.4142, 2.0000, 2.2361","0.00, 0.25, 0.50, 0.75","0.4672, 0.4969, 0.5007, 0.5352",0.00232442716107859
"brunner","unbalanced n, larger n with larger SD",1,"1.0000, 1.4142, 2.0000, 2.2361","0.00, 0.25, 0.50, 0.75","0.4328, 0.4851, 0.5247, 0.5573",0.00863859898360368
"brunner","unbalanced n, larger n with larger SD",2,"1.0000, 1.4142, 2.0000, 2.2361","0.00, 0.25, 0.50, 0.75","0.4137, 0.4809, 0.5308, 0.5747",0.0143368115281187
"brunner","unbalanced n, larger n with larger SD",3,"1.0000, 1.4142, 2.0000, 2.2361","0.00, 0.25, 0.50, 0.75","0.4406, 0.4873, 0.5201, 0.5521",0.0068086571764921
"brunner","unbalanced n, larger n with larger SD",4,"1.0000, 1.4142, 2.0000, 2.2361","0.00, 0.25, 0.50, 0.75","0.4554, 0.4918, 0.5116, 0.5412",0.0038811084061635
"brunner","unbalanced n, larger n with larger SD",5,"1.0000, 1.4142, 2.0000, 2.2361","0.00, 0.25, 0.50, 0.75","0.4676, 0.4962, 0.5015, 0.5347",0.00226958732519653
"brunner","unbalanced n, larger n with smaller SD",1,"2.2361, 2.0000, 1.4142, 1.0000","0.00, 0.25, 0.50, 0.75","0.4430, 0.4761, 0.5140, 0.5669",0.00849745720150435
"brunner","unbalanced n, larger n with smaller SD",2,"2.2361, 2.0000, 1.4142, 1.0000","0.00, 0.25, 0.50, 0.75","0.4257, 0.4690, 0.5176, 0.5877",0.0144737256834425
"brunner","unbalanced n, larger n with smaller SD",3,"2.2361, 2.0000, 1.4142, 1.0000","0.00, 0.25, 0.50, 0.75","0.4317, 0.4678, 0.5190, 0.5816",0.0127233779466372
"brunner","unbalanced n, larger n with smaller SD",4,"2.2361, 2.0000, 1.4142, 1.0000","0.00, 0.25, 0.50, 0.75","0.4198, 0.4616, 0.5237, 0.5949",0.0174670903576007
"brunner","unbalanced n, larger n with smaller SD",5,"2.2361, 2.0000, 1.4142, 1.0000","0.00, 0.25, 0.50, 0.75","0.3926, 0.4462, 0.5322, 0.6290",0.0320999359339343
"omega_fixed","balanced n, equal SD",1,"1.0, 1.0, 1.0, 1.0","0.00, 0.25, 0.50, 0.75","0.3967, 0.4656, 0.5349, 0.6028",0.023646276283433
"omega_fixed","balanced n, equal SD",2,"1.0, 1.0, 1.0, 1.0","0.00, 0.25, 0.50, 0.75","0.3735, 0.4576, 0.5430, 0.6258",0.0354632500681096
"omega_fixed","balanced n, equal SD",3,"1.0, 1.0, 1.0, 1.0","0.00, 0.25, 0.50, 0.75","0.3913, 0.4642, 0.5367, 0.6077",0.026043600375395
"omega_fixed","balanced n, equal SD",4,"1.0, 1.0, 1.0, 1.0","0.00, 0.25, 0.50, 0.75","0.3878, 0.4627, 0.5374, 0.6121",0.0279407696995658
"omega_fixed","balanced n, equal SD",5,"1.0, 1.0, 1.0, 1.0","0.00, 0.25, 0.50, 0.75","0.3625, 0.4522, 0.5472, 0.6382",0.0425096223342278
"omega_fixed","unbalanced n, equal SD",1,"1.0, 1.0, 1.0, 1.0","0.0000, 0.2703, 0.5406, 0.8109","0.3890, 0.4632, 0.5377, 0.6101",0.0272332727760318
"omega_fixed","unbalanced n, equal SD",2,"1.0, 1.0, 1.0, 1.0","0.0000, 0.2703, 0.5406, 0.8109","0.3650, 0.4537, 0.5464, 0.6349",0.0407143350355103
"omega_fixed","unbalanced n, equal SD",3,"1.0, 1.0, 1.0, 1.0","0.0000, 0.2703, 0.5406, 0.8109","0.3845, 0.4603, 0.5393, 0.6159",0.0298836100594382
"omega_fixed","unbalanced n, equal SD",4,"1.0, 1.0, 1.0, 1.0","0.0000, 0.2703, 0.5406, 0.8109","0.3795, 0.4595, 0.5414, 0.6195",0.0321480209350567
"omega_fixed","unbalanced n, equal SD",5,"1.0, 1.0, 1.0, 1.0","0.0000, 0.2703, 0.5406, 0.8109","0.3546, 0.4493, 0.5501, 0.6460",0.0475493201366518
"omega_fixed","balanced n, unequal SD",1,"1.0, 1.3, 1.7, 2.2","0.0000, 0.4035, 0.8070, 1.2105","0.3883, 0.4742, 0.5443, 0.5932",0.0238051915999759
"omega_fixed","balanced n, unequal SD",2,"1.0, 1.3, 1.7, 2.2","0.0000, 0.4035, 0.8070, 1.2105","0.3590, 0.4678, 0.5555, 0.6177",0.0378586494729229
"omega_fixed","balanced n, unequal SD",3,"1.0, 1.3, 1.7, 2.2","0.0000, 0.4035, 0.8070, 1.2105","0.3903, 0.4754, 0.5440, 0.5903",0.0227283492043736
"omega_fixed","balanced n, unequal SD",4,"1.0, 1.3, 1.7, 2.2","0.0000, 0.4035, 0.8070, 1.2105","0.3979, 0.4815, 0.5403, 0.5803",0.0188471293621344
"omega_fixed","balanced n, unequal SD",5,"1.0, 1.3, 1.7, 2.2","0.0000, 0.4035, 0.8070, 1.2105","0.3862, 0.4820, 0.5474, 0.5844",0.0226488815635392
"omega_fixed","unbalanced n, larger n with larger SD",1,"1.0, 1.3, 1.7, 2.2","0.0000, 0.4793, 0.9587, 1.4380","0.3690, 0.4691, 0.5514, 0.6105",0.0329647051150854
"omega_fixed","unbalanced n, larger n with larger SD",2,"1.0, 1.3, 1.7, 2.2","0.0000, 0.4793, 0.9587, 1.4380","0.3368, 0.4621, 0.5647, 0.6364",0.0508773998910943
"omega_fixed","unbalanced n, larger n with larger SD",3,"1.0, 1.3, 1.7, 2.2","0.0000, 0.4793, 0.9587, 1.4380","0.3681, 0.4710, 0.5520, 0.6088",0.0327670572642012
"omega_fixed","unbalanced n, larger n with larger SD",4,"1.0, 1.3, 1.7, 2.2","0.0000, 0.4793, 0.9587, 1.4380","0.3753, 0.4752, 0.5499, 0.5996",0.0285831221390781
"omega_fixed","unbalanced n, larger n with larger SD",5,"1.0, 1.3, 1.7, 2.2","0.0000, 0.4793, 0.9587, 1.4380","0.3558, 0.4738, 0.5587, 0.6118",0.0374273682828915
"omega_fixed","unbalanced n, larger n with smaller SD",1,"2.2, 1.7, 1.3, 1.0","0.0000, 0.3884, 0.7768, 1.1652","0.4099, 0.4577, 0.5231, 0.6093",0.022400840474556
"omega_fixed","unbalanced n, larger n with smaller SD",2,"2.2, 1.7, 1.3, 1.0","0.0000, 0.3884, 0.7768, 1.1652","0.3854, 0.4471, 0.5314, 0.6362",0.0354655701553895
"omega_fixed","unbalanced n, larger n with smaller SD",3,"2.2, 1.7, 1.3, 1.0","0.0000, 0.3884, 0.7768, 1.1652","0.3960, 0.4536, 0.5293, 0.6211",0.0284892864350527
"omega_fixed","unbalanced n, larger n with smaller SD",4,"2.2, 1.7, 1.3, 1.0","0.0000, 0.3884, 0.7768, 1.1652","0.3859, 0.4476, 0.5335, 0.6330",0.034565322515217
"omega_fixed","unbalanced n, larger n with smaller SD",5,"2.2, 1.7, 1.3, 1.0","0.0000, 0.3884, 0.7768, 1.1652","0.3545, 0.4376, 0.5441, 0.6638",0.0538521811776086
"etaH_fixed","balanced n, equal SD",1,"1.0, 1.0, 1.0, 1.0","0.00, 0.25, 0.50, 0.75","0.3975, 0.4651, 0.5347, 0.6027",0.0234652232685712
"etaH_fixed","balanced n, equal SD",2,"1.0, 1.0, 1.0, 1.0","0.0000, 0.1984, 0.3968, 0.5951","0.3985, 0.4650, 0.5338, 0.6028",0.0232483112678056
"etaH_fixed","balanced n, equal SD",3,"1.0, 1.0, 1.0, 1.0","0.0000, 0.2384, 0.4767, 0.7151","0.3974, 0.4653, 0.5343, 0.6029",0.0234824702433043
"etaH_fixed","balanced n, equal SD",4,"1.0, 1.0, 1.0, 1.0","0.0000, 0.2285, 0.4571, 0.6856","0.3969, 0.4652, 0.5343, 0.6035",0.0237340225236531
"etaH_fixed","balanced n, equal SD",5,"1.0, 1.0, 1.0, 1.0","0.0000, 0.1762, 0.3524, 0.5285","0.3973, 0.4655, 0.5343, 0.6029",0.023492454846731
"etaH_fixed","unbalanced n, equal SD",1,"1.0, 1.0, 1.0, 1.0","0.0000, 0.2715, 0.5430, 0.8146","0.3893, 0.4622, 0.5371, 0.6114",0.0274729316705611
"etaH_fixed","unbalanced n, equal SD",2,"1.0, 1.0, 1.0, 1.0","0.0000, 0.2157, 0.4313, 0.6470","0.3888, 0.4633, 0.5367, 0.6113",0.0274542540330022
"etaH_fixed","unbalanced n, equal SD",3,"1.0, 1.0, 1.0, 1.0","0.0000, 0.2583, 0.5166, 0.7749","0.3903, 0.4635, 0.5365, 0.6097",0.0267237499995281
"etaH_fixed","unbalanced n, equal SD",4,"1.0, 1.0, 1.0, 1.0","0.0000, 0.2472, 0.4944, 0.7416","0.3891, 0.4629, 0.5372, 0.6107",0.0273086809984111
"etaH_fixed","unbalanced n, equal SD",5,"1.0, 1.0, 1.0, 1.0","0.0000, 0.1914, 0.3827, 0.5741","0.3904, 0.4621, 0.5375, 0.6100",0.0269339073140215
"etaH_fixed","balanced n, unequal SD",1,"1.0, 1.3, 1.7, 2.2","0.0000, 0.4007, 0.8015, 1.2022","0.3886, 0.4741, 0.5444, 0.5929",0.0236740548061643
"etaH_fixed","balanced n, unequal SD",2,"1.0, 1.3, 1.7, 2.2","0.0000, 0.3082, 0.6164, 0.9247","0.3879, 0.4757, 0.5428, 0.5936",0.0237478274177778
"etaH_fixed","balanced n, unequal SD",3,"1.0, 1.3, 1.7, 2.2","0.0000, 0.4108, 0.8216, 1.2324","0.3875, 0.4759, 0.5440, 0.5926",0.0237525636847525
"etaH_fixed","balanced n, unequal SD",4,"1.0, 1.3, 1.7, 2.2","0.0000, 0.4427, 0.8853, 1.3280","0.3868, 0.4775, 0.5456, 0.5901",0.0235282747189653
"etaH_fixed","balanced n, unequal SD",5,"1.0, 1.3, 1.7, 2.2","0.0000, 0.4089, 0.8179, 1.2268","0.3834, 0.4819, 0.5481, 0.5865",0.0237255781462426
"etaH_fixed","unbalanced n, larger n with larger SD",1,"1.0, 1.3, 1.7, 2.2","0.0000, 0.4527, 0.9054, 1.3581","0.3759, 0.4722, 0.5487, 0.6031",0.0291672963625403
"etaH_fixed","unbalanced n, larger n with larger SD",2,"1.0, 1.3, 1.7, 2.2","0.0000, 0.3497, 0.6994, 1.0491","0.3753, 0.4721, 0.5489, 0.6037",0.0294723726643059
"etaH_fixed","unbalanced n, larger n with larger SD",3,"1.0, 1.3, 1.7, 2.2","0.00, 0.46, 0.92, 1.38","0.3735, 0.4733, 0.5496, 0.6036",0.0299044236640972
"etaH_fixed","unbalanced n, larger n with larger SD",4,"1.0, 1.3, 1.7, 2.2","0.0000, 0.4900, 0.9799, 1.4699","0.3726, 0.4750, 0.5512, 0.6012",0.0297288032020429
"etaH_fixed","unbalanced n, larger n with larger SD",5,"1.0, 1.3, 1.7, 2.2","0.0000, 0.4474, 0.8948, 1.3422","0.3685, 0.4784, 0.5523, 0.6008",0.0306778065967714
"etaH_fixed","unbalanced n, larger n with smaller SD",1,"2.2, 1.7, 1.3, 1.0","0.0000, 0.4114, 0.8228, 1.2342","0.4051, 0.4555, 0.5255, 0.6139",0.0246322241893829
"etaH_fixed","unbalanced n, larger n with smaller SD",2,"2.2, 1.7, 1.3, 1.0","0.0000, 0.3178, 0.6357, 0.9535","0.4047, 0.4556, 0.5253, 0.6144",0.024782812671314
"etaH_fixed","unbalanced n, larger n with smaller SD",3,"2.2, 1.7, 1.3, 1.0","0.0000, 0.3592, 0.7185, 1.0777","0.4034, 0.4557, 0.5268, 0.6141",0.0250251269326943
"etaH_fixed","unbalanced n, larger n with smaller SD",4,"2.2, 1.7, 1.3, 1.0","0.0000, 0.3095, 0.6191, 0.9286","0.4024, 0.4562, 0.5286, 0.6128",0.0249781594464997
"etaH_fixed","unbalanced n, larger n with smaller SD",5,"2.2, 1.7, 1.3, 1.0","0.0000, 0.1863, 0.3726, 0.5589","0.4006, 0.4579, 0.5313, 0.6103",0.0248038623685803
"typeI","balanced n, equal SD",1,"1.0, 1.0, 1.0, 1.0","0, 0, 0, 0","0.5001, 0.5006, 0.4994, 0.5000",7.1609735034533e-07
"typeI","balanced n, equal SD",2,"1.0, 1.0, 1.0, 1.0","0, 0, 0, 0","0.5008, 0.5002, 0.4999, 0.4990",1.77203304345066e-06
"typeI","balanced n, equal SD",3,"1.0, 1.0, 1.0, 1.0","0, 0, 0, 0","0.5000, 0.5002, 0.5004, 0.4994",5.81598257451266e-07
"typeI","balanced n, equal SD",4,"1.0, 1.0, 1.0, 1.0","0, 0, 0, 0","0.5004, 0.4992, 0.4995, 0.5009",1.73016011920135e-06
"typeI","balanced n, equal SD",5,"1.0, 1.0, 1.0, 1.0","0, 0, 0, 0","0.4986, 0.5005, 0.5004, 0.5004",2.54180664119811e-06
"typeI","balanced n, unequal SD",1,"1.0, 1.3, 1.7, 2.2","0, 0, 0, 0","0.4999, 0.5000, 0.4993, 0.5008",1.14971197374551e-06
"typeI","balanced n, unequal SD",2,"1.0, 1.3, 1.7, 2.2","0, 0, 0, 0","0.4997, 0.4999, 0.4996, 0.5008",9.32603722875626e-07
"typeI","balanced n, unequal SD",3,"1.0, 1.3, 1.7, 2.2","0, 0, 0, 0","0.5115, 0.5036, 0.4961, 0.4889",0.000283639577317237
"typeI","balanced n, unequal SD",4,"1.0, 1.3, 1.7, 2.2","0, 0, 0, 0","0.5249, 0.5087, 0.4912, 0.4752",0.00139040813284832
"typeI","balanced n, unequal SD",5,"1.0, 1.3, 1.7, 2.2","0, 0, 0, 0","0.5514, 0.5188, 0.4810, 0.4489",0.00596507032093347
"typeI","unbalanced n, equal SD",1,"1.0, 1.0, 1.0, 1.0","0, 0, 0, 0","0.5002, 0.4993, 0.4988, 0.5016",4.37197580869188e-06
"typeI","unbalanced n, equal SD",2,"1.0, 1.0, 1.0, 1.0","0, 0, 0, 0","0.4997, 0.5001, 0.5000, 0.5003",1.77416542140647e-07
"typeI","unbalanced n, equal SD",3,"1.0, 1.0, 1.0, 1.0","0, 0, 0, 0","0.5001, 0.5002, 0.5002, 0.4994",4.26299728754793e-07
"typeI","unbalanced n, equal SD",4,"1.0, 1.0, 1.0, 1.0","0, 0, 0, 0","0.5001, 0.5002, 0.5008, 0.4989",1.98469764490985e-06
"typeI","unbalanced n, equal SD",5,"1.0, 1.0, 1.0, 1.0","0, 0, 0, 0","0.5003, 0.4994, 0.5012, 0.4991",2.61864564830321e-06
"typeI","unbalanced n, larger n with larger SD",1,"1.0, 1.3, 1.7, 2.2","0, 0, 0, 0","0.5002, 0.4994, 0.5003, 0.5001",5.30810654272207e-07
"typeI","unbalanced n, larger n with larger SD",2,"1.0, 1.3, 1.7, 2.2","0, 0, 0, 0","0.5000, 0.5005, 0.4993, 0.5003",8.44361113018406e-07
"typeI","unbalanced n, larger n with larger SD",3,"1.0, 1.3, 1.7, 2.2","0, 0, 0, 0","0.5109, 0.5030, 0.4960, 0.4902",0.000239480209579688
"typeI","unbalanced n, larger n with larger SD",4,"1.0, 1.3, 1.7, 2.2","0, 0, 0, 0","0.5244, 0.5087, 0.4906, 0.4764",0.0013175077822958
"typeI","unbalanced n, larger n with larger SD",5,"1.0, 1.3, 1.7, 2.2","0, 0, 0, 0","0.5512, 0.5183, 0.4825, 0.4480",0.00597065632537354
"typeI","unbalanced n, larger n with smaller SD",1,"2.2, 1.7, 1.3, 1.0","0, 0, 0, 0","0.5000, 0.5009, 0.4995, 0.4996",1.31621619934009e-06
"typeI","unbalanced n, larger n with smaller SD",2,"2.2, 1.7, 1.3, 1.0","0, 0, 0, 0","0.5007, 0.4992, 0.4998, 0.5002",1.25933425724852e-06
"typeI","unbalanced n, larger n with smaller SD",3,"2.2, 1.7, 1.3, 1.0","0, 0, 0, 0","0.4891, 0.4964, 0.5037, 0.5108",0.000261947381665542
"typeI","unbalanced n, larger n with smaller SD",4,"2.2, 1.7, 1.3, 1.0","0, 0, 0, 0","0.4743, 0.4905, 0.5095, 0.5257",0.00149810242796814
"typeI","unbalanced n, larger n with smaller SD",5,"2.2, 1.7, 1.3, 1.0","0, 0, 0, 0","0.4488, 0.4822, 0.5183, 0.5507",0.00584746941621331
