"design","effect_size","group_mean_offsets","sd_per_group","n_vector","n_per_group","distribution","panel","skew","excess_kurtosis","rank_power","ps_kw_power","ps_kw_mc_se","ps_ats_power","ps_ats_mc_se"
"balanced n, equal SD","moderate ordered effect: 0, 0.25, 0.50, 0.75 SD","0.00, 0.25, 0.50, 0.75","1.0, 1.0, 1.0, 1.0","10, 10, 10, 10",10,"normal",1,0,0,0.23336,0.233,0.00189056076337155,0.24324,0.00191871989826551
"balanced n, equal SD","moderate ordered effect: 0, 0.25, 0.50, 0.75 SD","0.00, 0.25, 0.50, 0.75","1.0, 1.0, 1.0, 1.0","10, 10, 10, 10",10,"F.P.",2,0,6,0.36128,0.35528,0.0021403556788534,0.36466,0.00215259417633701
"balanced n, equal SD","moderate ordered effect: 0, 0.25, 0.50, 0.75 SD","0.00, 0.25, 0.50, 0.75","1.0, 1.0, 1.0, 1.0","10, 10, 10, 10",10,"F.P.",3,0.5,1,0.25436,0.2569,0.00195398254854029,0.26624,0.00197664494737927
"balanced n, equal SD","moderate ordered effect: 0, 0.25, 0.50, 0.75 SD","0.00, 0.25, 0.50, 0.75","1.0, 1.0, 1.0, 1.0","10, 10, 10, 10",10,"F.P.",4,1,1.6,0.27422,0.27792,0.00200339947888583,0.28728,0.00202361163072364
"balanced n, equal SD","moderate ordered effect: 0, 0.25, 0.50, 0.75 SD","0.00, 0.25, 0.50, 0.75","1.0, 1.0, 1.0, 1.0","10, 10, 10, 10",10,"F.P.",5,2,6.6,0.42856,0.43298,0.00221588952612715,0.43794,0.00221877694417442
"balanced n, equal SD","moderate ordered effect: 0, 0.25, 0.50, 0.75 SD","0.00, 0.25, 0.50, 0.75","1.0, 1.0, 1.0, 1.0","20, 20, 20, 20",20,"normal",1,0,0,0.48142,0.48572,0.00223515584065183,0.49176,0.00223576430958185
"balanced n, equal SD","moderate ordered effect: 0, 0.25, 0.50, 0.75 SD","0.00, 0.25, 0.50, 0.75","1.0, 1.0, 1.0, 1.0","20, 20, 20, 20",20,"F.P.",2,0,6,0.69484,0.69602,0.00205706664743756,0.70112,0.00204719684251417
"balanced n, equal SD","moderate ordered effect: 0, 0.25, 0.50, 0.75 SD","0.00, 0.25, 0.50, 0.75","1.0, 1.0, 1.0, 1.0","20, 20, 20, 20",20,"F.P.",3,0.5,1,0.52858,0.52906,0.00223228813731561,0.53566,0.00223037380006133
"balanced n, equal SD","moderate ordered effect: 0, 0.25, 0.50, 0.75 SD","0.00, 0.25, 0.50, 0.75","1.0, 1.0, 1.0, 1.0","20, 20, 20, 20",20,"F.P.",4,1,1.6,0.56972,0.56462,0.00221731484277718,0.56954,0.00221433596547588
"balanced n, equal SD","moderate ordered effect: 0, 0.25, 0.50, 0.75 SD","0.00, 0.25, 0.50, 0.75","1.0, 1.0, 1.0, 1.0","20, 20, 20, 20",20,"F.P.",5,2,6.6,0.78444,0.7838,0.00184096474708236,0.78194,0.00184667179758613
"balanced n, equal SD","moderate ordered effect: 0, 0.25, 0.50, 0.75 SD","0.00, 0.25, 0.50, 0.75","1.0, 1.0, 1.0, 1.0","30, 30, 30, 30",30,"normal",1,0,0,0.6889,0.6881,0.0020718030311784,0.69144,0.002065675320083
"balanced n, equal SD","moderate ordered effect: 0, 0.25, 0.50, 0.75 SD","0.00, 0.25, 0.50, 0.75","1.0, 1.0, 1.0, 1.0","30, 30, 30, 30",30,"F.P.",2,0,6,0.87876,0.88028,0.00145180660971081,0.88238,0.00144073269970526
"balanced n, equal SD","moderate ordered effect: 0, 0.25, 0.50, 0.75 SD","0.00, 0.25, 0.50, 0.75","1.0, 1.0, 1.0, 1.0","30, 30, 30, 30",30,"F.P.",3,0.5,1,0.73602,0.73948,0.00196290259360978,0.74262,0.00195517536604776
"balanced n, equal SD","moderate ordered effect: 0, 0.25, 0.50, 0.75 SD","0.00, 0.25, 0.50, 0.75","1.0, 1.0, 1.0, 1.0","30, 30, 30, 30",30,"F.P.",4,1,1.6,0.7782,0.77024,0.00188133113725362,0.77242,0.00187503249891835
"balanced n, equal SD","moderate ordered effect: 0, 0.25, 0.50, 0.75 SD","0.00, 0.25, 0.50, 0.75","1.0, 1.0, 1.0, 1.0","30, 30, 30, 30",30,"F.P.",5,2,6.6,0.93482,0.93516,0.00110123362099057,0.93374,0.00111238134108767
"balanced n, equal SD","moderate ordered effect: 0, 0.25, 0.50, 0.75 SD","0.00, 0.25, 0.50, 0.75","1.0, 1.0, 1.0, 1.0","50, 50, 50, 50",50,"normal",1,0,0,0.90724,0.9062,0.00130385244563946,0.90724,0.00129734792866062
"balanced n, equal SD","moderate ordered effect: 0, 0.25, 0.50, 0.75 SD","0.00, 0.25, 0.50, 0.75","1.0, 1.0, 1.0, 1.0","50, 50, 50, 50",50,"F.P.",2,0,6,0.98738,0.98722,0.000502328012358459,0.98736,0.000499604451541417
"balanced n, equal SD","moderate ordered effect: 0, 0.25, 0.50, 0.75 SD","0.00, 0.25, 0.50, 0.75","1.0, 1.0, 1.0, 1.0","50, 50, 50, 50",50,"F.P.",3,0.5,1,0.93614,0.9359,0.00109536468812903,0.93662,0.001089614386836
"balanced n, equal SD","moderate ordered effect: 0, 0.25, 0.50, 0.75 SD","0.00, 0.25, 0.50, 0.75","1.0, 1.0, 1.0, 1.0","50, 50, 50, 50",50,"F.P.",4,1,1.6,0.95328,0.95304,0.000946094692935121,0.9533,0.000943600657057846
"balanced n, equal SD","moderate ordered effect: 0, 0.25, 0.50, 0.75 SD","0.00, 0.25, 0.50, 0.75","1.0, 1.0, 1.0, 1.0","50, 50, 50, 50",50,"F.P.",5,2,6.6,0.9964,0.99634,0.000270059415684771,0.9961,0.000278739663485483
"balanced n, equal SD","moderate ordered effect: 0, 0.25, 0.50, 0.75 SD","0.00, 0.25, 0.50, 0.75","1.0, 1.0, 1.0, 1.0","100, 100, 100, 100",100,"normal",1,0,0,0.99854,0.99814,0.000192693559830108,0.9982,0.000189565819703871
"balanced n, equal SD","moderate ordered effect: 0, 0.25, 0.50, 0.75 SD","0.00, 0.25, 0.50, 0.75","1.0, 1.0, 1.0, 1.0","100, 100, 100, 100",100,"F.P.",2,0,6,0.99998,0.99998,1.999979999901e-05,0.99998,1.999979999901e-05
"balanced n, equal SD","moderate ordered effect: 0, 0.25, 0.50, 0.75 SD","0.00, 0.25, 0.50, 0.75","1.0, 1.0, 1.0, 1.0","100, 100, 100, 100",100,"F.P.",3,0.5,1,0.99916,0.99918,0.000128009968361846,0.99918,0.000128009968361846
"balanced n, equal SD","moderate ordered effect: 0, 0.25, 0.50, 0.75 SD","0.00, 0.25, 0.50, 0.75","1.0, 1.0, 1.0, 1.0","100, 100, 100, 100",100,"F.P.",4,1,1.6,0.99968,0.9997,7.74480471025535e-05,0.9997,7.74480471025535e-05
"balanced n, equal SD","moderate ordered effect: 0, 0.25, 0.50, 0.75 SD","0.00, 0.25, 0.50, 0.75","1.0, 1.0, 1.0, 1.0","100, 100, 100, 100",100,"F.P.",5,2,6.6,1,1,0,1,0
"balanced n, equal SD","moderate ordered effect: 0, 0.25, 0.50, 0.75 SD","0.00, 0.25, 0.50, 0.75","1.0, 1.0, 1.0, 1.0","200, 200, 200, 200",200,"normal",1,0,0,1,1,0,1,0
"balanced n, equal SD","moderate ordered effect: 0, 0.25, 0.50, 0.75 SD","0.00, 0.25, 0.50, 0.75","1.0, 1.0, 1.0, 1.0","200, 200, 200, 200",200,"F.P.",2,0,6,1,1,0,1,0
"balanced n, equal SD","moderate ordered effect: 0, 0.25, 0.50, 0.75 SD","0.00, 0.25, 0.50, 0.75","1.0, 1.0, 1.0, 1.0","200, 200, 200, 200",200,"F.P.",3,0.5,1,1,1,0,1,0
"balanced n, equal SD","moderate ordered effect: 0, 0.25, 0.50, 0.75 SD","0.00, 0.25, 0.50, 0.75","1.0, 1.0, 1.0, 1.0","200, 200, 200, 200",200,"F.P.",4,1,1.6,1,1,0,1,0
"balanced n, equal SD","moderate ordered effect: 0, 0.25, 0.50, 0.75 SD","0.00, 0.25, 0.50, 0.75","1.0, 1.0, 1.0, 1.0","200, 200, 200, 200",200,"F.P.",5,2,6.6,1,1,0,1,0
"unbalanced n, equal SD","moderate ordered effect: 0, 0.25, 0.50, 0.75 SD","0.00, 0.25, 0.50, 0.75","1.0, 1.0, 1.0, 1.0","5, 8, 12, 15",10,"normal",1,0,0,0.19606,0.25022,0.00193705937751015,0.18748,0.00174545839022304
"unbalanced n, equal SD","moderate ordered effect: 0, 0.25, 0.50, 0.75 SD","0.00, 0.25, 0.50, 0.75","1.0, 1.0, 1.0, 1.0","5, 8, 12, 15",10,"F.P.",2,0,6,0.30544,0.37178,0.00216129420301818,0.29066,0.00203064898197596
"unbalanced n, equal SD","moderate ordered effect: 0, 0.25, 0.50, 0.75 SD","0.00, 0.25, 0.50, 0.75","1.0, 1.0, 1.0, 1.0","5, 8, 12, 15",10,"F.P.",3,0.5,1,0.22394,0.27752,0.00200251167087735,0.20022,0.00178959186185007
"unbalanced n, equal SD","moderate ordered effect: 0, 0.25, 0.50, 0.75 SD","0.00, 0.25, 0.50, 0.75","1.0, 1.0, 1.0, 1.0","5, 8, 12, 15",10,"F.P.",4,1,1.6,0.25016,0.32216,0.00208984657044483,0.21324,0.00183176801151237
"unbalanced n, equal SD","moderate ordered effect: 0, 0.25, 0.50, 0.75 SD","0.00, 0.25, 0.50, 0.75","1.0, 1.0, 1.0, 1.0","5, 8, 12, 15",10,"F.P.",5,2,6.6,0.39952,0.49888,0.00223606236764541,0.28184,0.00201199510138569
"unbalanced n, equal SD","moderate ordered effect: 0, 0.25, 0.50, 0.75 SD","0.00, 0.25, 0.50, 0.75","1.0, 1.0, 1.0, 1.0","10, 16, 24, 30",20,"normal",1,0,0,0.4129,0.48688,0.0022352980365043,0.3728,0.00216249929479757
"unbalanced n, equal SD","moderate ordered effect: 0, 0.25, 0.50, 0.75 SD","0.00, 0.25, 0.50, 0.75","1.0, 1.0, 1.0, 1.0","10, 16, 24, 30",20,"F.P.",2,0,6,0.61666,0.68484,0.00207766298710835,0.55396,0.00222300840484241
"unbalanced n, equal SD","moderate ordered effect: 0, 0.25, 0.50, 0.75 SD","0.00, 0.25, 0.50, 0.75","1.0, 1.0, 1.0, 1.0","10, 16, 24, 30",20,"F.P.",3,0.5,1,0.46264,0.53992,0.00222892975932397,0.39768,0.00218874675373831
"unbalanced n, equal SD","moderate ordered effect: 0, 0.25, 0.50, 0.75 SD","0.00, 0.25, 0.50, 0.75","1.0, 1.0, 1.0, 1.0","10, 16, 24, 30",20,"F.P.",4,1,1.6,0.50616,0.5865,0.00220235215167784,0.40982,0.00219939795216782
"unbalanced n, equal SD","moderate ordered effect: 0, 0.25, 0.50, 0.75 SD","0.00, 0.25, 0.50, 0.75","1.0, 1.0, 1.0, 1.0","10, 16, 24, 30",20,"F.P.",5,2,6.6,0.72052,0.79464,0.00180658390560749,0.55576,0.00222211980955123
"unbalanced n, equal SD","moderate ordered effect: 0, 0.25, 0.50, 0.75 SD","0.00, 0.25, 0.50, 0.75","1.0, 1.0, 1.0, 1.0","15, 24, 36, 45",30,"normal",1,0,0,0.61038,0.67704,0.00209120462126498,0.5556,0.00222219999099991
"unbalanced n, equal SD","moderate ordered effect: 0, 0.25, 0.50, 0.75 SD","0.00, 0.25, 0.50, 0.75","1.0, 1.0, 1.0, 1.0","15, 24, 36, 45",30,"F.P.",2,0,6,0.81734,0.86466,0.00152985675407863,0.7655,0.00189478098998275
"unbalanced n, equal SD","moderate ordered effect: 0, 0.25, 0.50, 0.75 SD","0.00, 0.25, 0.50, 0.75","1.0, 1.0, 1.0, 1.0","15, 24, 36, 45",30,"F.P.",3,0.5,1,0.6605,0.73326,0.00197782593976315,0.58936,0.00220006722806372
"unbalanced n, equal SD","moderate ordered effect: 0, 0.25, 0.50, 0.75 SD","0.00, 0.25, 0.50, 0.75","1.0, 1.0, 1.0, 1.0","15, 24, 36, 45",30,"F.P.",4,1,1.6,0.70054,0.77628,0.00186370255995961,0.60526,0.00218595668941541
"unbalanced n, equal SD","moderate ordered effect: 0, 0.25, 0.50, 0.75 SD","0.00, 0.25, 0.50, 0.75","1.0, 1.0, 1.0, 1.0","15, 24, 36, 45",30,"F.P.",5,2,6.6,0.88856,0.92978,0.00114270863828012,0.7741,0.00187012935381486
"unbalanced n, equal SD","moderate ordered effect: 0, 0.25, 0.50, 0.75 SD","0.00, 0.25, 0.50, 0.75","1.0, 1.0, 1.0, 1.0","25, 40, 60, 75",50,"normal",1,0,0,0.853,0.89242,0.00138568786961567,0.81428,0.00173912668658727
"unbalanced n, equal SD","moderate ordered effect: 0, 0.25, 0.50, 0.75 SD","0.00, 0.25, 0.50, 0.75","1.0, 1.0, 1.0, 1.0","25, 40, 60, 75",50,"F.P.",2,0,6,0.96984,0.97984,0.000628547124724948,0.95126,0.000962958071776752
"unbalanced n, equal SD","moderate ordered effect: 0, 0.25, 0.50, 0.75 SD","0.00, 0.25, 0.50, 0.75","1.0, 1.0, 1.0, 1.0","25, 40, 60, 75",50,"F.P.",3,0.5,1,0.89004,0.92268,0.00119450087986573,0.84288,0.0016274723075985
"unbalanced n, equal SD","moderate ordered effect: 0, 0.25, 0.50, 0.75 SD","0.00, 0.25, 0.50, 0.75","1.0, 1.0, 1.0, 1.0","25, 40, 60, 75",50,"F.P.",4,1,1.6,0.91302,0.94346,0.00103289136311618,0.85544,0.00157265639222304
"unbalanced n, equal SD","moderate ordered effect: 0, 0.25, 0.50, 0.75 SD","0.00, 0.25, 0.50, 0.75","1.0, 1.0, 1.0, 1.0","25, 40, 60, 75",50,"F.P.",5,2,6.6,0.98744,0.99358,0.000357177367704058,0.95856,0.00089132178701073
"unbalanced n, equal SD","moderate ordered effect: 0, 0.25, 0.50, 0.75 SD","0.00, 0.25, 0.50, 0.75","1.0, 1.0, 1.0, 1.0","50, 80, 120, 150",100,"normal",1,0,0,0.9937,0.99652,0.000263358675573828,0.98958,0.000454123850948174
"unbalanced n, equal SD","moderate ordered effect: 0, 0.25, 0.50, 0.75 SD","0.00, 0.25, 0.50, 0.75","1.0, 1.0, 1.0, 1.0","50, 80, 120, 150",100,"F.P.",2,0,6,0.99988,0.9999,4.47191234261113e-05,0.99976,6.92737179599909e-05
"unbalanced n, equal SD","moderate ordered effect: 0, 0.25, 0.50, 0.75 SD","0.00, 0.25, 0.50, 0.75","1.0, 1.0, 1.0, 1.0","50, 80, 120, 150",100,"F.P.",3,0.5,1,0.9966,0.99812,0.000193724835785193,0.99348,0.000359930259911555
"unbalanced n, equal SD","moderate ordered effect: 0, 0.25, 0.50, 0.75 SD","0.00, 0.25, 0.50, 0.75","1.0, 1.0, 1.0, 1.0","50, 80, 120, 150",100,"F.P.",4,1,1.6,0.9982,0.99906,0.000137048633703518,0.99464,0.000326535462086433
"unbalanced n, equal SD","moderate ordered effect: 0, 0.25, 0.50, 0.75 SD","0.00, 0.25, 0.50, 0.75","1.0, 1.0, 1.0, 1.0","50, 80, 120, 150",100,"F.P.",5,2,6.6,0.99998,0.99998,1.999979999901e-05,0.99968,7.99871989758345e-05
"unbalanced n, equal SD","moderate ordered effect: 0, 0.25, 0.50, 0.75 SD","0.00, 0.25, 0.50, 0.75","1.0, 1.0, 1.0, 1.0","100, 160, 240, 300",200,"normal",1,0,0,1,1,0,1,0
"unbalanced n, equal SD","moderate ordered effect: 0, 0.25, 0.50, 0.75 SD","0.00, 0.25, 0.50, 0.75","1.0, 1.0, 1.0, 1.0","100, 160, 240, 300",200,"F.P.",2,0,6,1,1,0,1,0
"unbalanced n, equal SD","moderate ordered effect: 0, 0.25, 0.50, 0.75 SD","0.00, 0.25, 0.50, 0.75","1.0, 1.0, 1.0, 1.0","100, 160, 240, 300",200,"F.P.",3,0.5,1,1,1,0,1,0
"unbalanced n, equal SD","moderate ordered effect: 0, 0.25, 0.50, 0.75 SD","0.00, 0.25, 0.50, 0.75","1.0, 1.0, 1.0, 1.0","100, 160, 240, 300",200,"F.P.",4,1,1.6,1,1,0,1,0
"unbalanced n, equal SD","moderate ordered effect: 0, 0.25, 0.50, 0.75 SD","0.00, 0.25, 0.50, 0.75","1.0, 1.0, 1.0, 1.0","100, 160, 240, 300",200,"F.P.",5,2,6.6,1,1,0,1,0
"balanced n, unequal SD","moderate ordered effect: 0, 0.25, 0.50, 0.75 SD","0.000, 0.404, 0.807, 1.211","1.0, 1.3, 1.7, 2.2","10, 10, 10, 10",10,"normal",1,0,0,0.2369,0.23826,0.00190521480363764,0.23912,0.00190757241330441
"balanced n, unequal SD","moderate ordered effect: 0, 0.25, 0.50, 0.75 SD","0.000, 0.404, 0.807, 1.211","1.0, 1.3, 1.7, 2.2","10, 10, 10, 10",10,"F.P.",2,0,6,0.38018,0.3837,0.00217473819113934,0.38588,0.00217704674088546
"balanced n, unequal SD","moderate ordered effect: 0, 0.25, 0.50, 0.75 SD","0.000, 0.404, 0.807, 1.211","1.0, 1.3, 1.7, 2.2","10, 10, 10, 10",10,"F.P.",3,0.5,1,0.22524,0.22536,0.0018685441948212,0.22828,0.00187706282047245
"balanced n, unequal SD","moderate ordered effect: 0, 0.25, 0.50, 0.75 SD","0.000, 0.404, 0.807, 1.211","1.0, 1.3, 1.7, 2.2","10, 10, 10, 10",10,"F.P.",4,1,1.6,0.18634,0.1894,0.00175229928950508,0.19268,0.00176382775576302
"balanced n, unequal SD","moderate ordered effect: 0, 0.25, 0.50, 0.75 SD","0.000, 0.404, 0.807, 1.211","1.0, 1.3, 1.7, 2.2","10, 10, 10, 10",10,"F.P.",5,2,6.6,0.22542,0.22376,0.0018638211416335,0.23122,0.00188550954174197
"balanced n, unequal SD","moderate ordered effect: 0, 0.25, 0.50, 0.75 SD","0.000, 0.404, 0.807, 1.211","1.0, 1.3, 1.7, 2.2","20, 20, 20, 20",20,"normal",1,0,0,0.48944,0.48782,0.00223540442694381,0.4826,0.00223471358343748
"balanced n, unequal SD","moderate ordered effect: 0, 0.25, 0.50, 0.75 SD","0.000, 0.404, 0.807, 1.211","1.0, 1.3, 1.7, 2.2","20, 20, 20, 20",20,"F.P.",2,0,6,0.72798,0.72764,0.0019908793554608,0.7254,0.00199597014005721
"balanced n, unequal SD","moderate ordered effect: 0, 0.25, 0.50, 0.75 SD","0.000, 0.404, 0.807, 1.211","1.0, 1.3, 1.7, 2.2","20, 20, 20, 20",20,"F.P.",3,0.5,1,0.4639,0.46644,0.00223102544315389,0.4642,0.00223032894434879
"balanced n, unequal SD","moderate ordered effect: 0, 0.25, 0.50, 0.75 SD","0.000, 0.404, 0.807, 1.211","1.0, 1.3, 1.7, 2.2","20, 20, 20, 20",20,"F.P.",4,1,1.6,0.38888,0.39312,0.00218438396624769,0.39186,0.00218314333198716
"balanced n, unequal SD","moderate ordered effect: 0, 0.25, 0.50, 0.75 SD","0.000, 0.404, 0.807, 1.211","1.0, 1.3, 1.7, 2.2","20, 20, 20, 20",20,"F.P.",5,2,6.6,0.46274,0.4623,0.00222970271561031,0.46646,0.00223103145831698
"balanced n, unequal SD","moderate ordered effect: 0, 0.25, 0.50, 0.75 SD","0.000, 0.404, 0.807, 1.211","1.0, 1.3, 1.7, 2.2","30, 30, 30, 30",30,"normal",1,0,0,0.69068,0.69334,0.00206213309172808,0.68516,0.0020770930378777
"balanced n, unequal SD","moderate ordered effect: 0, 0.25, 0.50, 0.75 SD","0.000, 0.404, 0.807, 1.211","1.0, 1.3, 1.7, 2.2","30, 30, 30, 30",30,"F.P.",2,0,6,0.90308,0.90644,0.00130235576091942,0.90474,0.00131290161398332
"balanced n, unequal SD","moderate ordered effect: 0, 0.25, 0.50, 0.75 SD","0.000, 0.404, 0.807, 1.211","1.0, 1.3, 1.7, 2.2","30, 30, 30, 30",30,"F.P.",3,0.5,1,0.66748,0.67134,0.00210067895881308,0.66702,0.00210762577133608
"balanced n, unequal SD","moderate ordered effect: 0, 0.25, 0.50, 0.75 SD","0.000, 0.404, 0.807, 1.211","1.0, 1.3, 1.7, 2.2","30, 30, 30, 30",30,"F.P.",4,1,1.6,0.57674,0.57424,0.00221128208241283,0.5717,0.00221295779444616
"balanced n, unequal SD","moderate ordered effect: 0, 0.25, 0.50, 0.75 SD","0.000, 0.404, 0.807, 1.211","1.0, 1.3, 1.7, 2.2","30, 30, 30, 30",30,"F.P.",5,2,6.6,0.65854,0.66352,0.00211310770951222,0.6656,0.00210986558813589
"balanced n, unequal SD","moderate ordered effect: 0, 0.25, 0.50, 0.75 SD","0.000, 0.404, 0.807, 1.211","1.0, 1.3, 1.7, 2.2","50, 50, 50, 50",50,"normal",1,0,0,0.91408,0.91366,0.00125606850450125,0.91016,0.00127881800425236
"balanced n, unequal SD","moderate ordered effect: 0, 0.25, 0.50, 0.75 SD","0.000, 0.404, 0.807, 1.211","1.0, 1.3, 1.7, 2.2","50, 50, 50, 50",50,"F.P.",2,0,6,0.99178,0.9926,0.000383281619700188,0.99226,0.000391920716472094
"balanced n, unequal SD","moderate ordered effect: 0, 0.25, 0.50, 0.75 SD","0.000, 0.404, 0.807, 1.211","1.0, 1.3, 1.7, 2.2","50, 50, 50, 50",50,"F.P.",3,0.5,1,0.89402,0.90148,0.00133277011971307,0.89856,0.00135018462737509
"balanced n, unequal SD","moderate ordered effect: 0, 0.25, 0.50, 0.75 SD","0.000, 0.404, 0.807, 1.211","1.0, 1.3, 1.7, 2.2","50, 50, 50, 50",50,"F.P.",4,1,1.6,0.82334,0.82348,0.00170505536332402,0.8202,0.00171739314078053
"balanced n, unequal SD","moderate ordered effect: 0, 0.25, 0.50, 0.75 SD","0.000, 0.404, 0.807, 1.211","1.0, 1.3, 1.7, 2.2","50, 50, 50, 50",50,"F.P.",5,2,6.6,0.8947,0.89278,0.00138364642593402,0.89322,0.00138114468177668
"balanced n, unequal SD","moderate ordered effect: 0, 0.25, 0.50, 0.75 SD","0.000, 0.404, 0.807, 1.211","1.0, 1.3, 1.7, 2.2","100, 100, 100, 100",100,"normal",1,0,0,0.99848,0.99802,0.000198800382293394,0.99786,0.000206660126778246
"balanced n, unequal SD","moderate ordered effect: 0, 0.25, 0.50, 0.75 SD","0.000, 0.404, 0.807, 1.211","1.0, 1.3, 1.7, 2.2","100, 100, 100, 100",100,"F.P.",2,0,6,1,1,0,1,0
"balanced n, unequal SD","moderate ordered effect: 0, 0.25, 0.50, 0.75 SD","0.000, 0.404, 0.807, 1.211","1.0, 1.3, 1.7, 2.2","100, 100, 100, 100",100,"F.P.",3,0.5,1,0.99736,0.99724,0.000234622351876371,0.997,0.000244581274835176
"balanced n, unequal SD","moderate ordered effect: 0, 0.25, 0.50, 0.75 SD","0.000, 0.404, 0.807, 1.211","1.0, 1.3, 1.7, 2.2","100, 100, 100, 100",100,"F.P.",4,1,1.6,0.99016,0.98942,0.000457560129381921,0.98904,0.000465615257481968
"balanced n, unequal SD","moderate ordered effect: 0, 0.25, 0.50, 0.75 SD","0.000, 0.404, 0.807, 1.211","1.0, 1.3, 1.7, 2.2","100, 100, 100, 100",100,"F.P.",5,2,6.6,0.99658,0.99738,0.000228610393464512,0.9973,0.000232065077079686
"balanced n, unequal SD","moderate ordered effect: 0, 0.25, 0.50, 0.75 SD","0.000, 0.404, 0.807, 1.211","1.0, 1.3, 1.7, 2.2","200, 200, 200, 200",200,"normal",1,0,0,1,1,0,1,0
"balanced n, unequal SD","moderate ordered effect: 0, 0.25, 0.50, 0.75 SD","0.000, 0.404, 0.807, 1.211","1.0, 1.3, 1.7, 2.2","200, 200, 200, 200",200,"F.P.",2,0,6,1,1,0,1,0
"balanced n, unequal SD","moderate ordered effect: 0, 0.25, 0.50, 0.75 SD","0.000, 0.404, 0.807, 1.211","1.0, 1.3, 1.7, 2.2","200, 200, 200, 200",200,"F.P.",3,0.5,1,1,1,0,1,0
"balanced n, unequal SD","moderate ordered effect: 0, 0.25, 0.50, 0.75 SD","0.000, 0.404, 0.807, 1.211","1.0, 1.3, 1.7, 2.2","200, 200, 200, 200",200,"F.P.",4,1,1.6,1,1,0,1,0
"balanced n, unequal SD","moderate ordered effect: 0, 0.25, 0.50, 0.75 SD","0.000, 0.404, 0.807, 1.211","1.0, 1.3, 1.7, 2.2","200, 200, 200, 200",200,"F.P.",5,2,6.6,1,1,0,1,0
"unbalanced n, larger n with larger SD","moderate ordered effect: 0, 0.25, 0.50, 0.75 SD","0.000, 0.404, 0.807, 1.211","1.0, 1.3, 1.7, 2.2","5, 8, 12, 15",10,"normal",1,0,0,0.14958,0.17294,0.00169134122163448,0.21442,0.00183545124478968
"unbalanced n, larger n with larger SD","moderate ordered effect: 0, 0.25, 0.50, 0.75 SD","0.000, 0.404, 0.807, 1.211","1.0, 1.3, 1.7, 2.2","5, 8, 12, 15",10,"F.P.",2,0,6,0.26624,0.30878,0.00206608282312205,0.3552,0.00214024746232766
"unbalanced n, larger n with larger SD","moderate ordered effect: 0, 0.25, 0.50, 0.75 SD","0.000, 0.404, 0.807, 1.211","1.0, 1.3, 1.7, 2.2","5, 8, 12, 15",10,"F.P.",3,0.5,1,0.14384,0.1721,0.00168808524666262,0.20438,0.00180337913706464
"unbalanced n, larger n with larger SD","moderate ordered effect: 0, 0.25, 0.50, 0.75 SD","0.000, 0.404, 0.807, 1.211","1.0, 1.3, 1.7, 2.2","5, 8, 12, 15",10,"F.P.",4,1,1.6,0.11844,0.14666,0.001582092566192,0.17438,0.00169688900992375
"unbalanced n, larger n with larger SD","moderate ordered effect: 0, 0.25, 0.50, 0.75 SD","0.000, 0.404, 0.807, 1.211","1.0, 1.3, 1.7, 2.2","5, 8, 12, 15",10,"F.P.",5,2,6.6,0.1517,0.18934,0.00175208655265657,0.19596,0.00177516015277495
"unbalanced n, larger n with larger SD","moderate ordered effect: 0, 0.25, 0.50, 0.75 SD","0.000, 0.404, 0.807, 1.211","1.0, 1.3, 1.7, 2.2","10, 16, 24, 30",20,"normal",1,0,0,0.356,0.39234,0.00218361775226343,0.4629,0.00222990398896455
"unbalanced n, larger n with larger SD","moderate ordered effect: 0, 0.25, 0.50, 0.75 SD","0.000, 0.404, 0.807, 1.211","1.0, 1.3, 1.7, 2.2","10, 16, 24, 30",20,"F.P.",2,0,6,0.5995,0.64204,0.00214394327536901,0.68018,0.00208583397038211
"unbalanced n, larger n with larger SD","moderate ordered effect: 0, 0.25, 0.50, 0.75 SD","0.000, 0.404, 0.807, 1.211","1.0, 1.3, 1.7, 2.2","10, 16, 24, 30",20,"F.P.",3,0.5,1,0.33664,0.37524,0.0021653403538474,0.42796,0.00221273694053315
"unbalanced n, larger n with larger SD","moderate ordered effect: 0, 0.25, 0.50, 0.75 SD","0.000, 0.404, 0.807, 1.211","1.0, 1.3, 1.7, 2.2","10, 16, 24, 30",20,"F.P.",4,1,1.6,0.26954,0.30964,0.00206767052694572,0.3482,0.00213052463022609
"unbalanced n, larger n with larger SD","moderate ordered effect: 0, 0.25, 0.50, 0.75 SD","0.000, 0.404, 0.807, 1.211","1.0, 1.3, 1.7, 2.2","10, 16, 24, 30",20,"F.P.",5,2,6.6,0.33526,0.39372,0.00218496938925926,0.38558,0.00217673178687683
"unbalanced n, larger n with larger SD","moderate ordered effect: 0, 0.25, 0.50, 0.75 SD","0.000, 0.404, 0.807, 1.211","1.0, 1.3, 1.7, 2.2","15, 24, 36, 45",30,"normal",1,0,0,0.56024,0.59306,0.00219699720709882,0.66952,0.00210363005112591
"unbalanced n, larger n with larger SD","moderate ordered effect: 0, 0.25, 0.50, 0.75 SD","0.000, 0.404, 0.807, 1.211","1.0, 1.3, 1.7, 2.2","15, 24, 36, 45",30,"F.P.",2,0,6,0.8197,0.85116,0.00159177042565817,0.87192,0.0014944933161443
"unbalanced n, larger n with larger SD","moderate ordered effect: 0, 0.25, 0.50, 0.75 SD","0.000, 0.404, 0.807, 1.211","1.0, 1.3, 1.7, 2.2","15, 24, 36, 45",30,"F.P.",3,0.5,1,0.52918,0.57176,0.00221291889774569,0.62496,0.00216510968960004
"unbalanced n, larger n with larger SD","moderate ordered effect: 0, 0.25, 0.50, 0.75 SD","0.000, 0.404, 0.807, 1.211","1.0, 1.3, 1.7, 2.2","15, 24, 36, 45",30,"F.P.",4,1,1.6,0.42718,0.47852,0.0022340036239899,0.5207,0.00223415089015939
"unbalanced n, larger n with larger SD","moderate ordered effect: 0, 0.25, 0.50, 0.75 SD","0.000, 0.404, 0.807, 1.211","1.0, 1.3, 1.7, 2.2","15, 24, 36, 45",30,"F.P.",5,2,6.6,0.51376,0.57536,0.00221052423827471,0.56496,0.00221711613768878
"unbalanced n, larger n with larger SD","moderate ordered effect: 0, 0.25, 0.50, 0.75 SD","0.000, 0.404, 0.807, 1.211","1.0, 1.3, 1.7, 2.2","25, 40, 60, 75",50,"normal",1,0,0,0.83284,0.85494,0.00157491330809032,0.8975,0.00135641992023119
"unbalanced n, larger n with larger SD","moderate ordered effect: 0, 0.25, 0.50, 0.75 SD","0.000, 0.404, 0.807, 1.211","1.0, 1.3, 1.7, 2.2","25, 40, 60, 75",50,"F.P.",2,0,6,0.97652,0.98146,0.000603262271321521,0.98582,0.00052875188132053
"unbalanced n, larger n with larger SD","moderate ordered effect: 0, 0.25, 0.50, 0.75 SD","0.000, 0.404, 0.807, 1.211","1.0, 1.3, 1.7, 2.2","25, 40, 60, 75",50,"F.P.",3,0.5,1,0.80676,0.8325,0.00166999251495329,0.86554,0.00152565073591566
"unbalanced n, larger n with larger SD","moderate ordered effect: 0, 0.25, 0.50, 0.75 SD","0.000, 0.404, 0.807, 1.211","1.0, 1.3, 1.7, 2.2","25, 40, 60, 75",50,"F.P.",4,1,1.6,0.69972,0.73962,0.00196256085561697,0.77426,0.00186966014237882
"unbalanced n, larger n with larger SD","moderate ordered effect: 0, 0.25, 0.50, 0.75 SD","0.000, 0.404, 0.807, 1.211","1.0, 1.3, 1.7, 2.2","25, 40, 60, 75",50,"F.P.",5,2,6.6,0.781,0.8216,0.00171215326416767,0.81414,0.00173963249222357
"unbalanced n, larger n with larger SD","moderate ordered effect: 0, 0.25, 0.50, 0.75 SD","0.000, 0.404, 0.807, 1.211","1.0, 1.3, 1.7, 2.2","50, 80, 120, 150",100,"normal",1,0,0,0.99352,0.99488,0.000319179748731025,0.99764,0.000216999096772315
"unbalanced n, larger n with larger SD","moderate ordered effect: 0, 0.25, 0.50, 0.75 SD","0.000, 0.404, 0.807, 1.211","1.0, 1.3, 1.7, 2.2","50, 80, 120, 150",100,"F.P.",2,0,6,0.99998,1,0,0.99998,1.999979999901e-05
"unbalanced n, larger n with larger SD","moderate ordered effect: 0, 0.25, 0.50, 0.75 SD","0.000, 0.404, 0.807, 1.211","1.0, 1.3, 1.7, 2.2","50, 80, 120, 150",100,"F.P.",3,0.5,1,0.98982,0.99272,0.000380184207983445,0.99548,0.000299985652990271
"unbalanced n, larger n with larger SD","moderate ordered effect: 0, 0.25, 0.50, 0.75 SD","0.000, 0.404, 0.807, 1.211","1.0, 1.3, 1.7, 2.2","50, 80, 120, 150",100,"F.P.",4,1,1.6,0.96616,0.97356,0.000717508556046547,0.97944,0.000634622508267711
"unbalanced n, larger n with larger SD","moderate ordered effect: 0, 0.25, 0.50, 0.75 SD","0.000, 0.404, 0.807, 1.211","1.0, 1.3, 1.7, 2.2","50, 80, 120, 150",100,"F.P.",5,2,6.6,0.98412,0.98884,0.000469796858227042,0.98738,0.000499214094352312
"unbalanced n, larger n with larger SD","moderate ordered effect: 0, 0.25, 0.50, 0.75 SD","0.000, 0.404, 0.807, 1.211","1.0, 1.3, 1.7, 2.2","100, 160, 240, 300",200,"normal",1,0,0,1,1,0,1,0
"unbalanced n, larger n with larger SD","moderate ordered effect: 0, 0.25, 0.50, 0.75 SD","0.000, 0.404, 0.807, 1.211","1.0, 1.3, 1.7, 2.2","100, 160, 240, 300",200,"F.P.",2,0,6,1,1,0,1,0
"unbalanced n, larger n with larger SD","moderate ordered effect: 0, 0.25, 0.50, 0.75 SD","0.000, 0.404, 0.807, 1.211","1.0, 1.3, 1.7, 2.2","100, 160, 240, 300",200,"F.P.",3,0.5,1,1,0.99998,1.999979999901e-05,1,0
"unbalanced n, larger n with larger SD","moderate ordered effect: 0, 0.25, 0.50, 0.75 SD","0.000, 0.404, 0.807, 1.211","1.0, 1.3, 1.7, 2.2","100, 160, 240, 300",200,"F.P.",4,1,1.6,0.99986,0.99998,1.999979999901e-05,1,0
"unbalanced n, larger n with larger SD","moderate ordered effect: 0, 0.25, 0.50, 0.75 SD","0.000, 0.404, 0.807, 1.211","1.0, 1.3, 1.7, 2.2","100, 160, 240, 300",200,"F.P.",5,2,6.6,0.99998,0.99998,1.999979999901e-05,0.99996,2.82837055563941e-05
"unbalanced n, larger n with smaller SD","moderate ordered effect: 0, 0.25, 0.50, 0.75 SD","0.000, 0.404, 0.807, 1.211","2.2, 1.7, 1.3, 1.0","5, 8, 12, 15",10,"normal",1,0,0,0.26746,0.34818,0.00213049612813542,0.1758,0.00170231818412423
"unbalanced n, larger n with smaller SD","moderate ordered effect: 0, 0.25, 0.50, 0.75 SD","0.000, 0.404, 0.807, 1.211","2.2, 1.7, 1.3, 1.0","5, 8, 12, 15",10,"F.P.",2,0,6,0.39668,0.48436,0.00223497378239656,0.26192,0.00196630574224865
"unbalanced n, larger n with smaller SD","moderate ordered effect: 0, 0.25, 0.50, 0.75 SD","0.000, 0.404, 0.807, 1.211","2.2, 1.7, 1.3, 1.0","5, 8, 12, 15",10,"F.P.",3,0.5,1,0.33036,0.42162,0.00220842285624832,0.20652,0.00181035626107128
"unbalanced n, larger n with smaller SD","moderate ordered effect: 0, 0.25, 0.50, 0.75 SD","0.000, 0.404, 0.807, 1.211","2.2, 1.7, 1.3, 1.0","5, 8, 12, 15",10,"F.P.",4,1,1.6,0.39616,0.4963,0.00223600675312039,0.22578,0.00186977748194805
"unbalanced n, larger n with smaller SD","moderate ordered effect: 0, 0.25, 0.50, 0.75 SD","0.000, 0.404, 0.807, 1.211","2.2, 1.7, 1.3, 1.0","5, 8, 12, 15",10,"F.P.",5,2,6.6,0.58178,0.6773,0.00209076402303082,0.3059,0.00206070468529578
"unbalanced n, larger n with smaller SD","moderate ordered effect: 0, 0.25, 0.50, 0.75 SD","0.000, 0.404, 0.807, 1.211","2.2, 1.7, 1.3, 1.0","10, 16, 24, 30",20,"normal",1,0,0,0.4945,0.5921,0.00219780613339758,0.31266,0.002073179801175
"unbalanced n, larger n with smaller SD","moderate ordered effect: 0, 0.25, 0.50, 0.75 SD","0.000, 0.404, 0.807, 1.211","2.2, 1.7, 1.3, 1.0","10, 16, 24, 30",20,"F.P.",2,0,6,0.713,0.78518,0.00183669468121406,0.5032,0.00223602218235866
"unbalanced n, larger n with smaller SD","moderate ordered effect: 0, 0.25, 0.50, 0.75 SD","0.000, 0.404, 0.807, 1.211","2.2, 1.7, 1.3, 1.0","10, 16, 24, 30",20,"F.P.",3,0.5,1,0.60308,0.69374,0.00206138212081118,0.38542,0.00217656345462291
"unbalanced n, larger n with smaller SD","moderate ordered effect: 0, 0.25, 0.50, 0.75 SD","0.000, 0.404, 0.807, 1.211","2.2, 1.7, 1.3, 1.0","10, 16, 24, 30",20,"F.P.",4,1,1.6,0.68912,0.77296,0.00187346117333667,0.44126,0.00222058376288759
"unbalanced n, larger n with smaller SD","moderate ordered effect: 0, 0.25, 0.50, 0.75 SD","0.000, 0.404, 0.807, 1.211","2.2, 1.7, 1.3, 1.0","10, 16, 24, 30",20,"F.P.",5,2,6.6,0.8813,0.92176,0.00120098711400248,0.62372,0.00216653345970008
"unbalanced n, larger n with smaller SD","moderate ordered effect: 0, 0.25, 0.50, 0.75 SD","0.000, 0.404, 0.807, 1.211","2.2, 1.7, 1.3, 1.0","15, 24, 36, 45",30,"normal",1,0,0,0.68254,0.75856,0.0019138794444792,0.45976,0.00222881467331853
"unbalanced n, larger n with smaller SD","moderate ordered effect: 0, 0.25, 0.50, 0.75 SD","0.000, 0.404, 0.807, 1.211","2.2, 1.7, 1.3, 1.0","15, 24, 36, 45",30,"F.P.",2,0,6,0.8833,0.92268,0.00119450087986573,0.72244,0.00200260054129624
"unbalanced n, larger n with smaller SD","moderate ordered effect: 0, 0.25, 0.50, 0.75 SD","0.000, 0.404, 0.807, 1.211","2.2, 1.7, 1.3, 1.0","15, 24, 36, 45",30,"F.P.",3,0.5,1,0.78866,0.85626,0.0015689411231783,0.5781,0.00220862124412494
"unbalanced n, larger n with smaller SD","moderate ordered effect: 0, 0.25, 0.50, 0.75 SD","0.000, 0.404, 0.807, 1.211","2.2, 1.7, 1.3, 1.0","15, 24, 36, 45",30,"F.P.",4,1,1.6,0.8632,0.90954,0.00128278594005391,0.64242,0.00214343902922383
"unbalanced n, larger n with smaller SD","moderate ordered effect: 0, 0.25, 0.50, 0.75 SD","0.000, 0.404, 0.807, 1.211","2.2, 1.7, 1.3, 1.0","15, 24, 36, 45",30,"F.P.",5,2,6.6,0.97494,0.9861,0.000523579793345771,0.84532,0.00161712150192866
"unbalanced n, larger n with smaller SD","moderate ordered effect: 0, 0.25, 0.50, 0.75 SD","0.000, 0.404, 0.807, 1.211","2.2, 1.7, 1.3, 1.0","25, 40, 60, 75",50,"normal",1,0,0,0.89292,0.93104,0.00113317711237035,0.73162,0.00198167694440845
"unbalanced n, larger n with smaller SD","moderate ordered effect: 0, 0.25, 0.50, 0.75 SD","0.000, 0.404, 0.807, 1.211","2.2, 1.7, 1.3, 1.0","25, 40, 60, 75",50,"F.P.",2,0,6,0.98632,0.99238,0.000388894216979372,0.93516,0.00110123362099057
"unbalanced n, larger n with smaller SD","moderate ordered effect: 0, 0.25, 0.50, 0.75 SD","0.000, 0.404, 0.807, 1.211","2.2, 1.7, 1.3, 1.0","25, 40, 60, 75",50,"F.P.",3,0.5,1,0.95358,0.97342,0.000719353926798208,0.83898,0.00164373087578229
"unbalanced n, larger n with smaller SD","moderate ordered effect: 0, 0.25, 0.50, 0.75 SD","0.000, 0.404, 0.807, 1.211","2.2, 1.7, 1.3, 1.0","25, 40, 60, 75",50,"F.P.",4,1,1.6,0.9799,0.98922,0.000461817964137386,0.89404,0.00137646270127454
"unbalanced n, larger n with smaller SD","moderate ordered effect: 0, 0.25, 0.50, 0.75 SD","0.000, 0.404, 0.807, 1.211","2.2, 1.7, 1.3, 1.0","25, 40, 60, 75",50,"F.P.",5,2,6.6,0.99896,0.99964,8.48375388610522e-05,0.984,0.000561141693336006
"unbalanced n, larger n with smaller SD","moderate ordered effect: 0, 0.25, 0.50, 0.75 SD","0.000, 0.404, 0.807, 1.211","2.2, 1.7, 1.3, 1.0","50, 80, 120, 150",100,"normal",1,0,0,0.99636,0.9983,0.000184234090222197,0.97544,0.000692196596351066
"unbalanced n, larger n with smaller SD","moderate ordered effect: 0, 0.25, 0.50, 0.75 SD","0.000, 0.404, 0.807, 1.211","2.2, 1.7, 1.3, 1.0","50, 80, 120, 150",100,"F.P.",2,0,6,0.99998,0.99998,1.999979999901e-05,0.99944,0.0001058004158782
"unbalanced n, larger n with smaller SD","moderate ordered effect: 0, 0.25, 0.50, 0.75 SD","0.000, 0.404, 0.807, 1.211","2.2, 1.7, 1.3, 1.0","50, 80, 120, 150",100,"F.P.",3,0.5,1,0.99952,0.9998,6.32392283317844e-05,0.99454,0.000329550857987049
"unbalanced n, larger n with smaller SD","moderate ordered effect: 0, 0.25, 0.50, 0.75 SD","0.000, 0.404, 0.807, 1.211","2.2, 1.7, 1.3, 1.0","50, 80, 120, 150",100,"F.P.",4,1,1.6,0.99994,1,0,0.99854,0.000170755286887406
"unbalanced n, larger n with smaller SD","moderate ordered effect: 0, 0.25, 0.50, 0.75 SD","0.000, 0.404, 0.807, 1.211","2.2, 1.7, 1.3, 1.0","50, 80, 120, 150",100,"F.P.",5,2,6.6,1,1,0,1,0
"unbalanced n, larger n with smaller SD","moderate ordered effect: 0, 0.25, 0.50, 0.75 SD","0.000, 0.404, 0.807, 1.211","2.2, 1.7, 1.3, 1.0","100, 160, 240, 300",200,"normal",1,0,0,1,1,0,0.99994,3.46399769052894e-05
"unbalanced n, larger n with smaller SD","moderate ordered effect: 0, 0.25, 0.50, 0.75 SD","0.000, 0.404, 0.807, 1.211","2.2, 1.7, 1.3, 1.0","100, 160, 240, 300",200,"F.P.",2,0,6,1,1,0,1,0
"unbalanced n, larger n with smaller SD","moderate ordered effect: 0, 0.25, 0.50, 0.75 SD","0.000, 0.404, 0.807, 1.211","2.2, 1.7, 1.3, 1.0","100, 160, 240, 300",200,"F.P.",3,0.5,1,1,1,0,1,0
"unbalanced n, larger n with smaller SD","moderate ordered effect: 0, 0.25, 0.50, 0.75 SD","0.000, 0.404, 0.807, 1.211","2.2, 1.7, 1.3, 1.0","100, 160, 240, 300",200,"F.P.",4,1,1.6,1,1,0,1,0
"unbalanced n, larger n with smaller SD","moderate ordered effect: 0, 0.25, 0.50, 0.75 SD","0.000, 0.404, 0.807, 1.211","2.2, 1.7, 1.3, 1.0","100, 160, 240, 300",200,"F.P.",5,2,6.6,1,1,0,1,0
