"design_set","design","omega_sq_regime","omega_sq","shift_scale","group_mean_offsets","sd_per_group","n_vector","n_per_group","distribution","panel","skew","excess_kurtosis","ps_kw_power","ps_kw_mc_se","ps_ats_power","ps_ats_mc_se","ats_h0p_power","ats_h0p_mc_se"
"brunner","balanced n, unequal SD","het",0.0301146298814844,1,"0.00, 0.25, 0.50, 0.75","1.0000, 1.4142, 2.0000, 2.2361","10, 10, 10, 10",10,"normal",1,0,0,0.1034,0.00136167866987774,0.1038,0.00136400557183613,0.09804,0.00132987336539988
"brunner","balanced n, unequal SD","het",0.0301146298814844,1,"0.00, 0.25, 0.50, 0.75","1.0000, 1.4142, 2.0000, 2.2361","10, 10, 10, 10",10,"F.P.",2,0,6,0.15254,0.00160792753816831,0.15424,0.00161524005893861,0.1458,0.00157824180656831
"brunner","balanced n, unequal SD","het",0.0301146298814844,1,"0.00, 0.25, 0.50, 0.75","1.0000, 1.4142, 2.0000, 2.2361","10, 10, 10, 10",10,"F.P.",3,0.5,1,0.09208,0.0012930682394986,0.0932,0.00130010584184519,0.08776,0.00126537095272493
"brunner","balanced n, unequal SD","het",0.0301146298814844,1,"0.00, 0.25, 0.50, 0.75","1.0000, 1.4142, 2.0000, 2.2361","10, 10, 10, 10",10,"F.P.",4,1,1.6,0.0743,0.0011728555750816,0.0752,0.00117936389634413,0.07058,0.00114541227162974
"brunner","balanced n, unequal SD","het",0.0301146298814844,1,"0.00, 0.25, 0.50, 0.75","1.0000, 1.4142, 2.0000, 2.2361","10, 10, 10, 10",10,"F.P.",5,2,6.6,0.06684,0.00111689224547402,0.0681,0.00112660898274424,0.06466,0.00109980984174538
"brunner","balanced n, unequal SD","het",0.0301146298814844,1,"0.00, 0.25, 0.50, 0.75","1.0000, 1.4142, 2.0000, 2.2361","20, 20, 20, 20",20,"normal",1,0,0,0.18742,0.00174524349934329,0.18374,0.00173193309570549,0.17592,0.00170277510904993
"brunner","balanced n, unequal SD","het",0.0301146298814844,1,"0.00, 0.25, 0.50, 0.75","1.0000, 1.4142, 2.0000, 2.2361","20, 20, 20, 20",20,"F.P.",2,0,6,0.30418,0.00205744758183532,0.30194,0.00205315482319283,0.2918,0.00203299168714483
"brunner","balanced n, unequal SD","het",0.0301146298814844,1,"0.00, 0.25, 0.50, 0.75","1.0000, 1.4142, 2.0000, 2.2361","20, 20, 20, 20",20,"F.P.",3,0.5,1,0.1547,0.0016172069131685,0.15246,0.00160758171425281,0.14614,0.00157976644096525
"brunner","balanced n, unequal SD","het",0.0301146298814844,1,"0.00, 0.25, 0.50, 0.75","1.0000, 1.4142, 2.0000, 2.2361","20, 20, 20, 20",20,"F.P.",4,1,1.6,0.1102,0.00140039965724075,0.10788,0.00138738535093895,0.10294,0.00135899489623766
"brunner","balanced n, unequal SD","het",0.0301146298814844,1,"0.00, 0.25, 0.50, 0.75","1.0000, 1.4142, 2.0000, 2.2361","20, 20, 20, 20",20,"F.P.",5,2,6.6,0.08356,0.0012375599088529,0.08238,0.00122958151905435,0.07832,0.00120154881382323
"brunner","balanced n, unequal SD","het",0.0301146298814844,1,"0.00, 0.25, 0.50, 0.75","1.0000, 1.4142, 2.0000, 2.2361","30, 30, 30, 30",30,"normal",1,0,0,0.27054,0.00198669629485737,0.26464,0.00197284398977719,0.25522,0.001949783329501
"brunner","balanced n, unequal SD","het",0.0301146298814844,1,"0.00, 0.25, 0.50, 0.75","1.0000, 1.4142, 2.0000, 2.2361","30, 30, 30, 30",30,"F.P.",2,0,6,0.45434,0.00222672478946097,0.45002,0.00222486853364418,0.43882,0.00221926567855225
"brunner","balanced n, unequal SD","het",0.0301146298814844,1,"0.00, 0.25, 0.50, 0.75","1.0000, 1.4142, 2.0000, 2.2361","30, 30, 30, 30",30,"F.P.",3,0.5,1,0.22058,0.00185431638940069,0.21612,0.00184071804250407,0.20856,0.00181693547711524
"brunner","balanced n, unequal SD","het",0.0301146298814844,1,"0.00, 0.25, 0.50, 0.75","1.0000, 1.4142, 2.0000, 2.2361","30, 30, 30, 30",30,"F.P.",4,1,1.6,0.1422,0.0015619165150545,0.1382,0.00154337785392949,0.13214,0.00151445713310083
"brunner","balanced n, unequal SD","het",0.0301146298814844,1,"0.00, 0.25, 0.50, 0.75","1.0000, 1.4142, 2.0000, 2.2361","30, 30, 30, 30",30,"F.P.",5,2,6.6,0.10372,0.0013635406968624,0.10124,0.00134900305707585,0.09668,0.00132161248178125
"brunner","balanced n, unequal SD","het",0.0301146298814844,1,"0.00, 0.25, 0.50, 0.75","1.0000, 1.4142, 2.0000, 2.2361","50, 50, 50, 50",50,"normal",1,0,0,0.44532,0.0022226565078752,0.43506,0.00221712785558253,0.4231,0.00220946323798338
"brunner","balanced n, unequal SD","het",0.0301146298814844,1,"0.00, 0.25, 0.50, 0.75","1.0000, 1.4142, 2.0000, 2.2361","50, 50, 50, 50",50,"F.P.",2,0,6,0.70218,0.00204510756489726,0.69646,0.00205622697385284,0.68714,0.00207354103118313
"brunner","balanced n, unequal SD","het",0.0301146298814844,1,"0.00, 0.25, 0.50, 0.75","1.0000, 1.4142, 2.0000, 2.2361","50, 50, 50, 50",50,"F.P.",3,0.5,1,0.3608,0.00214766552330664,0.35308,0.00213735590672213,0.34432,0.00212491758710779
"brunner","balanced n, unequal SD","het",0.0301146298814844,1,"0.00, 0.25, 0.50, 0.75","1.0000, 1.4142, 2.0000, 2.2361","50, 50, 50, 50",50,"F.P.",4,1,1.6,0.21942,0.00185080989623462,0.2129,0.00183070254274145,0.20476,0.0018046237413932
"brunner","balanced n, unequal SD","het",0.0301146298814844,1,"0.00, 0.25, 0.50, 0.75","1.0000, 1.4142, 2.0000, 2.2361","50, 50, 50, 50",50,"F.P.",5,2,6.6,0.14056,0.00155436730794237,0.13644,0.00153508388305004,0.13054,0.00150664732701452
"brunner","balanced n, unequal SD","het",0.0301146298814844,1,"0.00, 0.25, 0.50, 0.75","1.0000, 1.4142, 2.0000, 2.2361","100, 100, 100, 100",100,"normal",1,0,0,0.77718,0.00186102792886082,0.76822,0.00188710376821202,0.75832,0.00191452750097772
"brunner","balanced n, unequal SD","het",0.0301146298814844,1,"0.00, 0.25, 0.50, 0.75","1.0000, 1.4142, 2.0000, 2.2361","100, 100, 100, 100",100,"F.P.",2,0,6,0.95796,0.000897470204519347,0.95632,0.000914024699885075,0.95346,0.000942061870579635
"brunner","balanced n, unequal SD","het",0.0301146298814844,1,"0.00, 0.25, 0.50, 0.75","1.0000, 1.4142, 2.0000, 2.2361","100, 100, 100, 100",100,"F.P.",3,0.5,1,0.66624,0.00210885875487193,0.6572,0.00212267830817578,0.64748,0.00213658442192205
"brunner","balanced n, unequal SD","het",0.0301146298814844,1,"0.00, 0.25, 0.50, 0.75","1.0000, 1.4142, 2.0000, 2.2361","100, 100, 100, 100",100,"F.P.",4,1,1.6,0.4208,0.00220783767519263,0.41194,0.0022011153372779,0.40196,0.00219266120684432
"brunner","balanced n, unequal SD","het",0.0301146298814844,1,"0.00, 0.25, 0.50, 0.75","1.0000, 1.4142, 2.0000, 2.2361","100, 100, 100, 100",100,"F.P.",5,2,6.6,0.25108,0.00193927220162617,0.24476,0.00192277165778987,0.23668,0.00190085547898834
"brunner","balanced n, unequal SD","het",0.0301146298814844,1,"0.00, 0.25, 0.50, 0.75","1.0000, 1.4142, 2.0000, 2.2361","200, 200, 200, 200",200,"normal",1,0,0,0.9806,0.00061682477252458,0.97876,0.000644807915584169,0.9773,0.0006661037456733
"brunner","balanced n, unequal SD","het",0.0301146298814844,1,"0.00, 0.25, 0.50, 0.75","1.0000, 1.4142, 2.0000, 2.2361","200, 200, 200, 200",200,"F.P.",2,0,6,0.99972,7.48226703613212e-05,0.99972,7.48226703613212e-05,0.99972,7.48226703613212e-05
"brunner","balanced n, unequal SD","het",0.0301146298814844,1,"0.00, 0.25, 0.50, 0.75","1.0000, 1.4142, 2.0000, 2.2361","200, 200, 200, 200",200,"F.P.",3,0.5,1,0.9422,0.00104363940132596,0.939,0.00107031770984134,0.93538,0.00109949311594025
"brunner","balanced n, unequal SD","het",0.0301146298814844,1,"0.00, 0.25, 0.50, 0.75","1.0000, 1.4142, 2.0000, 2.2361","200, 200, 200, 200",200,"F.P.",4,1,1.6,0.74238,0.00195577061845197,0.73374,0.00197669224918802,0.72574,0.0019952015056129
"brunner","balanced n, unequal SD","het",0.0301146298814844,1,"0.00, 0.25, 0.50, 0.75","1.0000, 1.4142, 2.0000, 2.2361","200, 200, 200, 200",200,"F.P.",5,2,6.6,0.47616,0.0022335248124881,0.46708,0.00223121614192798,0.45766,0.00222803646469262
"brunner","unbalanced n, larger n with larger SD","het",0.028733306353703,1,"0.00, 0.25, 0.50, 0.75","1.0000, 1.4142, 2.0000, 2.2361","5, 8, 12, 15",10,"normal",1,0,0,0.07104,0.00114885437197236,0.0954,0.00131376436243339,0.1072,0.00138353286914334
"brunner","unbalanced n, larger n with larger SD","het",0.028733306353703,1,"0.00, 0.25, 0.50, 0.75","1.0000, 1.4142, 2.0000, 2.2361","5, 8, 12, 15",10,"F.P.",2,0,6,0.11086,0.00140406595571576,0.13962,0.00155000810062399,0.15424,0.00161524005893861
"brunner","unbalanced n, larger n with larger SD","het",0.028733306353703,1,"0.00, 0.25, 0.50, 0.75","1.0000, 1.4142, 2.0000, 2.2361","5, 8, 12, 15",10,"F.P.",3,0.5,1,0.06528,0.00110470377567925,0.0833,0.00123580831847014,0.09454,0.00130845090393182
"brunner","unbalanced n, larger n with larger SD","het",0.028733306353703,1,"0.00, 0.25, 0.50, 0.75","1.0000, 1.4142, 2.0000, 2.2361","5, 8, 12, 15",10,"F.P.",4,1,1.6,0.04924,0.000967630326105998,0.06422,0.00109631921993551,0.0741,0.00117140249274107
"brunner","unbalanced n, larger n with larger SD","het",0.028733306353703,1,"0.00, 0.25, 0.50, 0.75","1.0000, 1.4142, 2.0000, 2.2361","5, 8, 12, 15",10,"F.P.",5,2,6.6,0.04444,0.000921575676762359,0.05668,0.00103409262254403,0.06402,0.00109472772505313
"brunner","unbalanced n, larger n with larger SD","het",0.028733306353703,1,"0.00, 0.25, 0.50, 0.75","1.0000, 1.4142, 2.0000, 2.2361","10, 16, 24, 30",20,"normal",1,0,0,0.12814,0.00149479189454586,0.16762,0.00167047020685794,0.18122,0.00172266834649041
"brunner","unbalanced n, larger n with larger SD","het",0.028733306353703,1,"0.00, 0.25, 0.50, 0.75","1.0000, 1.4142, 2.0000, 2.2361","10, 16, 24, 30",20,"F.P.",2,0,6,0.23542,0.00189735301723216,0.27718,0.00200175546758339,0.2941,0.00203767117072407
"brunner","unbalanced n, larger n with larger SD","het",0.028733306353703,1,"0.00, 0.25, 0.50, 0.75","1.0000, 1.4142, 2.0000, 2.2361","10, 16, 24, 30",20,"F.P.",3,0.5,1,0.11226,0.00141179100719618,0.14144,0.00155842694021889,0.15308,0.00161025782780274
"brunner","unbalanced n, larger n with larger SD","het",0.028733306353703,1,"0.00, 0.25, 0.50, 0.75","1.0000, 1.4142, 2.0000, 2.2361","10, 16, 24, 30",20,"F.P.",4,1,1.6,0.07772,0.00119732703636058,0.0996,0.00133925232872674,0.10822,0.00138930508960415
"brunner","unbalanced n, larger n with larger SD","het",0.028733306353703,1,"0.00, 0.25, 0.50, 0.75","1.0000, 1.4142, 2.0000, 2.2361","10, 16, 24, 30",20,"F.P.",5,2,6.6,0.06042,0.00106554609097871,0.074,0.00117067501895274,0.08132,0.00122235066654377
"brunner","unbalanced n, larger n with larger SD","het",0.028733306353703,1,"0.00, 0.25, 0.50, 0.75","1.0000, 1.4142, 2.0000, 2.2361","15, 24, 36, 45",30,"normal",1,0,0,0.19632,0.00177639217291678,0.25274,0.00194351481805516,0.26822,0.0019813027613164
"brunner","unbalanced n, larger n with larger SD","het",0.028733306353703,1,"0.00, 0.25, 0.50, 0.75","1.0000, 1.4142, 2.0000, 2.2361","15, 24, 36, 45",30,"F.P.",2,0,6,0.36986,0.00215899782491785,0.42056,0.00220766522099706,0.43744,0.00221849609600738
"brunner","unbalanced n, larger n with larger SD","het",0.028733306353703,1,"0.00, 0.25, 0.50, 0.75","1.0000, 1.4142, 2.0000, 2.2361","15, 24, 36, 45",30,"F.P.",3,0.5,1,0.16016,0.00164017544427418,0.19936,0.00178670417473067,0.21314,0.00183145483373192
"brunner","unbalanced n, larger n with larger SD","het",0.028733306353703,1,"0.00, 0.25, 0.50, 0.75","1.0000, 1.4142, 2.0000, 2.2361","15, 24, 36, 45",30,"F.P.",4,1,1.6,0.10392,0.00136470241151688,0.12958,0.0015019255880369,0.13964,0.00155010109605793
"brunner","unbalanced n, larger n with larger SD","het",0.028733306353703,1,"0.00, 0.25, 0.50, 0.75","1.0000, 1.4142, 2.0000, 2.2361","15, 24, 36, 45",30,"F.P.",5,2,6.6,0.0752,0.00117936389634413,0.08956,0.00127702001863714,0.09742,0.00132611721653857
"brunner","unbalanced n, larger n with larger SD","het",0.028733306353703,1,"0.00, 0.25, 0.50, 0.75","1.0000, 1.4142, 2.0000, 2.2361","25, 40, 60, 75",50,"normal",1,0,0,0.34938,0.00213219893818565,0.42516,0.00221087753799255,0.44262,0.00222129482779752
"brunner","unbalanced n, larger n with larger SD","het",0.028733306353703,1,"0.00, 0.25, 0.50, 0.75","1.0000, 1.4142, 2.0000, 2.2361","25, 40, 60, 75",50,"F.P.",2,0,6,0.61248,0.00217875308192553,0.66148,0.00211624294257536,0.67536,0.00209403376477076
"brunner","unbalanced n, larger n with larger SD","het",0.028733306353703,1,"0.00, 0.25, 0.50, 0.75","1.0000, 1.4142, 2.0000, 2.2361","25, 40, 60, 75",50,"F.P.",3,0.5,1,0.27852,0.00200472746077865,0.33244,0.00210676836125854,0.34746,0.00212946729676696
"brunner","unbalanced n, larger n with larger SD","het",0.028733306353703,1,"0.00, 0.25, 0.50, 0.75","1.0000, 1.4142, 2.0000, 2.2361","25, 40, 60, 75",50,"F.P.",4,1,1.6,0.16538,0.00166150206500022,0.20308,0.00179910262964624,0.2156,0.00183911195961529
"brunner","unbalanced n, larger n with larger SD","het",0.028733306353703,1,"0.00, 0.25, 0.50, 0.75","1.0000, 1.4142, 2.0000, 2.2361","25, 40, 60, 75",50,"F.P.",5,2,6.6,0.11168,0.00140859914525034,0.12682,0.00148819815616066,0.13448,0.00152574656873283
"brunner","unbalanced n, larger n with larger SD","het",0.028733306353703,1,"0.00, 0.25, 0.50, 0.75","1.0000, 1.4142, 2.0000, 2.2361","50, 80, 120, 150",100,"normal",1,0,0,0.68618,0.00207526869392857,0.76012,0.00190964701240831,0.77194,0.00187642551890556
"brunner","unbalanced n, larger n with larger SD","het",0.028733306353703,1,"0.00, 0.25, 0.50, 0.75","1.0000, 1.4142, 2.0000, 2.2361","50, 80, 120, 150",100,"F.P.",2,0,6,0.92942,0.00114541227162974,0.94616,0.00100936865812249,0.9496,0.000978364349309601
"brunner","unbalanced n, larger n with larger SD","het",0.028733306353703,1,"0.00, 0.25, 0.50, 0.75","1.0000, 1.4142, 2.0000, 2.2361","50, 80, 120, 150",100,"F.P.",3,0.5,1,0.57218,0.00221264569057045,0.63668,0.00215090017248593,0.65092,0.00213177462973927
"brunner","unbalanced n, larger n with larger SD","het",0.028733306353703,1,"0.00, 0.25, 0.50, 0.75","1.0000, 1.4142, 2.0000, 2.2361","50, 80, 120, 150",100,"F.P.",4,1,1.6,0.34042,0.00211912351504107,0.39562,0.00218680047375155,0.41028,0.00219977417750095
"brunner","unbalanced n, larger n with larger SD","het",0.028733306353703,1,"0.00, 0.25, 0.50, 0.75","1.0000, 1.4142, 2.0000, 2.2361","50, 80, 120, 150",100,"F.P.",5,2,6.6,0.20934,0.00181943268300864,0.2274,0.00187450921576822,0.2383,0.00190532469673807
"brunner","unbalanced n, larger n with larger SD","het",0.028733306353703,1,"0.00, 0.25, 0.50, 0.75","1.0000, 1.4142, 2.0000, 2.2361","100, 160, 240, 300",200,"normal",1,0,0,0.96254,0.00084919666037968,0.97904,0.000640635284697931,0.98094,0.000611501699098211
"brunner","unbalanced n, larger n with larger SD","het",0.028733306353703,1,"0.00, 0.25, 0.50, 0.75","1.0000, 1.4142, 2.0000, 2.2361","100, 160, 240, 300",200,"F.P.",2,0,6,0.99936,0.000113100875328175,0.9996,8.94248287669544e-05,0.9996,8.94248287669544e-05
"brunner","unbalanced n, larger n with larger SD","het",0.028733306353703,1,"0.00, 0.25, 0.50, 0.75","1.0000, 1.4142, 2.0000, 2.2361","100, 160, 240, 300",200,"F.P.",3,0.5,1,0.90266,0.00132563135448736,0.9306,0.0011365178397192,0.9352,0.00110091743559633
"brunner","unbalanced n, larger n with larger SD","het",0.028733306353703,1,"0.00, 0.25, 0.50, 0.75","1.0000, 1.4142, 2.0000, 2.2361","100, 160, 240, 300",200,"F.P.",4,1,1.6,0.66508,0.00211068042867697,0.7201,0.00200776487667256,0.73154,0.0019818639125833
"brunner","unbalanced n, larger n with larger SD","het",0.028733306353703,1,"0.00, 0.25, 0.50, 0.75","1.0000, 1.4142, 2.0000, 2.2361","100, 160, 240, 300",200,"F.P.",5,2,6.6,0.42138,0.0022082522301585,0.44404,0.00222201925464205,0.45862,0.00222839716208758
"brunner","unbalanced n, larger n with smaller SD","het",0.0243282728831862,1,"0.00, 0.25, 0.50, 0.75","2.2361, 2.0000, 1.4142, 1.0000","5, 8, 12, 15",10,"normal",1,0,0,0.1913,0.00175900147811194,0.10118,0.00134864826845253,0.10588,0.00137600454650412
"brunner","unbalanced n, larger n with smaller SD","het",0.0243282728831862,1,"0.00, 0.25, 0.50, 0.75","2.2361, 2.0000, 1.4142, 1.0000","5, 8, 12, 15",10,"F.P.",2,0,6,0.2373,0.00190257041919609,0.13254,0.00151639802426672,0.13908,0.00154749315733544
"brunner","unbalanced n, larger n with smaller SD","het",0.0243282728831862,1,"0.00, 0.25, 0.50, 0.75","2.2361, 2.0000, 1.4142, 1.0000","5, 8, 12, 15",10,"F.P.",3,0.5,1,0.23804,0.00190460997792199,0.12142,0.00146066548942597,0.12538,0.00148094466878408
"brunner","unbalanced n, larger n with smaller SD","het",0.0243282728831862,1,"0.00, 0.25, 0.50, 0.75","2.2361, 2.0000, 1.4142, 1.0000","5, 8, 12, 15",10,"F.P.",4,1,1.6,0.29904,0.00204751106663676,0.13876,0.00154599910996093,0.14098,0.00155630742207316
"brunner","unbalanced n, larger n with smaller SD","het",0.0243282728831862,1,"0.00, 0.25, 0.50, 0.75","2.2361, 2.0000, 1.4142, 1.0000","5, 8, 12, 15",10,"F.P.",5,2,6.6,0.47268,0.00223272755883919,0.20002,0.00178892146054543,0.19894,0.00178528920010176
"brunner","unbalanced n, larger n with smaller SD","het",0.0243282728831862,1,"0.00, 0.25, 0.50, 0.75","2.2361, 2.0000, 1.4142, 1.0000","10, 16, 24, 30",20,"normal",1,0,0,0.2919,0.00203319644894437,0.1375,0.00154008928312614,0.13468,0.0015267042778482
"brunner","unbalanced n, larger n with smaller SD","het",0.0243282728831862,1,"0.00, 0.25, 0.50, 0.75","2.2361, 2.0000, 1.4142, 1.0000","10, 16, 24, 30",20,"F.P.",2,0,6,0.40374,0.00219423796521708,0.2082,0.00181577950203212,0.20598,0.00180860299457897
"brunner","unbalanced n, larger n with smaller SD","het",0.0243282728831862,1,"0.00, 0.25, 0.50, 0.75","2.2361, 2.0000, 1.4142, 1.0000","10, 16, 24, 30",20,"F.P.",3,0.5,1,0.38564,0.00217679484747645,0.18288,0.00172878515495709,0.17776,0.0017097449072888
"brunner","unbalanced n, larger n with smaller SD","het",0.0243282728831862,1,"0.00, 0.25, 0.50, 0.75","2.2361, 2.0000, 1.4142, 1.0000","10, 16, 24, 30",20,"F.P.",4,1,1.6,0.49372,0.00223589159665669,0.22966,0.00188104377620512,0.21952,0.00185111301437811
"brunner","unbalanced n, larger n with smaller SD","het",0.0243282728831862,1,"0.00, 0.25, 0.50, 0.75","2.2361, 2.0000, 1.4142, 1.0000","10, 16, 24, 30",20,"F.P.",5,2,6.6,0.73722,0.00196838345654499,0.38948,0.00218075826078912,0.36722,0.00215578046934283
"brunner","unbalanced n, larger n with smaller SD","het",0.0243282728831862,1,"0.00, 0.25, 0.50, 0.75","2.2361, 2.0000, 1.4142, 1.0000","15, 24, 36, 45",30,"normal",1,0,0,0.3844,0.00217548449776136,0.18558,0.00173862050833412,0.1764,0.00170459989440338
"brunner","unbalanced n, larger n with smaller SD","het",0.0243282728831862,1,"0.00, 0.25, 0.50, 0.75","2.2361, 2.0000, 1.4142, 1.0000","15, 24, 36, 45",30,"F.P.",2,0,6,0.54574,0.00222669195175264,0.30342,0.0020559975856017,0.2934,0.00203625361878131
"brunner","unbalanced n, larger n with smaller SD","het",0.0243282728831862,1,"0.00, 0.25, 0.50, 0.75","2.2361, 2.0000, 1.4142, 1.0000","15, 24, 36, 45",30,"F.P.",3,0.5,1,0.51294,0.0022353190215269,0.25924,0.00195976846795738,0.24658,0.00192758036719614
"brunner","unbalanced n, larger n with smaller SD","het",0.0243282728831862,1,"0.00, 0.25, 0.50, 0.75","2.2361, 2.0000, 1.4142, 1.0000","15, 24, 36, 45",30,"F.P.",4,1,1.6,0.6436,0.00214186386121994,0.33578,0.00211202174041841,0.31714,0.00208116419534836
"brunner","unbalanced n, larger n with smaller SD","het",0.0243282728831862,1,"0.00, 0.25, 0.50, 0.75","2.2361, 2.0000, 1.4142, 1.0000","15, 24, 36, 45",30,"F.P.",5,2,6.6,0.88176,0.0014440173295359,0.58042,0.00220695547576293,0.54714,0.00222610790574042
"brunner","unbalanced n, larger n with smaller SD","het",0.0243282728831862,1,"0.00, 0.25, 0.50, 0.75","2.2361, 2.0000, 1.4142, 1.0000","25, 40, 60, 75",50,"normal",1,0,0,0.54888,0.00222535725491437,0.29062,0.00203056650026538,0.27348,0.00199343266552949
"brunner","unbalanced n, larger n with smaller SD","het",0.0243282728831862,1,"0.00, 0.25, 0.50, 0.75","2.2361, 2.0000, 1.4142, 1.0000","25, 40, 60, 75",50,"F.P.",2,0,6,0.75502,0.00192335539929572,0.49694,0.00223602610181545,0.47838,0.00223397661402263
"brunner","unbalanced n, larger n with smaller SD","het",0.0243282728831862,1,"0.00, 0.25, 0.50, 0.75","2.2361, 2.0000, 1.4142, 1.0000","25, 40, 60, 75",50,"F.P.",3,0.5,1,0.71324,0.00202251676086998,0.4262,0.00221157663217895,0.40434,0.00219476269514497
"brunner","unbalanced n, larger n with smaller SD","het",0.0243282728831862,1,"0.00, 0.25, 0.50, 0.75","2.2361, 2.0000, 1.4142, 1.0000","25, 40, 60, 75",50,"F.P.",4,1,1.6,0.8448,0.00161933912445788,0.55696,0.00222151101010101,0.52826,0.00223249354937478
"brunner","unbalanced n, larger n with smaller SD","het",0.0243282728831862,1,"0.00, 0.25, 0.50, 0.75","2.2361, 2.0000, 1.4142, 1.0000","25, 40, 60, 75",50,"F.P.",5,2,6.6,0.98016,0.00062364051183354,0.84564,0.00161575363468568,0.81936,0.00172051847069423
"brunner","unbalanced n, larger n with smaller SD","het",0.0243282728831862,1,"0.00, 0.25, 0.50, 0.75","2.2361, 2.0000, 1.4142, 1.0000","50, 80, 120, 150",100,"normal",1,0,0,0.82408,0.00170277510904993,0.56674,0.00221605853893799,0.54078,0.00222861836840676
"brunner","unbalanced n, larger n with smaller SD","het",0.0243282728831862,1,"0.00, 0.25, 0.50, 0.75","2.2361, 2.0000, 1.4142, 1.0000","50, 80, 120, 150",100,"F.P.",2,0,6,0.96262,0.00084832465011928,0.84126,0.00163426810774732,0.8264,0.00169388925257822
"brunner","unbalanced n, larger n with smaller SD","het",0.0243282728831862,1,"0.00, 0.25, 0.50, 0.75","2.2361, 2.0000, 1.4142, 1.0000","50, 80, 120, 150",100,"F.P.",3,0.5,1,0.9416,0.00104870815768735,0.76496,0.00189629216314364,0.74108,0.00195898153947402
"brunner","unbalanced n, larger n with smaller SD","het",0.0243282728831862,1,"0.00, 0.25, 0.50, 0.75","2.2361, 2.0000, 1.4142, 1.0000","50, 80, 120, 150",100,"F.P.",4,1,1.6,0.98594,0.000526541857785304,0.8929,0.0013829648585557,0.87532,0.0014773956653517
"brunner","unbalanced n, larger n with smaller SD","het",0.0243282728831862,1,"0.00, 0.25, 0.50, 0.75","2.2361, 2.0000, 1.4142, 1.0000","50, 80, 120, 150",100,"F.P.",5,2,6.6,0.99988,4.89868553797871e-05,0.9955,0.000299324238911584,0.99342,0.000361571669244149
"brunner","unbalanced n, larger n with smaller SD","het",0.0243282728831862,1,"0.00, 0.25, 0.50, 0.75","2.2361, 2.0000, 1.4142, 1.0000","100, 160, 240, 300",200,"normal",1,0,0,0.98114,0.000608346947062283,0.89048,0.00139660566803948,0.8756,0.00147597181544906
"brunner","unbalanced n, larger n with smaller SD","het",0.0243282728831862,1,"0.00, 0.25, 0.50, 0.75","2.2361, 2.0000, 1.4142, 1.0000","100, 160, 240, 300",200,"F.P.",2,0,6,0.99952,9.79560717873105e-05,0.99356,0.000357729685656642,0.99208,0.00039641578172419
"brunner","unbalanced n, larger n with smaller SD","het",0.0243282728831862,1,"0.00, 0.25, 0.50, 0.75","2.2361, 2.0000, 1.4142, 1.0000","100, 160, 240, 300",200,"F.P.",3,0.5,1,0.99874,0.000158645037741496,0.9814,0.000604219165535155,0.97736,0.00066524326978933
"brunner","unbalanced n, larger n with smaller SD","het",0.0243282728831862,1,"0.00, 0.25, 0.50, 0.75","2.2361, 2.0000, 1.4142, 1.0000","100, 160, 240, 300",200,"F.P.",4,1,1.6,0.99998,1.999979999901e-05,0.99812,0.000193724835785193,0.9974,0.000227738446468753
"brunner","unbalanced n, larger n with smaller SD","het",0.0243282728831862,1,"0.00, 0.25, 0.50, 0.75","2.2361, 2.0000, 1.4142, 1.0000","100, 160, 240, 300",200,"F.P.",5,2,6.6,1,0,1,0,1,0
