"design","effect_size","group_mean_offsets","sd_per_group","n_vector","n_per_group","distribution","panel","skew","excess_kurtosis","rank_power","ats_h0p_power","ats_h0p_mc_se"
"balanced n, equal SD","moderate ordered effect: 0, 0.25, 0.50, 0.75 SD","0.00, 0.25, 0.50, 0.75","1.0, 1.0, 1.0, 1.0","10, 10, 10, 10",10,"normal",1,0,0,0.23336,0.24122,0.00191328467092589
"balanced n, equal SD","moderate ordered effect: 0, 0.25, 0.50, 0.75 SD","0.00, 0.25, 0.50, 0.75","1.0, 1.0, 1.0, 1.0","10, 10, 10, 10",10,"F.P.",2,0,6,0.36128,0.35706,0.00214274663177894
"balanced n, equal SD","moderate ordered effect: 0, 0.25, 0.50, 0.75 SD","0.00, 0.25, 0.50, 0.75","1.0, 1.0, 1.0, 1.0","10, 10, 10, 10",10,"F.P.",3,0.5,1,0.25436,0.26044,0.00196270734649871
"balanced n, equal SD","moderate ordered effect: 0, 0.25, 0.50, 0.75 SD","0.00, 0.25, 0.50, 0.75","1.0, 1.0, 1.0, 1.0","10, 10, 10, 10",10,"F.P.",4,1,1.6,0.27422,0.28342,0.00201540618040136
"balanced n, equal SD","moderate ordered effect: 0, 0.25, 0.50, 0.75 SD","0.00, 0.25, 0.50, 0.75","1.0, 1.0, 1.0, 1.0","10, 10, 10, 10",10,"F.P.",5,2,6.6,0.42856,0.42632,0.00221165665328052
"balanced n, equal SD","moderate ordered effect: 0, 0.25, 0.50, 0.75 SD","0.00, 0.25, 0.50, 0.75","1.0, 1.0, 1.0, 1.0","20, 20, 20, 20",20,"normal",1,0,0,0.48142,0.49248,0.0022358150621194
"balanced n, equal SD","moderate ordered effect: 0, 0.25, 0.50, 0.75 SD","0.00, 0.25, 0.50, 0.75","1.0, 1.0, 1.0, 1.0","20, 20, 20, 20",20,"F.P.",2,0,6,0.69484,0.69612,0.00205687600793047
"balanced n, equal SD","moderate ordered effect: 0, 0.25, 0.50, 0.75 SD","0.00, 0.25, 0.50, 0.75","1.0, 1.0, 1.0, 1.0","20, 20, 20, 20",20,"F.P.",3,0.5,1,0.52858,0.53422,0.00223082492186187
"balanced n, equal SD","moderate ordered effect: 0, 0.25, 0.50, 0.75 SD","0.00, 0.25, 0.50, 0.75","1.0, 1.0, 1.0, 1.0","20, 20, 20, 20",20,"F.P.",4,1,1.6,0.56972,0.57062,0.00221365225634019
"balanced n, equal SD","moderate ordered effect: 0, 0.25, 0.50, 0.75 SD","0.00, 0.25, 0.50, 0.75","1.0, 1.0, 1.0, 1.0","20, 20, 20, 20",20,"F.P.",5,2,6.6,0.78444,0.77754,0.00185995456073529
"balanced n, equal SD","moderate ordered effect: 0, 0.25, 0.50, 0.75 SD","0.00, 0.25, 0.50, 0.75","1.0, 1.0, 1.0, 1.0","30, 30, 30, 30",30,"normal",1,0,0,0.6889,0.69124,0.00206604580007317
"balanced n, equal SD","moderate ordered effect: 0, 0.25, 0.50, 0.75 SD","0.00, 0.25, 0.50, 0.75","1.0, 1.0, 1.0, 1.0","30, 30, 30, 30",30,"F.P.",2,0,6,0.87876,0.87778,0.00146480218186621
"balanced n, equal SD","moderate ordered effect: 0, 0.25, 0.50, 0.75 SD","0.00, 0.25, 0.50, 0.75","1.0, 1.0, 1.0, 1.0","30, 30, 30, 30",30,"F.P.",3,0.5,1,0.73602,0.7398,0.00196212109718029
"balanced n, equal SD","moderate ordered effect: 0, 0.25, 0.50, 0.75 SD","0.00, 0.25, 0.50, 0.75","1.0, 1.0, 1.0, 1.0","30, 30, 30, 30",30,"F.P.",4,1,1.6,0.7782,0.77918,0.00185503923193015
"balanced n, equal SD","moderate ordered effect: 0, 0.25, 0.50, 0.75 SD","0.00, 0.25, 0.50, 0.75","1.0, 1.0, 1.0, 1.0","30, 30, 30, 30",30,"F.P.",5,2,6.6,0.93482,0.9328,0.00111967995427265
"balanced n, equal SD","moderate ordered effect: 0, 0.25, 0.50, 0.75 SD","0.00, 0.25, 0.50, 0.75","1.0, 1.0, 1.0, 1.0","50, 50, 50, 50",50,"normal",1,0,0,0.90724,0.90806,0.00129218447908958
"balanced n, equal SD","moderate ordered effect: 0, 0.25, 0.50, 0.75 SD","0.00, 0.25, 0.50, 0.75","1.0, 1.0, 1.0, 1.0","50, 50, 50, 50",50,"F.P.",2,0,6,0.98738,0.9872,0.000502715824298381
"balanced n, equal SD","moderate ordered effect: 0, 0.25, 0.50, 0.75 SD","0.00, 0.25, 0.50, 0.75","1.0, 1.0, 1.0, 1.0","50, 50, 50, 50",50,"F.P.",3,0.5,1,0.93614,0.93506,0.00110202356054669
"balanced n, equal SD","moderate ordered effect: 0, 0.25, 0.50, 0.75 SD","0.00, 0.25, 0.50, 0.75","1.0, 1.0, 1.0, 1.0","50, 50, 50, 50",50,"F.P.",4,1,1.6,0.95328,0.95214,0.000954666647579143
"balanced n, equal SD","moderate ordered effect: 0, 0.25, 0.50, 0.75 SD","0.00, 0.25, 0.50, 0.75","1.0, 1.0, 1.0, 1.0","50, 50, 50, 50",50,"F.P.",5,2,6.6,0.9964,0.9962,0.000275156682637367
"balanced n, equal SD","moderate ordered effect: 0, 0.25, 0.50, 0.75 SD","0.00, 0.25, 0.50, 0.75","1.0, 1.0, 1.0, 1.0","100, 100, 100, 100",100,"normal",1,0,0,0.99854,0.99824,0.000187451455049033
"balanced n, equal SD","moderate ordered effect: 0, 0.25, 0.50, 0.75 SD","0.00, 0.25, 0.50, 0.75","1.0, 1.0, 1.0, 1.0","100, 100, 100, 100",100,"F.P.",2,0,6,0.99998,0.99996,2.82837055563941e-05
"balanced n, equal SD","moderate ordered effect: 0, 0.25, 0.50, 0.75 SD","0.00, 0.25, 0.50, 0.75","1.0, 1.0, 1.0, 1.0","100, 100, 100, 100",100,"F.P.",3,0.5,1,0.99916,0.99908,0.000135584187868647
"balanced n, equal SD","moderate ordered effect: 0, 0.25, 0.50, 0.75 SD","0.00, 0.25, 0.50, 0.75","1.0, 1.0, 1.0, 1.0","100, 100, 100, 100",100,"F.P.",4,1,1.6,0.99968,0.9998,6.32392283317844e-05
"balanced n, equal SD","moderate ordered effect: 0, 0.25, 0.50, 0.75 SD","0.00, 0.25, 0.50, 0.75","1.0, 1.0, 1.0, 1.0","100, 100, 100, 100",100,"F.P.",5,2,6.6,1,1,0
"balanced n, equal SD","moderate ordered effect: 0, 0.25, 0.50, 0.75 SD","0.00, 0.25, 0.50, 0.75","1.0, 1.0, 1.0, 1.0","200, 200, 200, 200",200,"normal",1,0,0,1,1,0
"balanced n, equal SD","moderate ordered effect: 0, 0.25, 0.50, 0.75 SD","0.00, 0.25, 0.50, 0.75","1.0, 1.0, 1.0, 1.0","200, 200, 200, 200",200,"F.P.",2,0,6,1,1,0
"balanced n, equal SD","moderate ordered effect: 0, 0.25, 0.50, 0.75 SD","0.00, 0.25, 0.50, 0.75","1.0, 1.0, 1.0, 1.0","200, 200, 200, 200",200,"F.P.",3,0.5,1,1,1,0
"balanced n, equal SD","moderate ordered effect: 0, 0.25, 0.50, 0.75 SD","0.00, 0.25, 0.50, 0.75","1.0, 1.0, 1.0, 1.0","200, 200, 200, 200",200,"F.P.",4,1,1.6,1,1,0
"balanced n, equal SD","moderate ordered effect: 0, 0.25, 0.50, 0.75 SD","0.00, 0.25, 0.50, 0.75","1.0, 1.0, 1.0, 1.0","200, 200, 200, 200",200,"F.P.",5,2,6.6,1,1,0
"unbalanced n, equal SD","moderate ordered effect: 0, 0.25, 0.50, 0.75 SD","0.00, 0.25, 0.50, 0.75","1.0, 1.0, 1.0, 1.0","5, 8, 12, 15",10,"normal",1,0,0,0.19606,0.21032,0.00182255588446555
"unbalanced n, equal SD","moderate ordered effect: 0, 0.25, 0.50, 0.75 SD","0.00, 0.25, 0.50, 0.75","1.0, 1.0, 1.0, 1.0","5, 8, 12, 15",10,"F.P.",2,0,6,0.30544,0.30584,0.00206059163542901
"unbalanced n, equal SD","moderate ordered effect: 0, 0.25, 0.50, 0.75 SD","0.00, 0.25, 0.50, 0.75","1.0, 1.0, 1.0, 1.0","5, 8, 12, 15",10,"F.P.",3,0.5,1,0.22394,0.22332,0.00186251538302372
"unbalanced n, equal SD","moderate ordered effect: 0, 0.25, 0.50, 0.75 SD","0.00, 0.25, 0.50, 0.75","1.0, 1.0, 1.0, 1.0","5, 8, 12, 15",10,"F.P.",4,1,1.6,0.25016,0.22564,0.00186936668634059
"unbalanced n, equal SD","moderate ordered effect: 0, 0.25, 0.50, 0.75 SD","0.00, 0.25, 0.50, 0.75","1.0, 1.0, 1.0, 1.0","5, 8, 12, 15",10,"F.P.",5,2,6.6,0.39952,0.29164,0.00203266382070425
"unbalanced n, equal SD","moderate ordered effect: 0, 0.25, 0.50, 0.75 SD","0.00, 0.25, 0.50, 0.75","1.0, 1.0, 1.0, 1.0","10, 16, 24, 30",20,"normal",1,0,0,0.4129,0.38954,0.00218081905897761
"unbalanced n, equal SD","moderate ordered effect: 0, 0.25, 0.50, 0.75 SD","0.00, 0.25, 0.50, 0.75","1.0, 1.0, 1.0, 1.0","10, 16, 24, 30",20,"F.P.",2,0,6,0.61666,0.56978,0.00221418495885055
"unbalanced n, equal SD","moderate ordered effect: 0, 0.25, 0.50, 0.75 SD","0.00, 0.25, 0.50, 0.75","1.0, 1.0, 1.0, 1.0","10, 16, 24, 30",20,"F.P.",3,0.5,1,0.46264,0.4095,0.0021991350572441
"unbalanced n, equal SD","moderate ordered effect: 0, 0.25, 0.50, 0.75 SD","0.00, 0.25, 0.50, 0.75","1.0, 1.0, 1.0, 1.0","10, 16, 24, 30",20,"F.P.",4,1,1.6,0.50616,0.41906,0.00220657524866024
"unbalanced n, equal SD","moderate ordered effect: 0, 0.25, 0.50, 0.75 SD","0.00, 0.25, 0.50, 0.75","1.0, 1.0, 1.0, 1.0","10, 16, 24, 30",20,"F.P.",5,2,6.6,0.72052,0.55648,0.00222175610542652
"unbalanced n, equal SD","moderate ordered effect: 0, 0.25, 0.50, 0.75 SD","0.00, 0.25, 0.50, 0.75","1.0, 1.0, 1.0, 1.0","15, 24, 36, 45",30,"normal",1,0,0,0.61038,0.57106,0.00221337062599105
"unbalanced n, equal SD","moderate ordered effect: 0, 0.25, 0.50, 0.75 SD","0.00, 0.25, 0.50, 0.75","1.0, 1.0, 1.0, 1.0","15, 24, 36, 45",30,"F.P.",2,0,6,0.81734,0.768,0.00188772879408034
"unbalanced n, equal SD","moderate ordered effect: 0, 0.25, 0.50, 0.75 SD","0.00, 0.25, 0.50, 0.75","1.0, 1.0, 1.0, 1.0","15, 24, 36, 45",30,"F.P.",3,0.5,1,0.6605,0.5906,0.00219905270514374
"unbalanced n, equal SD","moderate ordered effect: 0, 0.25, 0.50, 0.75 SD","0.00, 0.25, 0.50, 0.75","1.0, 1.0, 1.0, 1.0","15, 24, 36, 45",30,"F.P.",4,1,1.6,0.70054,0.6068,0.00218446222214988
"unbalanced n, equal SD","moderate ordered effect: 0, 0.25, 0.50, 0.75 SD","0.00, 0.25, 0.50, 0.75","1.0, 1.0, 1.0, 1.0","15, 24, 36, 45",30,"F.P.",5,2,6.6,0.88856,0.7652,0.00189562105917823
"unbalanced n, equal SD","moderate ordered effect: 0, 0.25, 0.50, 0.75 SD","0.00, 0.25, 0.50, 0.75","1.0, 1.0, 1.0, 1.0","25, 40, 60, 75",50,"normal",1,0,0,0.853,0.8196,0.00171962693628589
"unbalanced n, equal SD","moderate ordered effect: 0, 0.25, 0.50, 0.75 SD","0.00, 0.25, 0.50, 0.75","1.0, 1.0, 1.0, 1.0","25, 40, 60, 75",50,"F.P.",2,0,6,0.96984,0.9535,0.000941676696111781
"unbalanced n, equal SD","moderate ordered effect: 0, 0.25, 0.50, 0.75 SD","0.00, 0.25, 0.50, 0.75","1.0, 1.0, 1.0, 1.0","25, 40, 60, 75",50,"F.P.",3,0.5,1,0.89004,0.842,0.00163117135825762
"unbalanced n, equal SD","moderate ordered effect: 0, 0.25, 0.50, 0.75 SD","0.00, 0.25, 0.50, 0.75","1.0, 1.0, 1.0, 1.0","25, 40, 60, 75",50,"F.P.",4,1,1.6,0.91302,0.85312,0.00158307463879629
"unbalanced n, equal SD","moderate ordered effect: 0, 0.25, 0.50, 0.75 SD","0.00, 0.25, 0.50, 0.75","1.0, 1.0, 1.0, 1.0","25, 40, 60, 75",50,"F.P.",5,2,6.6,0.98744,0.95334,0.000943216246679414
"unbalanced n, equal SD","moderate ordered effect: 0, 0.25, 0.50, 0.75 SD","0.00, 0.25, 0.50, 0.75","1.0, 1.0, 1.0, 1.0","50, 80, 120, 150",100,"normal",1,0,0,0.9937,0.99052,0.000433361964182369
"unbalanced n, equal SD","moderate ordered effect: 0, 0.25, 0.50, 0.75 SD","0.00, 0.25, 0.50, 0.75","1.0, 1.0, 1.0, 1.0","50, 80, 120, 150",100,"F.P.",2,0,6,0.99988,0.9998,6.32392283317844e-05
"unbalanced n, equal SD","moderate ordered effect: 0, 0.25, 0.50, 0.75 SD","0.00, 0.25, 0.50, 0.75","1.0, 1.0, 1.0, 1.0","50, 80, 120, 150",100,"F.P.",3,0.5,1,0.9966,0.99318,0.000368062157794035
"unbalanced n, equal SD","moderate ordered effect: 0, 0.25, 0.50, 0.75 SD","0.00, 0.25, 0.50, 0.75","1.0, 1.0, 1.0, 1.0","50, 80, 120, 150",100,"F.P.",4,1,1.6,0.9982,0.99436,0.000334908656203448
"unbalanced n, equal SD","moderate ordered effect: 0, 0.25, 0.50, 0.75 SD","0.00, 0.25, 0.50, 0.75","1.0, 1.0, 1.0, 1.0","50, 80, 120, 150",100,"F.P.",5,2,6.6,0.99998,0.9997,7.74480471025535e-05
"unbalanced n, equal SD","moderate ordered effect: 0, 0.25, 0.50, 0.75 SD","0.00, 0.25, 0.50, 0.75","1.0, 1.0, 1.0, 1.0","100, 160, 240, 300",200,"normal",1,0,0,1,1,0
"unbalanced n, equal SD","moderate ordered effect: 0, 0.25, 0.50, 0.75 SD","0.00, 0.25, 0.50, 0.75","1.0, 1.0, 1.0, 1.0","100, 160, 240, 300",200,"F.P.",2,0,6,1,1,0
"unbalanced n, equal SD","moderate ordered effect: 0, 0.25, 0.50, 0.75 SD","0.00, 0.25, 0.50, 0.75","1.0, 1.0, 1.0, 1.0","100, 160, 240, 300",200,"F.P.",3,0.5,1,1,1,0
"unbalanced n, equal SD","moderate ordered effect: 0, 0.25, 0.50, 0.75 SD","0.00, 0.25, 0.50, 0.75","1.0, 1.0, 1.0, 1.0","100, 160, 240, 300",200,"F.P.",4,1,1.6,1,1,0
"unbalanced n, equal SD","moderate ordered effect: 0, 0.25, 0.50, 0.75 SD","0.00, 0.25, 0.50, 0.75","1.0, 1.0, 1.0, 1.0","100, 160, 240, 300",200,"F.P.",5,2,6.6,1,1,0
"balanced n, unequal SD","moderate ordered effect: 0, 0.25, 0.50, 0.75 SD","0.000, 0.404, 0.807, 1.211","1.0, 1.3, 1.7, 2.2","10, 10, 10, 10",10,"normal",1,0,0,0.2369,0.23102,0.00188493904198518
"balanced n, unequal SD","moderate ordered effect: 0, 0.25, 0.50, 0.75 SD","0.000, 0.404, 0.807, 1.211","1.0, 1.3, 1.7, 2.2","10, 10, 10, 10",10,"F.P.",2,0,6,0.38018,0.3687,0.00215759268630574
"balanced n, unequal SD","moderate ordered effect: 0, 0.25, 0.50, 0.75 SD","0.000, 0.404, 0.807, 1.211","1.0, 1.3, 1.7, 2.2","10, 10, 10, 10",10,"F.P.",3,0.5,1,0.22524,0.22042,0.00185383399256784
"balanced n, unequal SD","moderate ordered effect: 0, 0.25, 0.50, 0.75 SD","0.000, 0.404, 0.807, 1.211","1.0, 1.3, 1.7, 2.2","10, 10, 10, 10",10,"F.P.",4,1,1.6,0.18634,0.18578,0.00173934350603899
"balanced n, unequal SD","moderate ordered effect: 0, 0.25, 0.50, 0.75 SD","0.000, 0.404, 0.807, 1.211","1.0, 1.3, 1.7, 2.2","10, 10, 10, 10",10,"F.P.",5,2,6.6,0.22542,0.22736,0.00187439286383618
"balanced n, unequal SD","moderate ordered effect: 0, 0.25, 0.50, 0.75 SD","0.000, 0.404, 0.807, 1.211","1.0, 1.3, 1.7, 2.2","20, 20, 20, 20",20,"normal",1,0,0,0.48944,0.47546,0.00223337318153505
"balanced n, unequal SD","moderate ordered effect: 0, 0.25, 0.50, 0.75 SD","0.000, 0.404, 0.807, 1.211","1.0, 1.3, 1.7, 2.2","20, 20, 20, 20",20,"F.P.",2,0,6,0.72798,0.71544,0.00201784839073702
"balanced n, unequal SD","moderate ordered effect: 0, 0.25, 0.50, 0.75 SD","0.000, 0.404, 0.807, 1.211","1.0, 1.3, 1.7, 2.2","20, 20, 20, 20",20,"F.P.",3,0.5,1,0.4639,0.45504,0.00222700964703793
"balanced n, unequal SD","moderate ordered effect: 0, 0.25, 0.50, 0.75 SD","0.000, 0.404, 0.807, 1.211","1.0, 1.3, 1.7, 2.2","20, 20, 20, 20",20,"F.P.",4,1,1.6,0.38888,0.38564,0.00217679484747645
"balanced n, unequal SD","moderate ordered effect: 0, 0.25, 0.50, 0.75 SD","0.000, 0.404, 0.807, 1.211","1.0, 1.3, 1.7, 2.2","20, 20, 20, 20",20,"F.P.",5,2,6.6,0.46274,0.46404,0.00223027746435281
"balanced n, unequal SD","moderate ordered effect: 0, 0.25, 0.50, 0.75 SD","0.000, 0.404, 0.807, 1.211","1.0, 1.3, 1.7, 2.2","30, 30, 30, 30",30,"normal",1,0,0,0.69068,0.67626,0.00209252198268023
"balanced n, unequal SD","moderate ordered effect: 0, 0.25, 0.50, 0.75 SD","0.000, 0.404, 0.807, 1.211","1.0, 1.3, 1.7, 2.2","30, 30, 30, 30",30,"F.P.",2,0,6,0.90308,0.89652,0.0013621445562054
"balanced n, unequal SD","moderate ordered effect: 0, 0.25, 0.50, 0.75 SD","0.000, 0.404, 0.807, 1.211","1.0, 1.3, 1.7, 2.2","30, 30, 30, 30",30,"F.P.",3,0.5,1,0.66748,0.6516,0.00213080942366979
"balanced n, unequal SD","moderate ordered effect: 0, 0.25, 0.50, 0.75 SD","0.000, 0.404, 0.807, 1.211","1.0, 1.3, 1.7, 2.2","30, 30, 30, 30",30,"F.P.",4,1,1.6,0.57674,0.56328,0.00221808765201017
"balanced n, unequal SD","moderate ordered effect: 0, 0.25, 0.50, 0.75 SD","0.000, 0.404, 0.807, 1.211","1.0, 1.3, 1.7, 2.2","30, 30, 30, 30",30,"F.P.",5,2,6.6,0.65854,0.66412,0.00211217719711202
"balanced n, unequal SD","moderate ordered effect: 0, 0.25, 0.50, 0.75 SD","0.000, 0.404, 0.807, 1.211","1.0, 1.3, 1.7, 2.2","50, 50, 50, 50",50,"normal",1,0,0,0.91408,0.90392,0.00131794259055545
"balanced n, unequal SD","moderate ordered effect: 0, 0.25, 0.50, 0.75 SD","0.000, 0.404, 0.807, 1.211","1.0, 1.3, 1.7, 2.2","50, 50, 50, 50",50,"F.P.",2,0,6,0.99178,0.99052,0.000433361964182369
"balanced n, unequal SD","moderate ordered effect: 0, 0.25, 0.50, 0.75 SD","0.000, 0.404, 0.807, 1.211","1.0, 1.3, 1.7, 2.2","50, 50, 50, 50",50,"F.P.",3,0.5,1,0.89402,0.88944,0.00140240141471691
"balanced n, unequal SD","moderate ordered effect: 0, 0.25, 0.50, 0.75 SD","0.000, 0.404, 0.807, 1.211","1.0, 1.3, 1.7, 2.2","50, 50, 50, 50",50,"F.P.",4,1,1.6,0.82334,0.8151,0.00173615661735916
"balanced n, unequal SD","moderate ordered effect: 0, 0.25, 0.50, 0.75 SD","0.000, 0.404, 0.807, 1.211","1.0, 1.3, 1.7, 2.2","50, 50, 50, 50",50,"F.P.",5,2,6.6,0.8947,0.89208,0.00138761142687714
"balanced n, unequal SD","moderate ordered effect: 0, 0.25, 0.50, 0.75 SD","0.000, 0.404, 0.807, 1.211","1.0, 1.3, 1.7, 2.2","100, 100, 100, 100",100,"normal",1,0,0,0.99848,0.9983,0.000184234090222197
"balanced n, unequal SD","moderate ordered effect: 0, 0.25, 0.50, 0.75 SD","0.000, 0.404, 0.807, 1.211","1.0, 1.3, 1.7, 2.2","100, 100, 100, 100",100,"F.P.",2,0,6,1,1,0
"balanced n, unequal SD","moderate ordered effect: 0, 0.25, 0.50, 0.75 SD","0.000, 0.404, 0.807, 1.211","1.0, 1.3, 1.7, 2.2","100, 100, 100, 100",100,"F.P.",3,0.5,1,0.99736,0.9974,0.000227738446468753
"balanced n, unequal SD","moderate ordered effect: 0, 0.25, 0.50, 0.75 SD","0.000, 0.404, 0.807, 1.211","1.0, 1.3, 1.7, 2.2","100, 100, 100, 100",100,"F.P.",4,1,1.6,0.99016,0.98948,0.000456274689195006
"balanced n, unequal SD","moderate ordered effect: 0, 0.25, 0.50, 0.75 SD","0.000, 0.404, 0.807, 1.211","1.0, 1.3, 1.7, 2.2","100, 100, 100, 100",100,"F.P.",5,2,6.6,0.99658,0.99708,0.000241307836590527
"balanced n, unequal SD","moderate ordered effect: 0, 0.25, 0.50, 0.75 SD","0.000, 0.404, 0.807, 1.211","1.0, 1.3, 1.7, 2.2","200, 200, 200, 200",200,"normal",1,0,0,1,1,0
"balanced n, unequal SD","moderate ordered effect: 0, 0.25, 0.50, 0.75 SD","0.000, 0.404, 0.807, 1.211","1.0, 1.3, 1.7, 2.2","200, 200, 200, 200",200,"F.P.",2,0,6,1,1,0
"balanced n, unequal SD","moderate ordered effect: 0, 0.25, 0.50, 0.75 SD","0.000, 0.404, 0.807, 1.211","1.0, 1.3, 1.7, 2.2","200, 200, 200, 200",200,"F.P.",3,0.5,1,1,1,0
"balanced n, unequal SD","moderate ordered effect: 0, 0.25, 0.50, 0.75 SD","0.000, 0.404, 0.807, 1.211","1.0, 1.3, 1.7, 2.2","200, 200, 200, 200",200,"F.P.",4,1,1.6,1,1,0
"balanced n, unequal SD","moderate ordered effect: 0, 0.25, 0.50, 0.75 SD","0.000, 0.404, 0.807, 1.211","1.0, 1.3, 1.7, 2.2","200, 200, 200, 200",200,"F.P.",5,2,6.6,1,1,0
"unbalanced n, larger n with larger SD","moderate ordered effect: 0, 0.25, 0.50, 0.75 SD","0.000, 0.404, 0.807, 1.211","1.0, 1.3, 1.7, 2.2","5, 8, 12, 15",10,"normal",1,0,0,0.14958,0.23932,0.00190811916609
"unbalanced n, larger n with larger SD","moderate ordered effect: 0, 0.25, 0.50, 0.75 SD","0.000, 0.404, 0.807, 1.211","1.0, 1.3, 1.7, 2.2","5, 8, 12, 15",10,"F.P.",2,0,6,0.26624,0.37826,0.00216877556422973
"unbalanced n, larger n with larger SD","moderate ordered effect: 0, 0.25, 0.50, 0.75 SD","0.000, 0.404, 0.807, 1.211","1.0, 1.3, 1.7, 2.2","5, 8, 12, 15",10,"F.P.",3,0.5,1,0.14384,0.22436,0.00186559690394254
"unbalanced n, larger n with larger SD","moderate ordered effect: 0, 0.25, 0.50, 0.75 SD","0.000, 0.404, 0.807, 1.211","1.0, 1.3, 1.7, 2.2","5, 8, 12, 15",10,"F.P.",4,1,1.6,0.11844,0.19554,0.00177371986739733
"unbalanced n, larger n with larger SD","moderate ordered effect: 0, 0.25, 0.50, 0.75 SD","0.000, 0.404, 0.807, 1.211","1.0, 1.3, 1.7, 2.2","5, 8, 12, 15",10,"F.P.",5,2,6.6,0.1517,0.21696,0.00184330333043696
"unbalanced n, larger n with larger SD","moderate ordered effect: 0, 0.25, 0.50, 0.75 SD","0.000, 0.404, 0.807, 1.211","1.0, 1.3, 1.7, 2.2","10, 16, 24, 30",20,"normal",1,0,0,0.356,0.4855,0.00223512751314103
"unbalanced n, larger n with larger SD","moderate ordered effect: 0, 0.25, 0.50, 0.75 SD","0.000, 0.404, 0.807, 1.211","1.0, 1.3, 1.7, 2.2","10, 16, 24, 30",20,"F.P.",2,0,6,0.5995,0.69308,0.00206262024425244
"unbalanced n, larger n with larger SD","moderate ordered effect: 0, 0.25, 0.50, 0.75 SD","0.000, 0.404, 0.807, 1.211","1.0, 1.3, 1.7, 2.2","10, 16, 24, 30",20,"F.P.",3,0.5,1,0.33664,0.44696,0.00222345118408298
"unbalanced n, larger n with larger SD","moderate ordered effect: 0, 0.25, 0.50, 0.75 SD","0.000, 0.404, 0.807, 1.211","1.0, 1.3, 1.7, 2.2","10, 16, 24, 30",20,"F.P.",4,1,1.6,0.26954,0.37258,0.00216224024382121
"unbalanced n, larger n with larger SD","moderate ordered effect: 0, 0.25, 0.50, 0.75 SD","0.000, 0.404, 0.807, 1.211","1.0, 1.3, 1.7, 2.2","10, 16, 24, 30",20,"F.P.",5,2,6.6,0.33526,0.40644,0.00219657244997746
"unbalanced n, larger n with larger SD","moderate ordered effect: 0, 0.25, 0.50, 0.75 SD","0.000, 0.404, 0.807, 1.211","1.0, 1.3, 1.7, 2.2","15, 24, 36, 45",30,"normal",1,0,0,0.56024,0.69012,0.00206811211301515
"unbalanced n, larger n with larger SD","moderate ordered effect: 0, 0.25, 0.50, 0.75 SD","0.000, 0.404, 0.807, 1.211","1.0, 1.3, 1.7, 2.2","15, 24, 36, 45",30,"F.P.",2,0,6,0.8197,0.88022,0.00145212087375673
"unbalanced n, larger n with larger SD","moderate ordered effect: 0, 0.25, 0.50, 0.75 SD","0.000, 0.404, 0.807, 1.211","1.0, 1.3, 1.7, 2.2","15, 24, 36, 45",30,"F.P.",3,0.5,1,0.52918,0.642,0.00214399626865347
"unbalanced n, larger n with larger SD","moderate ordered effect: 0, 0.25, 0.50, 0.75 SD","0.000, 0.404, 0.807, 1.211","1.0, 1.3, 1.7, 2.2","15, 24, 36, 45",30,"F.P.",4,1,1.6,0.42718,0.5396,0.00222904392060812
"unbalanced n, larger n with larger SD","moderate ordered effect: 0, 0.25, 0.50, 0.75 SD","0.000, 0.404, 0.807, 1.211","1.0, 1.3, 1.7, 2.2","15, 24, 36, 45",30,"F.P.",5,2,6.6,0.51376,0.58536,0.00220324156823531
"unbalanced n, larger n with larger SD","moderate ordered effect: 0, 0.25, 0.50, 0.75 SD","0.000, 0.404, 0.807, 1.211","1.0, 1.3, 1.7, 2.2","25, 40, 60, 75",50,"normal",1,0,0,0.83284,0.90934,0.00128406202653922
"unbalanced n, larger n with larger SD","moderate ordered effect: 0, 0.25, 0.50, 0.75 SD","0.000, 0.404, 0.807, 1.211","1.0, 1.3, 1.7, 2.2","25, 40, 60, 75",50,"F.P.",2,0,6,0.97652,0.98698,0.000506961134605011
"unbalanced n, larger n with larger SD","moderate ordered effect: 0, 0.25, 0.50, 0.75 SD","0.000, 0.404, 0.807, 1.211","1.0, 1.3, 1.7, 2.2","25, 40, 60, 75",50,"F.P.",3,0.5,1,0.80676,0.87448,0.00148165265565179
"unbalanced n, larger n with larger SD","moderate ordered effect: 0, 0.25, 0.50, 0.75 SD","0.000, 0.404, 0.807, 1.211","1.0, 1.3, 1.7, 2.2","25, 40, 60, 75",50,"F.P.",4,1,1.6,0.69972,0.78806,0.00182768397924805
"unbalanced n, larger n with larger SD","moderate ordered effect: 0, 0.25, 0.50, 0.75 SD","0.000, 0.404, 0.807, 1.211","1.0, 1.3, 1.7, 2.2","25, 40, 60, 75",50,"F.P.",5,2,6.6,0.781,0.82066,0.00171567575258264
"unbalanced n, larger n with larger SD","moderate ordered effect: 0, 0.25, 0.50, 0.75 SD","0.000, 0.404, 0.807, 1.211","1.0, 1.3, 1.7, 2.2","50, 80, 120, 150",100,"normal",1,0,0,0.99352,0.99816,0.000191656693073837
"unbalanced n, larger n with larger SD","moderate ordered effect: 0, 0.25, 0.50, 0.75 SD","0.000, 0.404, 0.807, 1.211","1.0, 1.3, 1.7, 2.2","50, 80, 120, 150",100,"F.P.",2,0,6,0.99998,0.99998,1.999979999901e-05
"unbalanced n, larger n with larger SD","moderate ordered effect: 0, 0.25, 0.50, 0.75 SD","0.000, 0.404, 0.807, 1.211","1.0, 1.3, 1.7, 2.2","50, 80, 120, 150",100,"F.P.",3,0.5,1,0.98982,0.9953,0.000305872849399878
"unbalanced n, larger n with larger SD","moderate ordered effect: 0, 0.25, 0.50, 0.75 SD","0.000, 0.404, 0.807, 1.211","1.0, 1.3, 1.7, 2.2","50, 80, 120, 150",100,"F.P.",4,1,1.6,0.96616,0.98264,0.000584099827084378
"unbalanced n, larger n with larger SD","moderate ordered effect: 0, 0.25, 0.50, 0.75 SD","0.000, 0.404, 0.807, 1.211","1.0, 1.3, 1.7, 2.2","50, 80, 120, 150",100,"F.P.",5,2,6.6,0.98412,0.98796,0.000487750723218327
"unbalanced n, larger n with larger SD","moderate ordered effect: 0, 0.25, 0.50, 0.75 SD","0.000, 0.404, 0.807, 1.211","1.0, 1.3, 1.7, 2.2","100, 160, 240, 300",200,"normal",1,0,0,1,1,0
"unbalanced n, larger n with larger SD","moderate ordered effect: 0, 0.25, 0.50, 0.75 SD","0.000, 0.404, 0.807, 1.211","1.0, 1.3, 1.7, 2.2","100, 160, 240, 300",200,"F.P.",2,0,6,1,1,0
"unbalanced n, larger n with larger SD","moderate ordered effect: 0, 0.25, 0.50, 0.75 SD","0.000, 0.404, 0.807, 1.211","1.0, 1.3, 1.7, 2.2","100, 160, 240, 300",200,"F.P.",3,0.5,1,1,1,0
"unbalanced n, larger n with larger SD","moderate ordered effect: 0, 0.25, 0.50, 0.75 SD","0.000, 0.404, 0.807, 1.211","1.0, 1.3, 1.7, 2.2","100, 160, 240, 300",200,"F.P.",4,1,1.6,0.99986,1,0
"unbalanced n, larger n with larger SD","moderate ordered effect: 0, 0.25, 0.50, 0.75 SD","0.000, 0.404, 0.807, 1.211","1.0, 1.3, 1.7, 2.2","100, 160, 240, 300",200,"F.P.",5,2,6.6,0.99998,1,0
"unbalanced n, larger n with smaller SD","moderate ordered effect: 0, 0.25, 0.50, 0.75 SD","0.000, 0.404, 0.807, 1.211","2.2, 1.7, 1.3, 1.0","5, 8, 12, 15",10,"normal",1,0,0,0.26746,0.18368,0.00173171393480563
"unbalanced n, larger n with smaller SD","moderate ordered effect: 0, 0.25, 0.50, 0.75 SD","0.000, 0.404, 0.807, 1.211","2.2, 1.7, 1.3, 1.0","5, 8, 12, 15",10,"F.P.",2,0,6,0.39668,0.26994,0.00198530801841931
"unbalanced n, larger n with smaller SD","moderate ordered effect: 0, 0.25, 0.50, 0.75 SD","0.000, 0.404, 0.807, 1.211","2.2, 1.7, 1.3, 1.0","5, 8, 12, 15",10,"F.P.",3,0.5,1,0.33036,0.21486,0.00183681888274266
"unbalanced n, larger n with smaller SD","moderate ordered effect: 0, 0.25, 0.50, 0.75 SD","0.000, 0.404, 0.807, 1.211","2.2, 1.7, 1.3, 1.0","5, 8, 12, 15",10,"F.P.",4,1,1.6,0.39616,0.22904,0.00187925878154128
"unbalanced n, larger n with smaller SD","moderate ordered effect: 0, 0.25, 0.50, 0.75 SD","0.000, 0.404, 0.807, 1.211","2.2, 1.7, 1.3, 1.0","5, 8, 12, 15",10,"F.P.",5,2,6.6,0.58178,0.29874,0.00204692165165157
"unbalanced n, larger n with smaller SD","moderate ordered effect: 0, 0.25, 0.50, 0.75 SD","0.000, 0.404, 0.807, 1.211","2.2, 1.7, 1.3, 1.0","10, 16, 24, 30",20,"normal",1,0,0,0.4945,0.30692,0.00206262024425244
"unbalanced n, larger n with smaller SD","moderate ordered effect: 0, 0.25, 0.50, 0.75 SD","0.000, 0.404, 0.807, 1.211","2.2, 1.7, 1.3, 1.0","10, 16, 24, 30",20,"F.P.",2,0,6,0.713,0.49162,0.00223575390237835
"unbalanced n, larger n with smaller SD","moderate ordered effect: 0, 0.25, 0.50, 0.75 SD","0.000, 0.404, 0.807, 1.211","2.2, 1.7, 1.3, 1.0","10, 16, 24, 30",20,"F.P.",3,0.5,1,0.60308,0.37566,0.00216582346649029
"unbalanced n, larger n with smaller SD","moderate ordered effect: 0, 0.25, 0.50, 0.75 SD","0.000, 0.404, 0.807, 1.211","2.2, 1.7, 1.3, 1.0","10, 16, 24, 30",20,"F.P.",4,1,1.6,0.68912,0.42204,0.00220872016516353
"unbalanced n, larger n with smaller SD","moderate ordered effect: 0, 0.25, 0.50, 0.75 SD","0.000, 0.404, 0.807, 1.211","2.2, 1.7, 1.3, 1.0","10, 16, 24, 30",20,"F.P.",5,2,6.6,0.8813,0.59148,0.00219832395064968
"unbalanced n, larger n with smaller SD","moderate ordered effect: 0, 0.25, 0.50, 0.75 SD","0.000, 0.404, 0.807, 1.211","2.2, 1.7, 1.3, 1.0","15, 24, 36, 45",30,"normal",1,0,0,0.68254,0.44614,0.00222305690615423
"unbalanced n, larger n with smaller SD","moderate ordered effect: 0, 0.25, 0.50, 0.75 SD","0.000, 0.404, 0.807, 1.211","2.2, 1.7, 1.3, 1.0","15, 24, 36, 45",30,"F.P.",2,0,6,0.8833,0.70094,0.00204755032367949
"unbalanced n, larger n with smaller SD","moderate ordered effect: 0, 0.25, 0.50, 0.75 SD","0.000, 0.404, 0.807, 1.211","2.2, 1.7, 1.3, 1.0","15, 24, 36, 45",30,"F.P.",3,0.5,1,0.78866,0.55178,0.00222404510565771
"unbalanced n, larger n with smaller SD","moderate ordered effect: 0, 0.25, 0.50, 0.75 SD","0.000, 0.404, 0.807, 1.211","2.2, 1.7, 1.3, 1.0","15, 24, 36, 45",30,"F.P.",4,1,1.6,0.8632,0.6197,0.00217104541638354
"unbalanced n, larger n with smaller SD","moderate ordered effect: 0, 0.25, 0.50, 0.75 SD","0.000, 0.404, 0.807, 1.211","2.2, 1.7, 1.3, 1.0","15, 24, 36, 45",30,"F.P.",5,2,6.6,0.97494,0.8111,0.00175052443570491
"unbalanced n, larger n with smaller SD","moderate ordered effect: 0, 0.25, 0.50, 0.75 SD","0.000, 0.404, 0.807, 1.211","2.2, 1.7, 1.3, 1.0","25, 40, 60, 75",50,"normal",1,0,0,0.89292,0.70664,0.00203617244063463
"unbalanced n, larger n with smaller SD","moderate ordered effect: 0, 0.25, 0.50, 0.75 SD","0.000, 0.404, 0.807, 1.211","2.2, 1.7, 1.3, 1.0","25, 40, 60, 75",50,"F.P.",2,0,6,0.98632,0.9265,0.00116702827729237
"unbalanced n, larger n with smaller SD","moderate ordered effect: 0, 0.25, 0.50, 0.75 SD","0.000, 0.404, 0.807, 1.211","2.2, 1.7, 1.3, 1.0","25, 40, 60, 75",50,"F.P.",3,0.5,1,0.95358,0.8213,0.00171327937009701
"unbalanced n, larger n with smaller SD","moderate ordered effect: 0, 0.25, 0.50, 0.75 SD","0.000, 0.404, 0.807, 1.211","2.2, 1.7, 1.3, 1.0","25, 40, 60, 75",50,"F.P.",4,1,1.6,0.9799,0.87778,0.00146480218186621
"unbalanced n, larger n with smaller SD","moderate ordered effect: 0, 0.25, 0.50, 0.75 SD","0.000, 0.404, 0.807, 1.211","2.2, 1.7, 1.3, 1.0","25, 40, 60, 75",50,"F.P.",5,2,6.6,0.99896,0.97668,0.000674924849149889
"unbalanced n, larger n with smaller SD","moderate ordered effect: 0, 0.25, 0.50, 0.75 SD","0.000, 0.404, 0.807, 1.211","2.2, 1.7, 1.3, 1.0","50, 80, 120, 150",100,"normal",1,0,0,0.99636,0.96962,0.000767555282699559
"unbalanced n, larger n with smaller SD","moderate ordered effect: 0, 0.25, 0.50, 0.75 SD","0.000, 0.404, 0.807, 1.211","2.2, 1.7, 1.3, 1.0","50, 80, 120, 150",100,"F.P.",2,0,6,0.99998,0.9993,0.000118280175853778
"unbalanced n, larger n with smaller SD","moderate ordered effect: 0, 0.25, 0.50, 0.75 SD","0.000, 0.404, 0.807, 1.211","2.2, 1.7, 1.3, 1.0","50, 80, 120, 150",100,"F.P.",3,0.5,1,0.99952,0.99238,0.000388894216979372
"unbalanced n, larger n with smaller SD","moderate ordered effect: 0, 0.25, 0.50, 0.75 SD","0.000, 0.404, 0.807, 1.211","2.2, 1.7, 1.3, 1.0","50, 80, 120, 150",100,"F.P.",4,1,1.6,0.99994,0.99772,0.000213297988738757
"unbalanced n, larger n with smaller SD","moderate ordered effect: 0, 0.25, 0.50, 0.75 SD","0.000, 0.404, 0.807, 1.211","2.2, 1.7, 1.3, 1.0","50, 80, 120, 150",100,"F.P.",5,2,6.6,1,0.99998,1.999979999901e-05
"unbalanced n, larger n with smaller SD","moderate ordered effect: 0, 0.25, 0.50, 0.75 SD","0.000, 0.404, 0.807, 1.211","2.2, 1.7, 1.3, 1.0","100, 160, 240, 300",200,"normal",1,0,0,1,0.99996,2.82837055563941e-05
"unbalanced n, larger n with smaller SD","moderate ordered effect: 0, 0.25, 0.50, 0.75 SD","0.000, 0.404, 0.807, 1.211","2.2, 1.7, 1.3, 1.0","100, 160, 240, 300",200,"F.P.",2,0,6,1,1,0
"unbalanced n, larger n with smaller SD","moderate ordered effect: 0, 0.25, 0.50, 0.75 SD","0.000, 0.404, 0.807, 1.211","2.2, 1.7, 1.3, 1.0","100, 160, 240, 300",200,"F.P.",3,0.5,1,1,1,0
"unbalanced n, larger n with smaller SD","moderate ordered effect: 0, 0.25, 0.50, 0.75 SD","0.000, 0.404, 0.807, 1.211","2.2, 1.7, 1.3, 1.0","100, 160, 240, 300",200,"F.P.",4,1,1.6,1,1,0
"unbalanced n, larger n with smaller SD","moderate ordered effect: 0, 0.25, 0.50, 0.75 SD","0.000, 0.404, 0.807, 1.211","2.2, 1.7, 1.3, 1.0","100, 160, 240, 300",200,"F.P.",5,2,6.6,1,1,0
