"design","n_per_group","n_vector","multipliers","sd_per_group","shifts","panel","distribution","skew","excess_kurtosis","omega_sq","eta_h_sq","ps_kw_power","ps_kw_mc_se","ps_ats_power","ps_ats_mc_se"
"balanced",10,"10, 10, 10, 10","1, 1, 1, 1","1, 1, 1, 1","0, 0.25, 0.5, 0.75",1,"normal",0,0,0.072463768115942,0.0746925557092579,0.23162,0.00188664875162283,0.24102,0.00191274336804497
"balanced",10,"10, 10, 10, 10","1, 1, 1, 1","1, 1, 1, 1","0, 0.25, 0.5, 0.75",2,"F.P.",0,6,0.072463768115942,0.0896314900814934,0.35638,0.00214183704142028,0.36722,0.00215578046934283
"balanced",10,"10, 10, 10, 10","1, 1, 1, 1","1, 1, 1, 1","0, 0.25, 0.5, 0.75",3,"F.P.",0.5,1,0.072463768115942,0.0848558494720799,0.25488,0.0019489288627346,0.26458,0.00197270080650868
"balanced",10,"10, 10, 10, 10","1, 1, 1, 1","1, 1, 1, 1","0, 0.25, 0.5, 0.75",4,"F.P.",1,1.6,0.072463768115942,0.0917700532155156,0.276,0.00199911980631477,0.28608,0.00202108007560314
"balanced",10,"10, 10, 10, 10","1, 1, 1, 1","1, 1, 1, 1","0, 0.25, 0.5, 0.75",5,"F.P.",2,6.6,0.072463768115942,0.137344509062164,0.42766,0.00221254118334552,0.43402,0.002216513657075
"balanced",20,"20, 20, 20, 20","1, 1, 1, 1","1, 1, 1, 1","0, 0.25, 0.5, 0.75",1,"normal",0,0,0.072463768115942,0.0606068180321082,0.48358,0.00223486189103488,0.48982,0.00223560447127841
"balanced",20,"20, 20, 20, 20","1, 1, 1, 1","1, 1, 1, 1","0, 0.25, 0.5, 0.75",2,"F.P.",0,6,0.072463768115942,0.12849388303879,0.69436,0.00206021450533676,0.69874,0.00205184021015283
"balanced",20,"20, 20, 20, 20","1, 1, 1, 1","1, 1, 1, 1","0, 0.25, 0.5, 0.75",3,"F.P.",0.5,1,0.072463768115942,0.0889324838142015,0.52768,0.00223263887630759,0.5335,0.00223104347783722
"balanced",20,"20, 20, 20, 20","1, 1, 1, 1","1, 1, 1, 1","0, 0.25, 0.5, 0.75",4,"F.P.",1,1.6,0.072463768115942,0.0988134160973404,0.56752,0.00221558592521256,0.57276,0.00221226572725792
"balanced",20,"20, 20, 20, 20","1, 1, 1, 1","1, 1, 1, 1","0, 0.25, 0.5, 0.75",5,"F.P.",2,6.6,0.072463768115942,0.129335877656071,0.7835,0.00184188897602434,0.7824,0.00184526550935089
"balanced",30,"30, 30, 30, 30","1, 1, 1, 1","1, 1, 1, 1","0, 0.25, 0.5, 0.75",1,"normal",0,0,0.072463768115942,0.0509277591139213,0.68778,0.00207238351469992,0.69142,0.00206571238849942
"balanced",30,"30, 30, 30, 30","1, 1, 1, 1","1, 1, 1, 1","0, 0.25, 0.5, 0.75",2,"F.P.",0,6,0.072463768115942,0.0774262569871829,0.87792,0.00146407973553355,0.88,0.0014532721699668
"balanced",30,"30, 30, 30, 30","1, 1, 1, 1","1, 1, 1, 1","0, 0.25, 0.5, 0.75",3,"F.P.",0.5,1,0.072463768115942,0.051124876253929,0.73188,0.0019810687297517,0.73502,0.00197365447634585
"balanced",30,"30, 30, 30, 30","1, 1, 1, 1","1, 1, 1, 1","0, 0.25, 0.5, 0.75",4,"F.P.",1,1.6,0.072463768115942,0.0920417059548684,0.7739,0.00187071531773277,0.77572,0.00186536045631937
"balanced",30,"30, 30, 30, 30","1, 1, 1, 1","1, 1, 1, 1","0, 0.25, 0.5, 0.75",5,"F.P.",2,6.6,0.072463768115942,0.149672374748273,0.93618,0.00109313318127299,0.93442,0.00110706154842448
"balanced",50,"50, 50, 50, 50","1, 1, 1, 1","1, 1, 1, 1","0, 0.25, 0.5, 0.75",1,"normal",0,0,0.072463768115942,0.0849997480379426,0.9084,0.0012900344181455,0.90964,0.00128214718655855
"balanced",50,"50, 50, 50, 50","1, 1, 1, 1","1, 1, 1, 1","0, 0.25, 0.5, 0.75",2,"F.P.",0,6,0.072463768115942,0.111266059463987,0.98604,0.000524692641457834,0.98638,0.000518353076580046
"balanced",50,"50, 50, 50, 50","1, 1, 1, 1","1, 1, 1, 1","0, 0.25, 0.5, 0.75",3,"F.P.",0.5,1,0.072463768115942,0.0764873282611559,0.93464,0.00110533316606352,0.93542,0.0010991762697584
"balanced",50,"50, 50, 50, 50","1, 1, 1, 1","1, 1, 1, 1","0, 0.25, 0.5, 0.75",4,"F.P.",1,1.6,0.072463768115942,0.0913881671936465,0.95464,0.00093061775611687,0.95464,0.00093061775611687
"balanced",50,"50, 50, 50, 50","1, 1, 1, 1","1, 1, 1, 1","0, 0.25, 0.5, 0.75",5,"F.P.",2,6.6,0.072463768115942,0.124976703978695,0.99674,0.000254926357993835,0.99654,0.000262603442475533
"balanced",100,"100, 100, 100, 100","1, 1, 1, 1","1, 1, 1, 1","0, 0.25, 0.5, 0.75",1,"normal",0,0,0.072463768115942,0.0936067850958911,0.99792,0.000203748550915091,0.99794,0.000202768656354968
"balanced",100,"100, 100, 100, 100","1, 1, 1, 1","1, 1, 1, 1","0, 0.25, 0.5, 0.75",2,"F.P.",0,6,0.072463768115942,0.130665681168012,0.99994,3.46399769052894e-05,0.99994,3.46399769052894e-05
"balanced",100,"100, 100, 100, 100","1, 1, 1, 1","1, 1, 1, 1","0, 0.25, 0.5, 0.75",3,"F.P.",0.5,1,0.072463768115942,0.0768981087553881,0.9993,0.000118280175853778,0.9993,0.000118280175853778
"balanced",100,"100, 100, 100, 100","1, 1, 1, 1","1, 1, 1, 1","0, 0.25, 0.5, 0.75",4,"F.P.",1,1.6,0.072463768115942,0.0701412535524066,0.99966,8.24480927614468e-05,0.99966,8.24480927614468e-05
"balanced",100,"100, 100, 100, 100","1, 1, 1, 1","1, 1, 1, 1","0, 0.25, 0.5, 0.75",5,"F.P.",2,6.6,0.072463768115942,0.102196586161143,1,0,1,0
"balanced",200,"200, 200, 200, 200","1, 1, 1, 1","1, 1, 1, 1","0, 0.25, 0.5, 0.75",1,"normal",0,0,0.072463768115942,0.0554836227015225,1,0,1,0
"balanced",200,"200, 200, 200, 200","1, 1, 1, 1","1, 1, 1, 1","0, 0.25, 0.5, 0.75",2,"F.P.",0,6,0.072463768115942,0.0936793689891398,1,0,1,0
"balanced",200,"200, 200, 200, 200","1, 1, 1, 1","1, 1, 1, 1","0, 0.25, 0.5, 0.75",3,"F.P.",0.5,1,0.072463768115942,0.075200816818173,1,0,1,0
"balanced",200,"200, 200, 200, 200","1, 1, 1, 1","1, 1, 1, 1","0, 0.25, 0.5, 0.75",4,"F.P.",1,1.6,0.072463768115942,0.073265219590461,1,0,1,0
"balanced",200,"200, 200, 200, 200","1, 1, 1, 1","1, 1, 1, 1","0, 0.25, 0.5, 0.75",5,"F.P.",2,6.6,0.072463768115942,0.125431398095346,1,0,1,0
"unbalanced, ascending",10,"5, 8, 12, 15","0.5, 0.8, 1.2, 1.5","1, 1, 1, 1","0, 0.25, 0.5, 0.75",1,"normal",0,0,0.0626487495880781,0.0648929026276042,0.2495,0.00193519895617996,0.18732,0.00174488519736973
"unbalanced, ascending",10,"5, 8, 12, 15","0.5, 0.8, 1.2, 1.5","1, 1, 1, 1","0, 0.25, 0.5, 0.75",2,"F.P.",0,6,0.0626487495880781,0.0797169468695695,0.36994,0.0021590942378692,0.28796,0.00202503846086932
"unbalanced, ascending",10,"5, 8, 12, 15","0.5, 0.8, 1.2, 1.5","1, 1, 1, 1","0, 0.25, 0.5, 0.75",3,"F.P.",0.5,1,0.0626487495880781,0.0630743738099836,0.2877,0.00202449356630245,0.20616,0.00180918796370084
"unbalanced, ascending",10,"5, 8, 12, 15","0.5, 0.8, 1.2, 1.5","1, 1, 1, 1","0, 0.25, 0.5, 0.75",4,"F.P.",1,1.6,0.0626487495880781,0.0682982593797637,0.31684,0.0020806365103016,0.20702,0.00181197527356198
"unbalanced, ascending",10,"5, 8, 12, 15","0.5, 0.8, 1.2, 1.5","1, 1, 1, 1","0, 0.25, 0.5, 0.75",5,"F.P.",2,6.6,0.0626487495880781,0.0961484233648736,0.49994,0.0022360679614001,0.28282,0.0020141144336904
"unbalanced, ascending",20,"10, 16, 24, 30","0.5, 0.8, 1.2, 1.5","1, 1, 1, 1","0, 0.25, 0.5, 0.75",1,"normal",0,0,0.0626487495880781,0.0699082819783218,0.48768,0.00223538908291152,0.37616,0.00216639633677681
"unbalanced, ascending",20,"10, 16, 24, 30","0.5, 0.8, 1.2, 1.5","1, 1, 1, 1","0, 0.25, 0.5, 0.75",2,"F.P.",0,6,0.0626487495880781,0.0853532192701174,0.68594,0.0020756989974464,0.55718,0.00222139797244888
"unbalanced, ascending",20,"10, 16, 24, 30","0.5, 0.8, 1.2, 1.5","1, 1, 1, 1","0, 0.25, 0.5, 0.75",3,"F.P.",0.5,1,0.0626487495880781,0.0723556265252605,0.5443,0.0022272741636359,0.40388,0.00219436070690304
"unbalanced, ascending",20,"10, 16, 24, 30","0.5, 0.8, 1.2, 1.5","1, 1, 1, 1","0, 0.25, 0.5, 0.75",4,"F.P.",1,1.6,0.0626487495880781,0.0516410799216905,0.58992,0.00219961084558155,0.4101,0.00219962719568567
"unbalanced, ascending",20,"10, 16, 24, 30","0.5, 0.8, 1.2, 1.5","1, 1, 1, 1","0, 0.25, 0.5, 0.75",5,"F.P.",2,6.6,0.0626487495880781,0.140512209279073,0.79502,0.00180534317845666,0.55454,0.00222272530196603
"unbalanced, ascending",30,"15, 24, 36, 45","0.5, 0.8, 1.2, 1.5","1, 1, 1, 1","0, 0.25, 0.5, 0.75",1,"normal",0,0,0.0626487495880781,0.0461149435928082,0.68064,0.00208503808310544,0.55978,0.00222002861062645
"unbalanced, ascending",30,"15, 24, 36, 45","0.5, 0.8, 1.2, 1.5","1, 1, 1, 1","0, 0.25, 0.5, 0.75",2,"F.P.",0,6,0.0626487495880781,0.0675415361078961,0.8649,0.0015287118106432,0.7692,0.00188431080238903
"unbalanced, ascending",30,"15, 24, 36, 45","0.5, 0.8, 1.2, 1.5","1, 1, 1, 1","0, 0.25, 0.5, 0.75",3,"F.P.",0.5,1,0.0626487495880781,0.0773335642789479,0.73124,0.00198256431118892,0.58886,0.00220047222386469
"unbalanced, ascending",30,"15, 24, 36, 45","0.5, 0.8, 1.2, 1.5","1, 1, 1, 1","0, 0.25, 0.5, 0.75",4,"F.P.",1,1.6,0.0626487495880781,0.0671301368146911,0.77254,0.00187468369812083,0.60216,0.00218889622595499
"unbalanced, ascending",30,"15, 24, 36, 45","0.5, 0.8, 1.2, 1.5","1, 1, 1, 1","0, 0.25, 0.5, 0.75",5,"F.P.",2,6.6,0.0626487495880781,0.147165766586522,0.93172,0.00112798795738252,0.77398,0.00187048100551703
"unbalanced, ascending",50,"25, 40, 60, 75","0.5, 0.8, 1.2, 1.5","1, 1, 1, 1","0, 0.25, 0.5, 0.75",1,"normal",0,0,0.0626487495880781,0.0583686624543597,0.8935,0.00137954883929493,0.81744,0.00172761017825203
"unbalanced, ascending",50,"25, 40, 60, 75","0.5, 0.8, 1.2, 1.5","1, 1, 1, 1","0, 0.25, 0.5, 0.75",2,"F.P.",0,6,0.0626487495880781,0.121615756509608,0.98144,0.000603581417871691,0.95422,0.000934710560548024
"unbalanced, ascending",50,"25, 40, 60, 75","0.5, 0.8, 1.2, 1.5","1, 1, 1, 1","0, 0.25, 0.5, 0.75",3,"F.P.",0.5,1,0.0626487495880781,0.0855883657421788,0.92436,0.00118252771975967,0.84306,0.00162671347446316
"unbalanced, ascending",50,"25, 40, 60, 75","0.5, 0.8, 1.2, 1.5","1, 1, 1, 1","0, 0.25, 0.5, 0.75",4,"F.P.",1,1.6,0.0626487495880781,0.0716430326668454,0.94204,0.00104499414735203,0.85416,0.00157842132778292
"unbalanced, ascending",50,"25, 40, 60, 75","0.5, 0.8, 1.2, 1.5","1, 1, 1, 1","0, 0.25, 0.5, 0.75",5,"F.P.",2,6.6,0.0626487495880781,0.0972941829740149,0.99462,0.000327140813717887,0.95922,0.000884499763708279
"unbalanced, ascending",100,"50, 80, 120, 150","0.5, 0.8, 1.2, 1.5","1, 1, 1, 1","0, 0.25, 0.5, 0.75",1,"normal",0,0,0.0626487495880781,0.0332579964526912,0.99662,0.000259560228078188,0.98962,0.000453260534350829
"unbalanced, ascending",100,"50, 80, 120, 150","0.5, 0.8, 1.2, 1.5","1, 1, 1, 1","0, 0.25, 0.5, 0.75",2,"F.P.",0,6,0.0626487495880781,0.11247670908577,0.99994,3.46399769052894e-05,0.9998,6.32392283317844e-05
"unbalanced, ascending",100,"50, 80, 120, 150","0.5, 0.8, 1.2, 1.5","1, 1, 1, 1","0, 0.25, 0.5, 0.75",3,"F.P.",0.5,1,0.0626487495880781,0.0685111224133309,0.99824,0.000187451455049033,0.99326,0.000365911803581135
"unbalanced, ascending",100,"50, 80, 120, 150","0.5, 0.8, 1.2, 1.5","1, 1, 1, 1","0, 0.25, 0.5, 0.75",4,"F.P.",1,1.6,0.0626487495880781,0.0842286455000505,0.99922,0.000124851239481232,0.99496,0.000316689071488109
"unbalanced, ascending",100,"50, 80, 120, 150","0.5, 0.8, 1.2, 1.5","1, 1, 1, 1","0, 0.25, 0.5, 0.75",5,"F.P.",2,6.6,0.0626487495880781,0.131031728545584,1,0,0.99986,5.29113220398109e-05
"unbalanced, ascending",200,"100, 160, 240, 300","0.5, 0.8, 1.2, 1.5","1, 1, 1, 1","0, 0.25, 0.5, 0.75",1,"normal",0,0,0.0626487495880781,0.0595090497842674,1,0,1,0
"unbalanced, ascending",200,"100, 160, 240, 300","0.5, 0.8, 1.2, 1.5","1, 1, 1, 1","0, 0.25, 0.5, 0.75",2,"F.P.",0,6,0.0626487495880781,0.0812340943363822,1,0,1,0
"unbalanced, ascending",200,"100, 160, 240, 300","0.5, 0.8, 1.2, 1.5","1, 1, 1, 1","0, 0.25, 0.5, 0.75",3,"F.P.",0.5,1,0.0626487495880781,0.0328497983440925,1,0,1,0
"unbalanced, ascending",200,"100, 160, 240, 300","0.5, 0.8, 1.2, 1.5","1, 1, 1, 1","0, 0.25, 0.5, 0.75",4,"F.P.",1,1.6,0.0626487495880781,0.103810040801699,1,0,1,0
"unbalanced, ascending",200,"100, 160, 240, 300","0.5, 0.8, 1.2, 1.5","1, 1, 1, 1","0, 0.25, 0.5, 0.75",5,"F.P.",2,6.6,0.0626487495880781,0.125889361621622,1,0,1,0
"unbalanced, descending",10,"15, 12, 8, 5","1.5, 1.2, 0.8, 0.5","1, 1, 1, 1","0, 0.25, 0.5, 0.75",1,"normal",0,0,0.0626487495880781,0.0506206401859489,0.25046,0.00193767793195877,0.18986,0.00175392805097587
"unbalanced, descending",10,"15, 12, 8, 5","1.5, 1.2, 0.8, 0.5","1, 1, 1, 1","0, 0.25, 0.5, 0.75",2,"F.P.",0,6,0.0626487495880781,0.117447176307568,0.36898,0.00215793308329985,0.28918,0.00202758441303932
"unbalanced, descending",10,"15, 12, 8, 5","1.5, 1.2, 0.8, 0.5","1, 1, 1, 1","0, 0.25, 0.5, 0.75",3,"F.P.",0.5,1,0.0626487495880781,0.0739395861564376,0.26212,0.00196678979863126,0.20924,0.00181911309379049
"unbalanced, descending",10,"15, 12, 8, 5","1.5, 1.2, 0.8, 0.5","1, 1, 1, 1","0, 0.25, 0.5, 0.75",4,"F.P.",1,1.6,0.0626487495880781,0.0585650484103574,0.2669,0.00197820317460063,0.22842,0.0018774679949336
"unbalanced, descending",10,"15, 12, 8, 5","1.5, 1.2, 0.8, 0.5","1, 1, 1, 1","0, 0.25, 0.5, 0.75",5,"F.P.",2,6.6,0.0626487495880781,0.0960255188924491,0.37414,0.00216406682151915,0.37674,0.00216705778603156
"unbalanced, descending",20,"30, 24, 16, 10","1.5, 1.2, 0.8, 0.5","1, 1, 1, 1","0, 0.25, 0.5, 0.75",1,"normal",0,0,0.0626487495880781,0.0960166111848258,0.49008,0.00223562784738426,0.37666,0.00216696674824511
"unbalanced, descending",20,"30, 24, 16, 10","1.5, 1.2, 0.8, 0.5","1, 1, 1, 1","0, 0.25, 0.5, 0.75",2,"F.P.",0,6,0.0626487495880781,0.0662336887503997,0.68278,0.00208130474270348,0.55516,0.00222241928717333
"unbalanced, descending",20,"30, 24, 16, 10","1.5, 1.2, 0.8, 0.5","1, 1, 1, 1","0, 0.25, 0.5, 0.75",3,"F.P.",0.5,1,0.0626487495880781,0.0875838331992361,0.5184,0.0022345533781944,0.42222,0.00220884708207698
"unbalanced, descending",20,"30, 24, 16, 10","1.5, 1.2, 0.8, 0.5","1, 1, 1, 1","0, 0.25, 0.5, 0.75",4,"F.P.",1,1.6,0.0626487495880781,0.0541908624642412,0.53872,0.00222935309720107,0.47582,0.00223345171248451
"unbalanced, descending",20,"30, 24, 16, 10","1.5, 1.2, 0.8, 0.5","1, 1, 1, 1","0, 0.25, 0.5, 0.75",5,"F.P.",2,6.6,0.0626487495880781,0.144786992096091,0.73608,0.00197112269328928,0.7526,0.00192973179483575
"unbalanced, descending",30,"45, 36, 24, 15","1.5, 1.2, 0.8, 0.5","1, 1, 1, 1","0, 0.25, 0.5, 0.75",1,"normal",0,0,0.0626487495880781,0.0647264721802674,0.67784,0.00208984657044483,0.55718,0.00222139797244888
"unbalanced, descending",30,"45, 36, 24, 15","1.5, 1.2, 0.8, 0.5","1, 1, 1, 1","0, 0.25, 0.5, 0.75",2,"F.P.",0,6,0.0626487495880781,0.063242864054981,0.86766,0.00151542815336129,0.76878,0.00188550954174197
"unbalanced, descending",30,"45, 36, 24, 15","1.5, 1.2, 0.8, 0.5","1, 1, 1, 1","0, 0.25, 0.5, 0.75",3,"F.P.",0.5,1,0.0626487495880781,0.0740371714906461,0.71728,0.00201389871443427,0.62368,0.00216657913587295
"unbalanced, descending",30,"45, 36, 24, 15","1.5, 1.2, 0.8, 0.5","1, 1, 1, 1","0, 0.25, 0.5, 0.75",4,"F.P.",1,1.6,0.0626487495880781,0.0555864092230813,0.74856,0.00194019548705794,0.69148,0.00206560116963561
"unbalanced, descending",30,"45, 36, 24, 15","1.5, 1.2, 0.8, 0.5","1, 1, 1, 1","0, 0.25, 0.5, 0.75",5,"F.P.",2,6.6,0.0626487495880781,0.095451740139916,0.91294,0.0012607978140844,0.92368,0.00118739426981942
"unbalanced, descending",50,"75, 60, 40, 25","1.5, 1.2, 0.8, 0.5","1, 1, 1, 1","0, 0.25, 0.5, 0.75",1,"normal",0,0,0.0626487495880781,0.064806388067444,0.89376,0.00137806431199709,0.81454,0.00173818634444066
"unbalanced, descending",50,"75, 60, 40, 25","1.5, 1.2, 0.8, 0.5","1, 1, 1, 1","0, 0.25, 0.5, 0.75",2,"F.P.",0,6,0.0626487495880781,0.0575467537045399,0.98046,0.000619002235860259,0.95294,0.000947051808508911
"unbalanced, descending",50,"75, 60, 40, 25","1.5, 1.2, 0.8, 0.5","1, 1, 1, 1","0, 0.25, 0.5, 0.75",3,"F.P.",0.5,1,0.0626487495880781,0.0672699850885199,0.92108,0.00120574983806758,0.8681,0.00151329038852429
"unbalanced, descending",50,"75, 60, 40, 25","1.5, 1.2, 0.8, 0.5","1, 1, 1, 1","0, 0.25, 0.5, 0.75",4,"F.P.",1,1.6,0.0626487495880781,0.0825803291680785,0.93836,0.00107555111826449,0.91336,0.00125804221232835
"unbalanced, descending",50,"75, 60, 40, 25","1.5, 1.2, 0.8, 0.5","1, 1, 1, 1","0, 0.25, 0.5, 0.75",5,"F.P.",2,6.6,0.0626487495880781,0.105493496842044,0.99434,0.000335498566315864,0.9955,0.000299324238911584
"unbalanced, descending",100,"150, 120, 80, 50","1.5, 1.2, 0.8, 0.5","1, 1, 1, 1","0, 0.25, 0.5, 0.75",1,"normal",0,0,0.0626487495880781,0.0566518535346051,0.99614,0.000277312112970205,0.98944,0.000457132068444121
"unbalanced, descending",100,"150, 120, 80, 50","1.5, 1.2, 0.8, 0.5","1, 1, 1, 1","0, 0.25, 0.5, 0.75",2,"F.P.",0,6,0.0626487495880781,0.112664616818487,0.99992,3.9998399967991e-05,0.99964,8.48375388610522e-05
"unbalanced, descending",100,"150, 120, 80, 50","1.5, 1.2, 0.8, 0.5","1, 1, 1, 1","0, 0.25, 0.5, 0.75",3,"F.P.",0.5,1,0.0626487495880781,0.0715880933322198,0.99848,0.000174223396821435,0.99582,0.000288531717493934
"unbalanced, descending",100,"150, 120, 80, 50","1.5, 1.2, 0.8, 0.5","1, 1, 1, 1","0, 0.25, 0.5, 0.75",4,"F.P.",1,1.6,0.0626487495880781,0.0349468924679577,0.99942,0.000107672057656574,0.99872,0.000159897567211008
"unbalanced, descending",100,"150, 120, 80, 50","1.5, 1.2, 0.8, 0.5","1, 1, 1, 1","0, 0.25, 0.5, 0.75",5,"F.P.",2,6.6,0.0626487495880781,0.118993296234999,1,0,1,0
"unbalanced, descending",200,"300, 240, 160, 100","1.5, 1.2, 0.8, 0.5","1, 1, 1, 1","0, 0.25, 0.5, 0.75",1,"normal",0,0,0.0626487495880781,0.0753783018655231,1,0,1,0
"unbalanced, descending",200,"300, 240, 160, 100","1.5, 1.2, 0.8, 0.5","1, 1, 1, 1","0, 0.25, 0.5, 0.75",2,"F.P.",0,6,0.0626487495880781,0.0800678165229236,1,0,1,0
"unbalanced, descending",200,"300, 240, 160, 100","1.5, 1.2, 0.8, 0.5","1, 1, 1, 1","0, 0.25, 0.5, 0.75",3,"F.P.",0.5,1,0.0626487495880781,0.0787454725347244,1,0,1,0
"unbalanced, descending",200,"300, 240, 160, 100","1.5, 1.2, 0.8, 0.5","1, 1, 1, 1","0, 0.25, 0.5, 0.75",4,"F.P.",1,1.6,0.0626487495880781,0.0733232578995951,1,0,1,0
"unbalanced, descending",200,"300, 240, 160, 100","1.5, 1.2, 0.8, 0.5","1, 1, 1, 1","0, 0.25, 0.5, 0.75",5,"F.P.",2,6.6,0.0626487495880781,0.152181911204352,1,0,1,0
