"design","mean_n_per_group","n_per_group","sd_per_group","distribution","panel","skew","excess_kurtosis","rank_null_true","rank_rejection","ps_kw_rejection","ps_kw_mc_se","ps_ats_rejection","ps_ats_mc_se"
"balanced n, equal SD",10,"10, 10, 10, 10","1.0, 1.0, 1.0, 1.0","normal",1,0,0,TRUE,0.0449,0.04536,0.000930617756116871,0.048,0.000955991631762538
"balanced n, equal SD",10,"10, 10, 10, 10","1.0, 1.0, 1.0, 1.0","F.P.",2,0,6,TRUE,0.04298,0.04536,0.000930617756116871,0.04878,0.000963332877047181
"balanced n, equal SD",10,"10, 10, 10, 10","1.0, 1.0, 1.0, 1.0","F.P.",3,0.5,1,FALSE,0.04556,0.04552,0.000932179484863296,0.04848,0.000960517460538849
"balanced n, equal SD",10,"10, 10, 10, 10","1.0, 1.0, 1.0, 1.0","F.P.",4,1,1.6,FALSE,0.04446,0.04512,0.00092826920233303,0.04828,0.000958634879398825
"balanced n, equal SD",10,"10, 10, 10, 10","1.0, 1.0, 1.0, 1.0","F.P.",5,2,6.6,FALSE,0.04476,0.04586,0.000935487684579546,0.04918,0.000967071120445647
"balanced n, unequal SD",10,"10, 10, 10, 10","1.0, 1.3, 1.7, 2.2","normal",1,0,0,TRUE,0.05168,0.05252,0.00099761364866365,0.053,0.00100190817942564
"balanced n, unequal SD",10,"10, 10, 10, 10","1.0, 1.3, 1.7, 2.2","F.P.",2,0,6,TRUE,0.04906,0.0483,0.00095882334139298,0.04996,0.000974309995843212
"balanced n, unequal SD",10,"10, 10, 10, 10","1.0, 1.3, 1.7, 2.2","F.P.",3,0.5,1,FALSE,0.05218,0.05104,0.000984224754819752,0.05238,0.000996356719252698
"balanced n, unequal SD",10,"10, 10, 10, 10","1.0, 1.3, 1.7, 2.2","F.P.",4,1,1.6,FALSE,0.06056,0.06224,0.00108042753019349,0.06292,0.00108591964343592
"balanced n, unequal SD",10,"10, 10, 10, 10","1.0, 1.3, 1.7, 2.2","F.P.",5,2,6.6,FALSE,0.09282,0.0926,0.00129634285588343,0.09188,0.00129180544665209
"unbalanced n, equal SD",10,"5, 8, 12, 15","1.0, 1.0, 1.0, 1.0","normal",1,0,0,TRUE,0.04332,0.05526,0.00102182515529811,0.05432,0.00101360088397752
"unbalanced n, equal SD",10,"5, 8, 12, 15","1.0, 1.0, 1.0, 1.0","F.P.",2,0,6,TRUE,0.04344,0.0562,0.00102996660140026,0.05648,0.00103237599352174
"unbalanced n, equal SD",10,"5, 8, 12, 15","1.0, 1.0, 1.0, 1.0","F.P.",3,0.5,1,FALSE,0.0438,0.05446,0.0010148311031891,0.05448,0.00101500669554442
"unbalanced n, equal SD",10,"5, 8, 12, 15","1.0, 1.0, 1.0, 1.0","F.P.",4,1,1.6,FALSE,0.04402,0.0542,0.00101254491258413,0.0549,0.00101868532923568
"unbalanced n, equal SD",10,"5, 8, 12, 15","1.0, 1.0, 1.0, 1.0","F.P.",5,2,6.6,FALSE,0.04302,0.05488,0.00101851053602798,0.05502,0.00101973329454323
"unbalanced n, larger n with larger SD",10,"5, 8, 12, 15","1.0, 1.3, 1.7, 2.2","normal",1,0,0,TRUE,0.02866,0.0319,0.000785905719536383,0.04316,0.000908814771006722
"unbalanced n, larger n with larger SD",10,"5, 8, 12, 15","1.0, 1.3, 1.7, 2.2","F.P.",2,0,6,TRUE,0.0306,0.0351,0.000823018711816445,0.045,0.000927092228421747
"unbalanced n, larger n with larger SD",10,"5, 8, 12, 15","1.0, 1.3, 1.7, 2.2","F.P.",3,0.5,1,FALSE,0.02968,0.03274,0.000795840340771942,0.04524,0.000929444375958024
"unbalanced n, larger n with larger SD",10,"5, 8, 12, 15","1.0, 1.3, 1.7, 2.2","F.P.",4,1,1.6,FALSE,0.03332,0.0379,0.000853974121387762,0.0494,0.000969119600462193
"unbalanced n, larger n with larger SD",10,"5, 8, 12, 15","1.0, 1.3, 1.7, 2.2","F.P.",5,2,6.6,FALSE,0.05332,0.05826,0.0010475282564208,0.0755,0.00118152232310693
"unbalanced n, larger n with smaller SD",10,"5, 8, 12, 15","2.2, 1.7, 1.3, 1.0","normal",1,0,0,TRUE,0.07828,0.10974,0.00139783498596937,0.07164,0.00115332311517632
"unbalanced n, larger n with smaller SD",10,"5, 8, 12, 15","2.2, 1.7, 1.3, 1.0","F.P.",2,0,6,TRUE,0.0693,0.09668,0.00132161248178125,0.0668,0.00111658192713298
"unbalanced n, larger n with smaller SD",10,"5, 8, 12, 15","2.2, 1.7, 1.3, 1.0","F.P.",3,0.5,1,FALSE,0.08124,0.10982,0.00139828157107215,0.07156,0.00115272864456471
"unbalanced n, larger n with smaller SD",10,"5, 8, 12, 15","2.2, 1.7, 1.3, 1.0","F.P.",4,1,1.6,FALSE,0.09146,0.12714,0.00148980146596787,0.0769,0.00119152331072455
"unbalanced n, larger n with smaller SD",10,"5, 8, 12, 15","2.2, 1.7, 1.3, 1.0","F.P.",5,2,6.6,FALSE,0.12664,0.1819,0.00172518051229429,0.0948,0.00131006076194961
"balanced n, equal SD",20,"20, 20, 20, 20","1.0, 1.0, 1.0, 1.0","normal",1,0,0,TRUE,0.04774,0.04872,0.00096277060196082,0.0507,0.000981116812617132
"balanced n, equal SD",20,"20, 20, 20, 20","1.0, 1.0, 1.0, 1.0","F.P.",2,0,6,TRUE,0.04694,0.04708,0.000947243090236081,0.04874,0.000962958071776752
"balanced n, equal SD",20,"20, 20, 20, 20","1.0, 1.0, 1.0, 1.0","F.P.",3,0.5,1,FALSE,0.0463,0.04952,0.00097023470974811,0.0514,0.000987502303794781
"balanced n, equal SD",20,"20, 20, 20, 20","1.0, 1.0, 1.0, 1.0","F.P.",4,1,1.6,FALSE,0.04878,0.04598,0.000936651905459013,0.04748,0.000951058879355006
"balanced n, equal SD",20,"20, 20, 20, 20","1.0, 1.0, 1.0, 1.0","F.P.",5,2,6.6,FALSE,0.04804,0.04746,0.000950868533499768,0.04906,0.000965951514311148
"balanced n, unequal SD",20,"20, 20, 20, 20","1.0, 1.3, 1.7, 2.2","normal",1,0,0,TRUE,0.05596,0.05186,0.000991670715509942,0.05076,0.000981666159139654
"balanced n, unequal SD",20,"20, 20, 20, 20","1.0, 1.3, 1.7, 2.2","F.P.",2,0,6,TRUE,0.05274,0.05182,0.000991309110217393,0.05172,0.000990404378019403
"balanced n, unequal SD",20,"20, 20, 20, 20","1.0, 1.3, 1.7, 2.2","F.P.",3,0.5,1,FALSE,0.05796,0.05878,0.0010519021969746,0.0574,0.0010402426639972
"balanced n, unequal SD",20,"20, 20, 20, 20","1.0, 1.3, 1.7, 2.2","F.P.",4,1,1.6,FALSE,0.07494,0.07196,0.00115569683221855,0.0703,0.00114331019412931
"balanced n, unequal SD",20,"20, 20, 20, 20","1.0, 1.3, 1.7, 2.2","F.P.",5,2,6.6,FALSE,0.1425,0.14812,0.00158858720629369,0.14294,0.00156529969271063
"unbalanced n, equal SD",20,"10, 16, 24, 30","1.0, 1.0, 1.0, 1.0","normal",1,0,0,TRUE,0.04506,0.05896,0.00105341082584147,0.05048,0.000979099275865323
"unbalanced n, equal SD",20,"10, 16, 24, 30","1.0, 1.0, 1.0, 1.0","F.P.",2,0,6,TRUE,0.04672,0.05782,0.00104380886756149,0.0501,0.000975602275520101
"unbalanced n, equal SD",20,"10, 16, 24, 30","1.0, 1.0, 1.0, 1.0","F.P.",3,0.5,1,FALSE,0.04946,0.05792,0.00104465567150138,0.04972,0.000972089724253888
"unbalanced n, equal SD",20,"10, 16, 24, 30","1.0, 1.0, 1.0, 1.0","F.P.",4,1,1.6,FALSE,0.04658,0.05754,0.00104143313179484,0.049,0.000965391112451321
"unbalanced n, equal SD",20,"10, 16, 24, 30","1.0, 1.0, 1.0, 1.0","F.P.",5,2,6.6,FALSE,0.04756,0.0586,0.00105039078442264,0.05054,0.000979650023222579
"unbalanced n, larger n with larger SD",20,"10, 16, 24, 30","1.0, 1.3, 1.7, 2.2","normal",1,0,0,TRUE,0.03028,0.03438,0.000814837598543415,0.04566,0.000933543404454233
"unbalanced n, larger n with larger SD",20,"10, 16, 24, 30","1.0, 1.3, 1.7, 2.2","F.P.",2,0,6,TRUE,0.03218,0.03768,0.000851589309467891,0.04722,0.000948580746167663
"unbalanced n, larger n with larger SD",20,"10, 16, 24, 30","1.0, 1.3, 1.7, 2.2","F.P.",3,0.5,1,FALSE,0.03388,0.03722,0.000846577481391987,0.048,0.000955991631762538
"unbalanced n, larger n with larger SD",20,"10, 16, 24, 30","1.0, 1.3, 1.7, 2.2","F.P.",4,1,1.6,FALSE,0.04448,0.04702,0.000946669103752732,0.06102,0.00107048175696739
"unbalanced n, larger n with larger SD",20,"10, 16, 24, 30","1.0, 1.3, 1.7, 2.2","F.P.",5,2,6.6,FALSE,0.09462,0.0973,0.00132538832045556,0.12698,0.00148900019879112
"unbalanced n, larger n with smaller SD",20,"10, 16, 24, 30","2.2, 1.7, 1.3, 1.0","normal",1,0,0,TRUE,0.0818,0.11482,0.00142573747653627,0.06002,0.00106223914068349
"unbalanced n, larger n with smaller SD",20,"10, 16, 24, 30","2.2, 1.7, 1.3, 1.0","F.P.",2,0,6,TRUE,0.07566,0.10216,0.00135442485505841,0.05742,0.00104041283729104
"unbalanced n, larger n with smaller SD",20,"10, 16, 24, 30","2.2, 1.7, 1.3, 1.0","F.P.",3,0.5,1,FALSE,0.08448,0.11962,0.00145128257482821,0.06304,0.00108688507580149
"unbalanced n, larger n with smaller SD",20,"10, 16, 24, 30","2.2, 1.7, 1.3, 1.0","F.P.",4,1,1.6,FALSE,0.10294,0.14736,0.00158521311122511,0.07328,0.00116541873676374
"unbalanced n, larger n with smaller SD",20,"10, 16, 24, 30","2.2, 1.7, 1.3, 1.0","F.P.",5,2,6.6,FALSE,0.17992,0.24954,0.00193530250038592,0.11258,0.00141354691184976
"balanced n, equal SD",30,"30, 30, 30, 30","1.0, 1.0, 1.0, 1.0","normal",1,0,0,TRUE,0.04664,0.0465,0.000941676696111781,0.04778,0.000953908502949837
"balanced n, equal SD",30,"30, 30, 30, 30","1.0, 1.0, 1.0, 1.0","F.P.",2,0,6,TRUE,0.0483,0.04964,0.000971348242393015,0.05066,0.000980750369869928
"balanced n, equal SD",30,"30, 30, 30, 30","1.0, 1.0, 1.0, 1.0","F.P.",3,0.5,1,FALSE,0.0504,0.04894,0.000964830310469152,0.05044,0.000978731897916891
"balanced n, equal SD",30,"30, 30, 30, 30","1.0, 1.0, 1.0, 1.0","F.P.",4,1,1.6,FALSE,0.04884,0.04926,0.000967816639658567,0.05018,0.000976339772825014
"balanced n, equal SD",30,"30, 30, 30, 30","1.0, 1.0, 1.0, 1.0","F.P.",5,2,6.6,FALSE,0.0481,0.04888,0.000964269107666527,0.04998,0.000974494736773883
"balanced n, unequal SD",30,"30, 30, 30, 30","1.0, 1.3, 1.7, 2.2","normal",1,0,0,TRUE,0.05614,0.05396,0.00101042880402332,0.05216,0.000994377537960306
"balanced n, unequal SD",30,"30, 30, 30, 30","1.0, 1.3, 1.7, 2.2","F.P.",2,0,6,TRUE,0.05288,0.05212,0.000994017158805621,0.05112,0.000984954268989175
"balanced n, unequal SD",30,"30, 30, 30, 30","1.0, 1.3, 1.7, 2.2","F.P.",3,0.5,1,FALSE,0.05992,0.05962,0.00105891884108273,0.0578,0.00104363940132596
"balanced n, unequal SD",30,"30, 30, 30, 30","1.0, 1.3, 1.7, 2.2","F.P.",4,1,1.6,FALSE,0.08522,0.0844,0.00124319459458284,0.0813,0.00122221364744467
"balanced n, unequal SD",30,"30, 30, 30, 30","1.0, 1.3, 1.7, 2.2","F.P.",5,2,6.6,FALSE,0.19822,0.20172,0.00179459767970428,0.193,0.00176494192539018
"unbalanced n, equal SD",30,"15, 24, 36, 45","1.0, 1.0, 1.0, 1.0","normal",1,0,0,TRUE,0.04854,0.05954,0.00105825316819748,0.04972,0.000972089724253888
"unbalanced n, equal SD",30,"15, 24, 36, 45","1.0, 1.0, 1.0, 1.0","F.P.",2,0,6,TRUE,0.04812,0.06192,0.00107783035399825,0.05078,0.000981849190049063
"unbalanced n, equal SD",30,"15, 24, 36, 45","1.0, 1.0, 1.0, 1.0","F.P.",3,0.5,1,FALSE,0.04798,0.0583,0.00104786554481002,0.04814,0.000957314372607035
"unbalanced n, equal SD",30,"15, 24, 36, 45","1.0, 1.0, 1.0, 1.0","F.P.",4,1,1.6,FALSE,0.04692,0.06002,0.00106223914068349,0.05102,0.000984042271449758
"unbalanced n, equal SD",30,"15, 24, 36, 45","1.0, 1.0, 1.0, 1.0","F.P.",5,2,6.6,FALSE,0.0475,0.05946,0.0010575869552902,0.04956,0.000970606062210617
"unbalanced n, larger n with larger SD",30,"15, 24, 36, 45","1.0, 1.3, 1.7, 2.2","normal",1,0,0,TRUE,0.0302,0.03388,0.000809100063032997,0.0431,0.000908211319022176
"unbalanced n, larger n with larger SD",30,"15, 24, 36, 45","1.0, 1.3, 1.7, 2.2","F.P.",2,0,6,TRUE,0.03388,0.03692,0.000843290146983824,0.04408,0.000918008209113622
"unbalanced n, larger n with larger SD",30,"15, 24, 36, 45","1.0, 1.3, 1.7, 2.2","F.P.",3,0.5,1,FALSE,0.036,0.03918,0.000867697269789412,0.04994,0.000974125211664291
"unbalanced n, larger n with larger SD",30,"15, 24, 36, 45","1.0, 1.3, 1.7, 2.2","F.P.",4,1,1.6,FALSE,0.05288,0.05802,0.00104550159827711,0.07332,0.00116571160755995
"unbalanced n, larger n with larger SD",30,"15, 24, 36, 45","1.0, 1.3, 1.7, 2.2","F.P.",5,2,6.6,FALSE,0.13808,0.14084,0.0015556612381878,0.18434,0.00173412089774618
"unbalanced n, larger n with smaller SD",30,"15, 24, 36, 45","2.2, 1.7, 1.3, 1.0","normal",1,0,0,TRUE,0.08354,0.11624,0.00143337547348906,0.05742,0.00104041283729104
"unbalanced n, larger n with smaller SD",30,"15, 24, 36, 45","2.2, 1.7, 1.3, 1.0","F.P.",2,0,6,TRUE,0.07586,0.1063,0.00137840712418356,0.05892,0.00105307581493452
"unbalanced n, larger n with smaller SD",30,"15, 24, 36, 45","2.2, 1.7, 1.3, 1.0","F.P.",3,0.5,1,FALSE,0.08684,0.12342,0.00147096909280923,0.06316,0.00108784938663401
"unbalanced n, larger n with smaller SD",30,"15, 24, 36, 45","2.2, 1.7, 1.3, 1.0","F.P.",4,1,1.6,FALSE,0.11542,0.1629,0.00165144536694376,0.0776,0.00119648017116875
"unbalanced n, larger n with smaller SD",30,"15, 24, 36, 45","2.2, 1.7, 1.3, 1.0","F.P.",5,2,6.6,FALSE,0.22934,0.30992,0.00206818564737308,0.1373,0.00153914723142395
"balanced n, equal SD",50,"50, 50, 50, 50","1.0, 1.0, 1.0, 1.0","normal",1,0,0,TRUE,0.0509,0.04968,0.000971719070513695,0.05036,0.000977996629851044
"balanced n, equal SD",50,"50, 50, 50, 50","1.0, 1.0, 1.0, 1.0","F.P.",2,0,6,TRUE,0.04798,0.0504,0.000978364349309601,0.05124,0.000986047284870254
"balanced n, equal SD",50,"50, 50, 50, 50","1.0, 1.0, 1.0, 1.0","F.P.",3,0.5,1,FALSE,0.04654,0.04936,0.000968747546061408,0.05024,0.000976892444437974
"balanced n, equal SD",50,"50, 50, 50, 50","1.0, 1.0, 1.0, 1.0","F.P.",4,1,1.6,FALSE,0.05094,0.0506,0.000980200387675908,0.0514,0.000987502303794781
"balanced n, equal SD",50,"50, 50, 50, 50","1.0, 1.0, 1.0, 1.0","F.P.",5,2,6.6,FALSE,0.05074,0.05052,0.000979466483346929,0.0514,0.000987502303794781
"balanced n, unequal SD",50,"50, 50, 50, 50","1.0, 1.3, 1.7, 2.2","normal",1,0,0,TRUE,0.05534,0.05434,0.00101377674465338,0.05168,0.000990042197080508
"balanced n, unequal SD",50,"50, 50, 50, 50","1.0, 1.3, 1.7, 2.2","F.P.",2,0,6,TRUE,0.05234,0.05228,0.000995457699754239,0.05098,0.000983677178753274
"balanced n, unequal SD",50,"50, 50, 50, 50","1.0, 1.3, 1.7, 2.2","F.P.",3,0.5,1,FALSE,0.06312,0.0647,0.00110012644727777,0.06214,0.00107961678756863
"balanced n, unequal SD",50,"50, 50, 50, 50","1.0, 1.3, 1.7, 2.2","F.P.",4,1,1.6,FALSE,0.10868,0.107,0.0013823964699029,0.10202,0.00135360200649969
"balanced n, unequal SD",50,"50, 50, 50, 50","1.0, 1.3, 1.7, 2.2","F.P.",5,2,6.6,FALSE,0.32144,0.31578,0.00207876401546688,0.30266,0.00205454094337397
"unbalanced n, equal SD",50,"25, 40, 60, 75","1.0, 1.0, 1.0, 1.0","normal",1,0,0,TRUE,0.0478,0.0603,0.00106455540015539,0.0501,0.000975602275520101
"unbalanced n, equal SD",50,"25, 40, 60, 75","1.0, 1.0, 1.0, 1.0","F.P.",2,0,6,TRUE,0.04926,0.061,0.00107031770984133,0.0501,0.000975602275520101
"unbalanced n, equal SD",50,"25, 40, 60, 75","1.0, 1.0, 1.0, 1.0","F.P.",3,0.5,1,FALSE,0.0491,0.06012,0.0010630671248797,0.04956,0.000970606062210617
"unbalanced n, equal SD",50,"25, 40, 60, 75","1.0, 1.0, 1.0, 1.0","F.P.",4,1,1.6,FALSE,0.0489,0.06156,0.00107489875244136,0.04876,0.000963145496796824
"unbalanced n, equal SD",50,"25, 40, 60, 75","1.0, 1.0, 1.0, 1.0","F.P.",5,2,6.6,FALSE,0.05086,0.06178,0.00107669152128175,0.04988,0.000973570599391744
"unbalanced n, larger n with larger SD",50,"25, 40, 60, 75","1.0, 1.3, 1.7, 2.2","normal",1,0,0,TRUE,0.03232,0.03598,0.000832891824908853,0.046,0.000936845771725528
"unbalanced n, larger n with larger SD",50,"25, 40, 60, 75","1.0, 1.3, 1.7, 2.2","F.P.",2,0,6,TRUE,0.03576,0.03712,0.000845483359978184,0.04566,0.000933543404454233
"unbalanced n, larger n with larger SD",50,"25, 40, 60, 75","1.0, 1.3, 1.7, 2.2","F.P.",3,0.5,1,FALSE,0.03812,0.04252,0.000902353030692533,0.0528,0.00100012159260762
"unbalanced n, larger n with larger SD",50,"25, 40, 60, 75","1.0, 1.3, 1.7, 2.2","F.P.",4,1,1.6,FALSE,0.07,0.07312,0.00116424624199522,0.0933,0.00130073140963075
"unbalanced n, larger n with larger SD",50,"25, 40, 60, 75","1.0, 1.3, 1.7, 2.2","F.P.",5,2,6.6,FALSE,0.2356,0.2426,0.001917004121018,0.3046,0.00205824604943141
"unbalanced n, larger n with smaller SD",50,"25, 40, 60, 75","2.2, 1.7, 1.3, 1.0","normal",1,0,0,TRUE,0.08426,0.11792,0.00144232363635905,0.05742,0.00104041283729104
"unbalanced n, larger n with smaller SD",50,"25, 40, 60, 75","2.2, 1.7, 1.3, 1.0","F.P.",2,0,6,TRUE,0.07662,0.10548,0.00137371008295055,0.0574,0.0010402426639972
"unbalanced n, larger n with smaller SD",50,"25, 40, 60, 75","2.2, 1.7, 1.3, 1.0","F.P.",3,0.5,1,FALSE,0.09298,0.13012,0.00150458489690678,0.06386,0.00109345233458071
"unbalanced n, larger n with smaller SD",50,"25, 40, 60, 75","2.2, 1.7, 1.3, 1.0","F.P.",4,1,1.6,FALSE,0.13782,0.19282,0.00176431543438241,0.08896,0.00127315449494553
"unbalanced n, larger n with smaller SD",50,"25, 40, 60, 75","2.2, 1.7, 1.3, 1.0","F.P.",5,2,6.6,FALSE,0.32892,0.42554,0.00221113413613919,0.20168,0.0017944646978974
"balanced n, equal SD",100,"100, 100, 100, 100","1.0, 1.0, 1.0, 1.0","normal",1,0,0,TRUE,0.0496,0.04974,0.000972274985793628,0.05028,0.00097726067760859
"balanced n, equal SD",100,"100, 100, 100, 100","1.0, 1.0, 1.0, 1.0","F.P.",2,0,6,TRUE,0.05068,0.04994,0.000974125211664291,0.0504,0.000978364349309601
"balanced n, equal SD",100,"100, 100, 100, 100","1.0, 1.0, 1.0, 1.0","F.P.",3,0.5,1,FALSE,0.0492,0.05084,0.000982398029313984,0.0512,0.000985683113378737
"balanced n, equal SD",100,"100, 100, 100, 100","1.0, 1.0, 1.0, 1.0","F.P.",4,1,1.6,FALSE,0.04964,0.04976,0.000972460203812989,0.05012,0.000975786714400232
"balanced n, equal SD",100,"100, 100, 100, 100","1.0, 1.0, 1.0, 1.0","F.P.",5,2,6.6,FALSE,0.04862,0.05174,0.000990585406716655,0.052,0.000992935043192655
"balanced n, unequal SD",100,"100, 100, 100, 100","1.0, 1.3, 1.7, 2.2","normal",1,0,0,TRUE,0.0528,0.05674,0.00103460690506105,0.0533,0.00100458060901055
"balanced n, unequal SD",100,"100, 100, 100, 100","1.0, 1.3, 1.7, 2.2","F.P.",2,0,6,TRUE,0.05366,0.0538,0.00100901496520121,0.052,0.000992935043192655
"balanced n, unequal SD",100,"100, 100, 100, 100","1.0, 1.3, 1.7, 2.2","F.P.",3,0.5,1,FALSE,0.0751,0.07612,0.00118596581400983,0.07274,0.00116145505638402
"balanced n, unequal SD",100,"100, 100, 100, 100","1.0, 1.3, 1.7, 2.2","F.P.",4,1,1.6,FALSE,0.169,0.171,0.00168379927544823,0.1633,0.00165307658624759
"balanced n, unequal SD",100,"100, 100, 100, 100","1.0, 1.3, 1.7, 2.2","F.P.",5,2,6.6,FALSE,0.588,0.58808,0.00220109933260632,0.57226,0.00221259346650034
"unbalanced n, equal SD",100,"50, 80, 120, 150","1.0, 1.0, 1.0, 1.0","normal",1,0,0,TRUE,0.04938,0.0633,0.00108897300242017,0.05144,0.000987865642686292
"unbalanced n, equal SD",100,"50, 80, 120, 150","1.0, 1.0, 1.0, 1.0","F.P.",2,0,6,TRUE,0.04932,0.0598,0.00106041463588542,0.0485,0.000960705469954241
"unbalanced n, equal SD",100,"50, 80, 120, 150","1.0, 1.0, 1.0, 1.0","F.P.",3,0.5,1,FALSE,0.04852,0.05996,0.00106174194981643,0.04864,0.000962020274214634
"unbalanced n, equal SD",100,"50, 80, 120, 150","1.0, 1.0, 1.0, 1.0","F.P.",4,1,1.6,FALSE,0.04844,0.06006,0.00106257043437129,0.0494,0.000969119600462193
"unbalanced n, equal SD",100,"50, 80, 120, 150","1.0, 1.0, 1.0, 1.0","F.P.",5,2,6.6,FALSE,0.04982,0.06158,0.0010750618921718,0.04896,0.000965017288964296
"unbalanced n, larger n with larger SD",100,"50, 80, 120, 150","1.0, 1.3, 1.7, 2.2","normal",1,0,0,TRUE,0.0319,0.03266,0.000794900300666694,0.04286,0.000905792695929924
"unbalanced n, larger n with larger SD",100,"50, 80, 120, 150","1.0, 1.3, 1.7, 2.2","F.P.",2,0,6,TRUE,0.03456,0.03774,0.000852240487186569,0.04554,0.000932374478415191
"unbalanced n, larger n with larger SD",100,"50, 80, 120, 150","1.0, 1.3, 1.7, 2.2","F.P.",3,0.5,1,FALSE,0.04628,0.04948,0.000969863182103538,0.0626,0.00108333965126363
"unbalanced n, larger n with larger SD",100,"50, 80, 120, 150","1.0, 1.3, 1.7, 2.2","F.P.",4,1,1.6,FALSE,0.11446,0.12112,0.00145910894452745,0.15216,0.00160628350175179
"unbalanced n, larger n with larger SD",100,"50, 80, 120, 150","1.0, 1.3, 1.7, 2.2","F.P.",5,2,6.6,FALSE,0.49806,0.50244,0.00223604135203265,0.58828,0.0022009390795749
"unbalanced n, larger n with smaller SD",100,"50, 80, 120, 150","2.2, 1.7, 1.3, 1.0","normal",1,0,0,TRUE,0.08332,0.12026,0.00145463076002125,0.05792,0.00104465567150138
"unbalanced n, larger n with smaller SD",100,"50, 80, 120, 150","2.2, 1.7, 1.3, 1.0","F.P.",2,0,6,TRUE,0.07846,0.10742,0.00138478116393891,0.05714,0.001038027171128
"unbalanced n, larger n with smaller SD",100,"50, 80, 120, 150","2.2, 1.7, 1.3, 1.0","F.P.",3,0.5,1,FALSE,0.10216,0.14564,0.00157752331456622,0.06964,0.00113833448862801
"unbalanced n, larger n with smaller SD",100,"50, 80, 120, 150","2.2, 1.7, 1.3, 1.0","F.P.",4,1,1.6,FALSE,0.19272,0.2632,0.0019693946277981,0.12546,0.00148134930654454
"unbalanced n, larger n with smaller SD",100,"50, 80, 120, 150","2.2, 1.7, 1.3, 1.0","F.P.",5,2,6.6,FALSE,0.56014,0.65846,0.0021208037551834,0.3719,0.00216143651306255
"balanced n, equal SD",200,"200, 200, 200, 200","1.0, 1.0, 1.0, 1.0","normal",1,0,0,TRUE,0.05062,0.0503,0.000977444729895251,0.0505,0.000979282900902492
"balanced n, equal SD",200,"200, 200, 200, 200","1.0, 1.0, 1.0, 1.0","F.P.",2,0,6,TRUE,0.05004,0.04984,0.000973200641183513,0.05002,0.000974864088988819
"balanced n, equal SD",200,"200, 200, 200, 200","1.0, 1.0, 1.0, 1.0","F.P.",3,0.5,1,FALSE,0.05012,0.04922,0.000967443968403339,0.04946,0.000969677352525055
"balanced n, equal SD",200,"200, 200, 200, 200","1.0, 1.0, 1.0, 1.0","F.P.",4,1,1.6,FALSE,0.04966,0.05058,0.000980016975363182,0.05072,0.000981299970447365
"balanced n, equal SD",200,"200, 200, 200, 200","1.0, 1.0, 1.0, 1.0","F.P.",5,2,6.6,FALSE,0.05048,0.0509,0.000982946488879227,0.05102,0.000984042271449758
"balanced n, unequal SD",200,"200, 200, 200, 200","1.0, 1.3, 1.7, 2.2","normal",1,0,0,TRUE,0.05524,0.05562,0.00102495283403677,0.0525,0.000997434208356621
"balanced n, unequal SD",200,"200, 200, 200, 200","1.0, 1.3, 1.7, 2.2","F.P.",2,0,6,TRUE,0.05214,0.05432,0.00101360088397752,0.05244,0.000996895645491543
"balanced n, unequal SD",200,"200, 200, 200, 200","1.0, 1.3, 1.7, 2.2","F.P.",3,0.5,1,FALSE,0.09722,0.09646,0.0013202686726572,0.09206,0.00129294204355802
"balanced n, unequal SD",200,"200, 200, 200, 200","1.0, 1.3, 1.7, 2.2","F.P.",4,1,1.6,FALSE,0.3068,0.3073,0.00206333085083319,0.2967,0.00204288575304641
"balanced n, unequal SD",200,"200, 200, 200, 200","1.0, 1.3, 1.7, 2.2","F.P.",5,2,6.6,FALSE,0.89454,0.89354,0.00137932061827553,0.88602,0.00142118654370213
"unbalanced n, equal SD",200,"100, 160, 240, 300","1.0, 1.0, 1.0, 1.0","normal",1,0,0,TRUE,0.04892,0.06064,0.00106735926847524,0.04932,0.000968375315670531
"unbalanced n, equal SD",200,"100, 160, 240, 300","1.0, 1.0, 1.0, 1.0","F.P.",2,0,6,TRUE,0.05084,0.05974,0.00105991634009482,0.0483,0.00095882334139298
"unbalanced n, equal SD",200,"100, 160, 240, 300","1.0, 1.0, 1.0, 1.0","F.P.",3,0.5,1,FALSE,0.05164,0.06196,0.00107815544704834,0.04898,0.000965204222949734
"unbalanced n, equal SD",200,"100, 160, 240, 300","1.0, 1.0, 1.0, 1.0","F.P.",4,1,1.6,FALSE,0.05122,0.06228,0.00108075160513413,0.04936,0.000968747546061408
"unbalanced n, equal SD",200,"100, 160, 240, 300","1.0, 1.0, 1.0, 1.0","F.P.",5,2,6.6,FALSE,0.05024,0.0641,0.00109536468812903,0.0504,0.000978364349309601
"unbalanced n, larger n with larger SD",200,"100, 160, 240, 300","1.0, 1.3, 1.7, 2.2","normal",1,0,0,TRUE,0.03322,0.03508,0.000822792727240585,0.04452,0.000922366191921625
"unbalanced n, larger n with larger SD",200,"100, 160, 240, 300","1.0, 1.3, 1.7, 2.2","F.P.",2,0,6,TRUE,0.03488,0.03776,0.000852457417118298,0.04654,0.000942061870579634
"unbalanced n, larger n with larger SD",200,"100, 160, 240, 300","1.0, 1.3, 1.7, 2.2","F.P.",3,0.5,1,FALSE,0.06076,0.06832,0.00112829408932246,0.08306,0.00123418828709399
"unbalanced n, larger n with larger SD",200,"100, 160, 240, 300","1.0, 1.3, 1.7, 2.2","F.P.",4,1,1.6,FALSE,0.22914,0.23808,0.00190471999831996,0.28574,0.00202035963333264
"unbalanced n, larger n with larger SD",200,"100, 160, 240, 300","1.0, 1.3, 1.7, 2.2","F.P.",5,2,6.6,FALSE,0.85042,0.8533,0.00158227121568965,0.90284,0.00132453715991663
"unbalanced n, larger n with smaller SD",200,"100, 160, 240, 300","2.2, 1.7, 1.3, 1.0","normal",1,0,0,TRUE,0.08502,0.12002,0.00145337675500883,0.05728,0.00103922087738844
"unbalanced n, larger n with smaller SD",200,"100, 160, 240, 300","2.2, 1.7, 1.3, 1.0","F.P.",2,0,6,TRUE,0.07762,0.10734,0.00138432744970256,0.05538,0.00102286905906866
"unbalanced n, larger n with smaller SD",200,"100, 160, 240, 300","2.2, 1.7, 1.3, 1.0","F.P.",3,0.5,1,FALSE,0.12594,0.17066,0.00168246940180201,0.08156,0.00122399318952354
"unbalanced n, larger n with smaller SD",200,"100, 160, 240, 300","2.2, 1.7, 1.3, 1.0","F.P.",4,1,1.6,FALSE,0.31336,0.40132,0.00219208693988172,0.20318,0.00179943261946648
"unbalanced n, larger n with smaller SD",200,"100, 160, 240, 300","2.2, 1.7, 1.3, 1.0","F.P.",5,2,6.6,FALSE,0.85008,0.9001,0.00134104429457047,0.686,0.00207559148196364
