"alternative","n_per_group","delta","panel","skew","excess_kurtosis","group_means","fisher_power","welch_power","mean_power","rank_power","sw_power","gate_power","rank_mc_se"
"onepoint",10,0,1,0,0,"0.000, 0.000, 0.000, 0.000",0.0491000000000003,0.0497199999999998,0.0520200000000007,0.0439600000000001,0.0507599999999998,0.0530600000000004,0.000916815340185798
"onepoint",10,0,2,0,6,"0.000, 0.000, 0.000, 0.000",0.0438799999999995,0.0356800000000005,0.0428399999999994,0.0452600000000003,0.0440400000000002,0.0510800000000004,0.000929640063680565
"onepoint",10,0,3,0.5,1,"0.000, 0.000, 0.000, 0.000",0.0497400000000001,0.0495199999999996,0.0519799999999997,0.0460200000000002,0.0510000000000003,0.0552799999999994,0.000937039589345084
"onepoint",10,0,4,1,1.6,"0.000, 0.000, 0.000, 0.000",0.0490200000000006,0.0524400000000002,0.0511200000000009,0.0458800000000007,0.0538800000000003,0.0554999999999994,0.000935681843363444
"onepoint",10,0,5,2,6.6,"0.000, 0.000, 0.000, 0.000",0.04346,0.0515399999999997,0.0462800000000001,0.0447200000000001,0.0506000000000003,0.0516799999999997,0.000924338916199032
"onepoint",10,0.2,1,0,0,"0.000, 0.000, 0.000, 0.200",0.0668199999999987,0.0657600000000014,0.0695200000000018,0.0590799999999988,0.0672199999999984,0.0711599999999984,0.00105441503782902
"onepoint",10,0.2,2,0,6,"0.000, 0.000, 0.000, 0.200",0.0624400000000004,0.0556000000000005,0.0619400000000001,0.0677000000000003,0.0661000000000005,0.0749599999999997,0.00112353647025809
"onepoint",10,0.2,3,0.5,1,"0.000, 0.000, 0.000, 0.200",0.0655400000000007,0.0626799999999998,0.0675599999999997,0.0599600000000005,0.0655400000000004,0.0711400000000002,0.00106174194981644
"onepoint",10,0.2,4,1,1.6,"0.000, 0.000, 0.000, 0.200",0.06616,0.0679600000000004,0.06786,0.0631,0.0717400000000005,0.0741400000000001,0.00108736737122281
"onepoint",10,0.2,5,2,6.6,"0.000, 0.000, 0.000, 0.200",0.0628000000000011,0.073360000000001,0.0662000000000001,0.0726399999999989,0.0790000000000012,0.0799400000000011,0.00116071900475523
"onepoint",10,0.4,1,0,0,"0.000, 0.000, 0.000, 0.400",0.1209,0.115199999999999,0.12356,0.10762,0.117160000000001,0.12544,0.00138591439562478
"onepoint",10,0.4,2,0,6,"0.000, 0.000, 0.000, 0.400",0.12618,0.126979999999999,0.128899999999999,0.15276,0.149,0.15908,0.00160887776042805
"onepoint",10,0.4,3,0.5,1,"0.000, 0.000, 0.000, 0.400",0.1222,0.11698,0.125659999999999,0.11536,0.12222,0.13192,0.00142865020491371
"onepoint",10,0.4,4,1,1.6,"0.000, 0.000, 0.000, 0.400",0.121339999999999,0.12282,0.124460000000001,0.119139999999999,0.13208,0.136300000000001,0.00144876264722693
"onepoint",10,0.4,5,2,6.6,"0.000, 0.000, 0.000, 0.400",0.127480000000001,0.14772,0.1367,0.178,0.18362,0.18556,0.00171064899964896
"onepoint",10,0.6,1,0,0,"0.000, 0.000, 0.000, 0.600",0.230219999999998,0.21488,0.234260000000001,0.205259999999999,0.217240000000001,0.236360000000001,0.00180625763610842
"onepoint",10,0.6,2,0,6,"0.000, 0.000, 0.000, 0.600",0.250740000000004,0.254920000000001,0.256980000000001,0.30742,0.298519999999999,0.31096,0.00206355491131203
"onepoint",10,0.6,3,0.5,1,"0.000, 0.000, 0.000, 0.600",0.229099999999999,0.21864,0.233019999999999,0.21854,0.22824,0.243739999999999,0.0018481356465368
"onepoint",10,0.6,4,1,1.6,"0.000, 0.000, 0.000, 0.600",0.2292,0.225500000000003,0.233859999999999,0.2313,0.24494,0.25524,0.00188573757453151
"onepoint",10,0.6,5,2,6.6,"0.000, 0.000, 0.000, 0.600",0.248960000000002,0.283200000000002,0.2674,0.36024,0.365460000000001,0.366659999999999,0.0021469380168044
"onepoint",10,0.8,1,0,0,"0.000, 0.000, 0.000, 0.800",0.3829,0.35234,0.385619999999999,0.344240000000001,0.35582,0.38794,0.00212480033132528
"onepoint",10,0.8,2,0,6,"0.000, 0.000, 0.000, 0.800",0.42592,0.434720000000001,0.43518,0.510180000000001,0.494780000000001,0.511860000000001,0.00223560447127841
"onepoint",10,0.8,3,0.5,1,"0.000, 0.000, 0.000, 0.800",0.395059999999999,0.37738,0.39924,0.381299999999999,0.390100000000001,0.413560000000001,0.00217214322732181
"onepoint",10,0.8,4,1,1.6,"0.000, 0.000, 0.000, 0.800",0.39246,0.38942,0.40006,0.40534,0.42132,0.4332,0.00219562967915812
"onepoint",10,0.8,5,2,6.6,"0.000, 0.000, 0.000, 0.800",0.421299999999999,0.47772,0.45156,0.589200000000001,0.596500000000001,0.59422,0.00220019708208151
"onepoint",10,1,1,0,0,"0.000, 0.000, 0.000, 1.000",0.56976,0.52514,0.57076,0.522560000000001,0.52924,0.57318,0.0022337907081909
"onepoint",10,1,2,0,6,"0.000, 0.000, 0.000, 1.000",0.604400000000001,0.60966,0.611520000000001,0.690180000000001,0.673780000000001,0.690879999999999,0.0020680017775621
"onepoint",10,1,3,0.5,1,"0.000, 0.000, 0.000, 1.000",0.575920000000002,0.55798,0.580540000000001,0.566560000000001,0.57396,0.596820000000002,0.00221616680960617
"onepoint",10,1,4,1,1.6,"0.000, 0.000, 0.000, 1.000",0.581300000000001,0.587700000000001,0.591159999999999,0.60758,0.62744,0.63226,0.00218369660713204
"onepoint",10,1,5,2,6.6,"0.000, 0.000, 0.000, 1.000",0.606519999999998,0.689479999999999,0.641560000000001,0.78728,0.79432,0.79158,0.00183013770847988
"onepoint",10,1.2,1,0,0,"0.000, 0.000, 0.000, 1.200",0.74758,0.69788,0.746959999999999,0.699,0.700979999999999,0.74794,0.00205133614992765
"onepoint",10,1.2,2,0,6,"0.000, 0.000, 0.000, 1.200",0.76408,0.752520000000001,0.76652,0.832440000000001,0.81488,0.83328,0.0016702313995372
"onepoint",10,1.2,3,0.5,1,"0.000, 0.000, 0.000, 1.200",0.750819999999999,0.73472,0.754860000000002,0.745619999999999,0.748960000000002,0.770140000000002,0.00194766945655571
"onepoint",10,1.2,4,1,1.6,"0.000, 0.000, 0.000, 1.200",0.752259999999997,0.770919999999999,0.764199999999999,0.787820000000001,0.803779999999999,0.80228,0.00182844003237732
"onepoint",10,1.2,5,2,6.6,"0.000, 0.000, 0.000, 1.200",0.768359999999999,0.85202,0.799620000000001,0.90812,0.91268,0.91066,0.00129180544665209
"onepoint",10,1.4,1,0,0,"0.000, 0.000, 0.000, 1.400",0.87724,0.83366,0.87518,0.83822,0.83572,0.87536,0.00164685902007427
"onepoint",10,1.4,2,0,6,"0.000, 0.000, 0.000, 1.400",0.87024,0.85304,0.87078,0.91428,0.9026,0.91726,0.001251975092404
"onepoint",10,1.4,3,0.5,1,"0.000, 0.000, 0.000, 1.400",0.879039999999998,0.868280000000001,0.88148,0.87814,0.87824,0.892400000000001,0.00146294320053788
"onepoint",10,1.4,4,1,1.6,"0.000, 0.000, 0.000, 1.400",0.88168,0.9012,0.89038,0.91014,0.920939999999999,0.91682,0.00127894628816069
"onepoint",10,1.4,5,2,6.6,"0.000, 0.000, 0.000, 1.400",0.8754,0.936099999999999,0.8977,0.964879999999999,0.967299999999999,0.966080000000001,0.000823244624640825
"onepoint",10,1.6,1,0,0,"0.000, 0.000, 0.000, 1.600",0.94986,0.920640000000001,0.9477,0.925779999999999,0.922320000000001,0.94786,0.0011722746401761
"onepoint",10,1.6,2,0,6,"0.000, 0.000, 0.000, 1.600",0.93598,0.91402,0.9346,0.95928,0.95108,0.9619,0.000883876480058157
"onepoint",10,1.6,3,0.5,1,"0.000, 0.000, 0.000, 1.600",0.949859999999999,0.945,0.951420000000001,0.95068,0.95094,0.957119999999999,0.00096837531567053
"onepoint",10,1.6,4,1,1.6,"0.000, 0.000, 0.000, 1.600",0.951060000000001,0.96602,0.956619999999999,0.96852,0.97472,0.9708,0.000780884237259275
"onepoint",10,1.6,5,2,6.6,"0.000, 0.000, 0.000, 1.600",0.942820000000001,0.97942,0.955180000000001,0.98894,0.98978,0.9894,0.000467710944922174
"onepoint",20,0,1,0,0,"0.000, 0.000, 0.000, 0.000",0.0504199999999998,0.0501399999999999,0.0515600000000001,0.0475399999999997,0.0506800000000001,0.05234,0.000951629638042025
"onepoint",20,0,2,0,6,"0.000, 0.000, 0.000, 0.000",0.0467199999999998,0.0414599999999998,0.04632,0.04724,0.0493,0.0515999999999998,0.000948771652190346
"onepoint",20,0,3,0.5,1,"0.000, 0.000, 0.000, 0.000",0.0485999999999997,0.0488200000000005,0.0494200000000001,0.0465999999999998,0.0508800000000004,0.0526599999999995,0.00094263927352938
"onepoint",20,0,4,1,1.6,"0.000, 0.000, 0.000, 0.000",0.04924,0.0518200000000005,0.0502799999999995,0.0485799999999995,0.0522200000000009,0.0525600000000003,0.000961457056763323
"onepoint",20,0,5,2,6.6,"0.000, 0.000, 0.000, 0.000",0.045519999999999,0.0563799999999996,0.0493000000000003,0.0479000000000001,0.0479600000000002,0.0480000000000003,0.000955045443944948
"onepoint",20,0.2,1,0,0,"0.000, 0.000, 0.000, 0.200",0.0854799999999998,0.0842800000000003,0.0868200000000001,0.0804799999999997,0.0850199999999999,0.0878999999999998,0.00121657691577639
"onepoint",20,0.2,2,0,6,"0.000, 0.000, 0.000, 0.200",0.08568,0.0836799999999997,0.0860800000000001,0.10442,0.106320000000001,0.10898,0.00136759982158525
"onepoint",20,0.2,3,0.5,1,"0.000, 0.000, 0.000, 0.200",0.0825799999999999,0.0837799999999999,0.0838799999999995,0.0832399999999997,0.0877599999999999,0.0893199999999995,0.00123540359721024
"onepoint",20,0.2,4,1,1.6,"0.000, 0.000, 0.000, 0.200",0.0879399999999996,0.0909999999999999,0.0887800000000001,0.0895600000000007,0.0945000000000002,0.0952399999999997,0.00127702001863714
"onepoint",20,0.2,5,2,6.6,"0.000, 0.000, 0.000, 0.200",0.0839000000000001,0.0997000000000006,0.0882800000000001,0.121,0.12118,0.12118,0.00145848551586912
"onepoint",20,0.4,1,0,0,"0.000, 0.000, 0.000, 0.400",0.216580000000002,0.210039999999999,0.218399999999998,0.20114,0.21214,0.220159999999998,0.00179266673087889
"onepoint",20,0.4,2,0,6,"0.000, 0.000, 0.000, 0.400",0.22604,0.2346,0.229119999999999,0.3072,0.30496,0.307660000000001,0.00206314400854618
"onepoint",20,0.4,3,0.5,1,"0.000, 0.000, 0.000, 0.400",0.215619999999999,0.2118,0.217259999999999,0.21644,0.223580000000001,0.23014,0.00184170424552913
"onepoint",20,0.4,4,1,1.6,"0.000, 0.000, 0.000, 0.400",0.21554,0.21872,0.21914,0.232459999999999,0.239819999999999,0.240520000000001,0.001889033342215
"onepoint",20,0.4,5,2,6.6,"0.000, 0.000, 0.000, 0.400",0.226,0.25202,0.23712,0.384179999999999,0.384319999999999,0.384300000000001,0.00217525045730371
"onepoint",20,0.6,1,0,0,"0.000, 0.000, 0.000, 0.600",0.44708,0.430600000000001,0.44836,0.41564,0.432859999999999,0.44964,0.00220401175314471
"onepoint",20,0.6,2,0,6,"0.000, 0.000, 0.000, 0.600",0.472199999999999,0.484940000000001,0.476760000000001,0.618339999999999,0.608380000000001,0.611740000000001,0.00217253604987351
"onepoint",20,0.6,3,0.5,1,"0.000, 0.000, 0.000, 0.600",0.454060000000001,0.453120000000001,0.45714,0.464580000000001,0.473180000000001,0.4784,0.00223045028458381
"onepoint",20,0.6,4,1,1.6,"0.000, 0.000, 0.000, 0.600",0.456039999999999,0.46748,0.46364,0.506299999999999,0.51354,0.513180000000001,0.00223589047137824
"onepoint",20,0.6,5,2,6.6,"0.000, 0.000, 0.000, 0.600",0.472699999999999,0.53352,0.49746,0.74188,0.74198,0.74196,0.00195700825547569
"onepoint",20,0.8,1,0,0,"0.000, 0.000, 0.000, 0.800",0.718780000000002,0.69314,0.719400000000003,0.684580000000001,0.694859999999998,0.720319999999999,0.00207812523010525
"onepoint",20,0.8,2,0,6,"0.000, 0.000, 0.000, 0.800",0.7283,0.7343,0.73124,0.85934,0.84852,0.85192,0.00155482966526884
"onepoint",20,0.8,3,0.5,1,"0.000, 0.000, 0.000, 0.800",0.71796,0.72146,0.722300000000001,0.73544,0.739720000000001,0.74398,0.00197265306833209
"onepoint",20,0.8,4,1,1.6,"0.000, 0.000, 0.000, 0.800",0.7215,0.749140000000001,0.731139999999999,0.786939999999999,0.79374,0.790499999999999,0.00183120417430717
"onepoint",20,0.8,5,2,6.6,"0.000, 0.000, 0.000, 0.800",0.73162,0.81376,0.757819999999999,0.9439,0.9439,0.94388,0.001029104367885
"onepoint",20,1,1,0,0,"0.000, 0.000, 0.000, 1.000",0.901320000000001,0.885160000000001,0.90066,0.879380000000001,0.885979999999999,0.90072,0.00145650826018941
"onepoint",20,1,2,0,6,"0.000, 0.000, 0.000, 1.000",0.89396,0.88756,0.8941,0.96508,0.95866,0.96116,0.000820982260466085
"onepoint",20,1,3,0.5,1,"0.000, 0.000, 0.000, 1.000",0.90314,0.90718,0.9054,0.9148,0.91698,0.91804,0.00124852681188671
"onepoint",20,1,4,1,1.6,"0.000, 0.000, 0.000, 1.000",0.904479999999998,0.930259999999999,0.911020000000001,0.94612,0.949279999999999,0.947179999999998,0.00100972219545774
"onepoint",20,1,5,2,6.6,"0.000, 0.000, 0.000, 1.000",0.901559999999999,0.9556,0.919999999999999,0.99332,0.99334,0.99334,0.000364290477503871
"onepoint",20,1.2,1,0,0,"0.000, 0.000, 0.000, 1.200",0.9783,0.97114,0.97782,0.96996,0.97144,0.97776,0.00076338192800197
"onepoint",20,1.2,2,0,6,"0.000, 0.000, 0.000, 1.200",0.96896,0.9588,0.96808,0.99362,0.99136,0.99252,0.000356070094223035
"onepoint",20,1.2,3,0.5,1,"0.000, 0.000, 0.000, 1.200",0.97868,0.980999999999999,0.97926,0.98404,0.98394,0.98376,0.000560451218216183
"onepoint",20,1.2,4,1,1.6,"0.000, 0.000, 0.000, 1.200",0.97996,0.9894,0.98266,0.99244,0.99306,0.9924,0.00038737182138096
"onepoint",20,1.2,5,2,6.6,"0.000, 0.000, 0.000, 1.200",0.97408,0.99372,0.981019999999999,0.99936,0.99936,0.99934,0.000113100875328185
"onepoint",20,1.4,1,0,0,"0.000, 0.000, 0.000, 1.400",0.99724,0.99568,0.9971,0.99518,0.99564,0.99706,0.000309734324865673
"onepoint",20,1.4,2,0,6,"0.000, 0.000, 0.000, 1.400",0.99232,0.98606,0.99142,0.99918,0.99848,0.9989,0.000128009968361846
"onepoint",20,1.4,3,0.5,1,"0.000, 0.000, 0.000, 1.400",0.99668,0.99718,0.99684,0.99782,0.99766,0.99776,0.000208578407319644
"onepoint",20,1.4,4,1,1.6,"0.000, 0.000, 0.000, 1.400",0.99728,0.99914,0.99788,0.99936,0.9994,0.99926,0.000113100875328185
"onepoint",20,1.4,5,2,6.6,"0.000, 0.000, 0.000, 1.400",0.99498,0.99958,0.99666,0.99998,0.99998,0.99998,1.999979999901e-05
"onepoint",20,1.6,1,0,0,"0.000, 0.000, 0.000, 1.600",0.99974,0.99934,0.99972,0.9994,0.99936,0.9997,0.000109511643216605
"onepoint",20,1.6,2,0,6,"0.000, 0.000, 0.000, 1.600",0.9982,0.99496,0.99752,0.99978,0.99972,0.99976,6.63251988312132e-05
"onepoint",20,1.6,3,0.5,1,"0.000, 0.000, 0.000, 1.600",0.99976,0.99984,0.99982,0.99984,0.99986,0.99986,5.65640168304794e-05
"onepoint",20,1.6,4,1,1.6,"0.000, 0.000, 0.000, 1.600",0.99962,0.99994,0.99972,0.99992,0.99994,0.99994,3.9998399967991e-05
"onepoint",20,1.6,5,2,6.6,"0.000, 0.000, 0.000, 1.600",0.99924,0.99996,0.99948,1,1,1,0
"onepoint",50,0,1,0,0,"0.000, 0.000, 0.000, 0.000",0.0489799999999998,0.0479400000000001,0.0496600000000001,0.0479399999999998,0.0484400000000005,0.0501200000000002,0.000955424056636631
"onepoint",50,0,2,0,6,"0.000, 0.000, 0.000, 0.000",0.0473800000000006,0.044999999999999,0.0475000000000004,0.0476000000000001,0.04778,0.0478800000000004,0.00095219997899601
"onepoint",50,0,3,0.5,1,"0.000, 0.000, 0.000, 0.000",0.0513400000000001,0.0509599999999984,0.0512199999999995,0.0512199999999994,0.0534199999999993,0.0540600000000002,0.00098586521999713
"onepoint",50,0,4,1,1.6,"0.000, 0.000, 0.000, 0.000",0.0495199999999997,0.0516600000000008,0.0498999999999996,0.0495199999999998,0.0496199999999997,0.0495999999999999,0.000970234709748109
"onepoint",50,0,5,2,6.6,"0.000, 0.000, 0.000, 0.000",0.0467400000000002,0.0531400000000004,0.0485199999999997,0.0478000000000001,0.0478000000000001,0.0478000000000001,0.000954098108162888
"onepoint",50,0.2,1,0,0,"0.000, 0.000, 0.000, 0.200",0.150320000000001,0.148740000000001,0.150780000000001,0.14414,0.149899999999999,0.151900000000001,0.00157075561689271
"onepoint",50,0.2,2,0,6,"0.000, 0.000, 0.000, 0.200",0.1529,0.155680000000001,0.153240000000001,0.21396,0.21444,0.214400000000001,0.00183401809369482
"onepoint",50,0.2,3,0.5,1,"0.000, 0.000, 0.000, 0.200",0.150760000000001,0.15176,0.15214,0.155800000000001,0.159499999999999,0.1602,0.00162189000860108
"onepoint",50,0.2,4,1,1.6,"0.000, 0.000, 0.000, 0.200",0.151239999999999,0.151580000000001,0.152080000000001,0.16674,0.16674,0.166760000000001,0.00166695994193022
"onepoint",50,0.2,5,2,6.6,"0.000, 0.000, 0.000, 0.200",0.149300000000001,0.161359999999999,0.153740000000001,0.271959999999998,0.271959999999998,0.271959999999998,0.00198996360971752
"onepoint",50,0.4,1,0,0,"0.000, 0.000, 0.000, 0.400",0.50832,0.501079999999999,0.50844,0.48448,0.501400000000001,0.508300000000001,0.00223499051273154
"onepoint",50,0.4,2,0,6,"0.000, 0.000, 0.000, 0.400",0.518480000000003,0.528140000000002,0.520940000000002,0.705099999999999,0.705019999999998,0.704940000000003,0.00203928413910372
"onepoint",50,0.4,3,0.5,1,"0.000, 0.000, 0.000, 0.400",0.508779999999999,0.513320000000001,0.510939999999999,0.53164,0.536459999999999,0.537479999999999,0.00223158647782245
"onepoint",50,0.4,4,1,1.6,"0.000, 0.000, 0.000, 0.400",0.51144,0.52708,0.51644,0.579820000000001,0.579879999999999,0.579860000000002,0.00220739107364327
"onepoint",50,0.4,5,2,6.6,"0.000, 0.000, 0.000, 0.400",0.520239999999999,0.5665,0.53734,0.84378,0.84378,0.84378,0.00162367060452544
"onepoint",50,0.6,1,0,0,"0.000, 0.000, 0.000, 0.600",0.87376,0.867259999999999,0.87336,0.85382,0.867399999999999,0.87318,0.00157994561678559
"onepoint",50,0.6,2,0,6,"0.000, 0.000, 0.000, 0.600",0.8747,0.87184,0.87488,0.97096,0.97056,0.97066,0.000750955103851091
"onepoint",50,0.6,3,0.5,1,"0.000, 0.000, 0.000, 0.600",0.87962,0.885960000000001,0.88144,0.89996,0.90002,0.89954,0.00134187926729643
"onepoint",50,0.6,4,1,1.6,"0.000, 0.000, 0.000, 0.600",0.880019999999999,0.90276,0.88522,0.9332,0.9332,0.9332,0.00111658192713298
"onepoint",50,0.6,5,2,6.6,"0.000, 0.000, 0.000, 0.600",0.87842,0.9286,0.893800000000001,0.9963,0.9963,0.9963,0.00027152568939236
"onepoint",50,0.8,1,0,0,"0.000, 0.000, 0.000, 0.800",0.9895,0.98738,0.98944,0.985,0.9873,0.98918,0.000543599116997072
"onepoint",50,0.8,2,0,6,"0.000, 0.000, 0.000, 0.800",0.98614,0.98218,0.98556,0.99942,0.99938,0.99936,0.000107672057656563
"onepoint",50,0.8,3,0.5,1,"0.000, 0.000, 0.000, 0.800",0.99008,0.9919,0.99052,0.99332,0.99338,0.99326,0.000364290477503871
"onepoint",50,0.8,4,1,1.6,"0.000, 0.000, 0.000, 0.800",0.99112,0.99538,0.9923,0.9974,0.9974,0.9974,0.000227738446468748
"onepoint",50,0.8,5,2,6.6,"0.000, 0.000, 0.000, 0.800",0.9903,0.99756,0.99368,1,1,1,0
"onepoint",50,1,1,0,0,"0.000, 0.000, 0.000, 1.000",0.99976,0.99974,0.99974,0.99958,0.99974,0.99974,9.1632265059855e-05
"onepoint",50,1,2,0,6,"0.000, 0.000, 0.000, 1.000",0.99916,0.99828,0.99906,0.99998,0.99998,0.99998,1.999979999901e-05
"onepoint",50,1,3,0.5,1,"0.000, 0.000, 0.000, 1.000",0.99978,0.99978,0.99978,0.99988,0.99986,0.99986,4.89868553797871e-05
"onepoint",50,1,4,1,1.6,"0.000, 0.000, 0.000, 1.000",0.99988,0.99998,0.99992,0.99998,0.99998,0.99998,1.999979999901e-05
"onepoint",50,1,5,2,6.6,"0.000, 0.000, 0.000, 1.000",0.99976,0.99998,0.99984,1,1,1,0
"onepoint",50,1.2,1,0,0,"0.000, 0.000, 0.000, 1.200",1,1,1,1,1,1,0
"onepoint",50,1.2,2,0,6,"0.000, 0.000, 0.000, 1.200",1,0.99992,1,1,1,1,0
"onepoint",50,1.2,3,0.5,1,"0.000, 0.000, 0.000, 1.200",1,1,1,1,1,1,0
"onepoint",50,1.2,4,1,1.6,"0.000, 0.000, 0.000, 1.200",1,1,1,1,1,1,0
"onepoint",50,1.2,5,2,6.6,"0.000, 0.000, 0.000, 1.200",1,1,1,1,1,1,0
"onepoint",50,1.4,1,0,0,"0.000, 0.000, 0.000, 1.400",1,1,1,1,1,1,0
"onepoint",50,1.4,2,0,6,"0.000, 0.000, 0.000, 1.400",1,1,1,1,1,1,0
"onepoint",50,1.4,3,0.5,1,"0.000, 0.000, 0.000, 1.400",1,1,1,1,1,1,0
"onepoint",50,1.4,4,1,1.6,"0.000, 0.000, 0.000, 1.400",1,1,1,1,1,1,0
"onepoint",50,1.4,5,2,6.6,"0.000, 0.000, 0.000, 1.400",1,1,1,1,1,1,0
"onepoint",50,1.6,1,0,0,"0.000, 0.000, 0.000, 1.600",1,1,1,1,1,1,0
"onepoint",50,1.6,2,0,6,"0.000, 0.000, 0.000, 1.600",1,1,1,1,1,1,0
"onepoint",50,1.6,3,0.5,1,"0.000, 0.000, 0.000, 1.600",1,1,1,1,1,1,0
"onepoint",50,1.6,4,1,1.6,"0.000, 0.000, 0.000, 1.600",1,1,1,1,1,1,0
"onepoint",50,1.6,5,2,6.6,"0.000, 0.000, 0.000, 1.600",1,1,1,1,1,1,0
"onepoint",100,0,1,0,0,"0.000, 0.000, 0.000, 0.000",0.0504800000000007,0.0502599999999994,0.0505400000000011,0.0492600000000008,0.0505800000000021,0.0507799999999982,0.000967816639658574
"onepoint",100,0,2,0,6,"0.000, 0.000, 0.000, 0.000",0.0510199999999998,0.04868,0.0509600000000001,0.05112,0.05112,0.05112,0.000984954268989175
"onepoint",100,0,3,0.5,1,"0.000, 0.000, 0.000, 0.000",0.0493000000000002,0.0494200000000004,0.0493000000000003,0.0487799999999995,0.0494000000000003,0.0495000000000001,0.000963332877047177
"onepoint",100,0,4,1,1.6,"0.000, 0.000, 0.000, 0.000",0.0500400000000004,0.0506599999999995,0.0504200000000001,0.0496400000000011,0.0496400000000011,0.0496400000000011,0.000971348242393026
"onepoint",100,0,5,2,6.6,"0.000, 0.000, 0.000, 0.000",0.0485999999999996,0.05286,0.05076,0.0505599999999996,0.0505599999999996,0.0505599999999996,0.000979833520553361
"onepoint",100,0.2,1,0,0,"0.000, 0.000, 0.000, 0.200",0.272099999999999,0.27016,0.272740000000001,0.256339999999999,0.27032,0.27282,0.00195258702443707
"onepoint",100,0.2,2,0,6,"0.000, 0.000, 0.000, 0.200",0.274939999999999,0.280800000000001,0.275760000000001,0.412960000000001,0.412960000000001,0.412960000000001,0.00220192660368142
"onepoint",100,0.2,3,0.5,1,"0.000, 0.000, 0.000, 0.200",0.27206,0.27322,0.27298,0.28762,0.28878,0.28878,0.0020243257425622
"onepoint",100,0.2,4,1,1.6,"0.000, 0.000, 0.000, 0.200",0.276840000000001,0.27956,0.27804,0.314479999999999,0.314479999999999,0.314479999999999,0.00207645047906277
"onepoint",100,0.2,5,2,6.6,"0.000, 0.000, 0.000, 0.200",0.273580000000001,0.285639999999999,0.280960000000002,0.53432,0.53432,0.53432,0.00223079419758973
"onepoint",100,0.4,1,0,0,"0.000, 0.000, 0.000, 0.400",0.83482,0.83154,0.83478,0.813900000000001,0.8312,0.834360000000001,0.00174049872163124
"onepoint",100,0.4,2,0,6,"0.000, 0.000, 0.000, 0.400",0.837439999999999,0.838500000000001,0.837619999999999,0.96004,0.96004,0.96004,0.000875936052460447
"onepoint",100,0.4,3,0.5,1,"0.000, 0.000, 0.000, 0.400",0.83822,0.84454,0.83992,0.86368,0.86432,0.86432,0.00153451528242635
"onepoint",100,0.4,4,1,1.6,"0.000, 0.000, 0.000, 0.400",0.83692,0.85628,0.840880000000001,0.89882,0.89882,0.89882,0.00134864826845253
"onepoint",100,0.4,5,2,6.6,"0.000, 0.000, 0.000, 0.400",0.83872,0.88032,0.8502,0.9935,0.9935,0.9935,0.000359381412986264
"onepoint",100,0.6,1,0,0,"0.000, 0.000, 0.000, 0.600",0.9955,0.9952,0.99552,0.99326,0.99516,0.99548,0.000365911803581126
"onepoint",100,0.6,2,0,6,"0.000, 0.000, 0.000, 0.600",0.99466,0.99326,0.99438,0.99988,0.99988,0.99988,4.89868553797871e-05
"onepoint",100,0.6,3,0.5,1,"0.000, 0.000, 0.000, 0.600",0.99616,0.99648,0.99622,0.99766,0.99766,0.99764,0.000216079818585628
"onepoint",100,0.6,4,1,1.6,"0.000, 0.000, 0.000, 0.600",0.99636,0.99806,0.99702,0.99916,0.99916,0.99916,0.000129560364309456
"onepoint",100,0.6,5,2,6.6,"0.000, 0.000, 0.000, 0.600",0.99582,0.99898,0.99768,1,1,1,0
"onepoint",100,0.8,1,0,0,"0.000, 0.000, 0.000, 0.800",1,1,1,1,1,1,0
"onepoint",100,0.8,2,0,6,"0.000, 0.000, 0.000, 0.800",1,0.9999,0.99994,1,1,1,0
"onepoint",100,0.8,3,0.5,1,"0.000, 0.000, 0.000, 0.800",1,1,1,1,1,1,0
"onepoint",100,0.8,4,1,1.6,"0.000, 0.000, 0.000, 0.800",1,1,1,1,1,1,0
"onepoint",100,0.8,5,2,6.6,"0.000, 0.000, 0.000, 0.800",1,1,1,1,1,1,0
"onepoint",100,1,1,0,0,"0.000, 0.000, 0.000, 1.000",1,1,1,1,1,1,0
"onepoint",100,1,2,0,6,"0.000, 0.000, 0.000, 1.000",1,1,1,1,1,1,0
"onepoint",100,1,3,0.5,1,"0.000, 0.000, 0.000, 1.000",1,1,1,1,1,1,0
"onepoint",100,1,4,1,1.6,"0.000, 0.000, 0.000, 1.000",1,1,1,1,1,1,0
"onepoint",100,1,5,2,6.6,"0.000, 0.000, 0.000, 1.000",1,1,1,1,1,1,0
"onepoint",100,1.2,1,0,0,"0.000, 0.000, 0.000, 1.200",1,1,1,1,1,1,0
"onepoint",100,1.2,2,0,6,"0.000, 0.000, 0.000, 1.200",1,1,1,1,1,1,0
"onepoint",100,1.2,3,0.5,1,"0.000, 0.000, 0.000, 1.200",1,1,1,1,1,1,0
"onepoint",100,1.2,4,1,1.6,"0.000, 0.000, 0.000, 1.200",1,1,1,1,1,1,0
"onepoint",100,1.2,5,2,6.6,"0.000, 0.000, 0.000, 1.200",1,1,1,1,1,1,0
"onepoint",100,1.4,1,0,0,"0.000, 0.000, 0.000, 1.400",1,1,1,1,1,1,0
"onepoint",100,1.4,2,0,6,"0.000, 0.000, 0.000, 1.400",1,1,1,1,1,1,0
"onepoint",100,1.4,3,0.5,1,"0.000, 0.000, 0.000, 1.400",1,1,1,1,1,1,0
"onepoint",100,1.4,4,1,1.6,"0.000, 0.000, 0.000, 1.400",1,1,1,1,1,1,0
"onepoint",100,1.4,5,2,6.6,"0.000, 0.000, 0.000, 1.400",1,1,1,1,1,1,0
"onepoint",100,1.6,1,0,0,"0.000, 0.000, 0.000, 1.600",1,1,1,1,1,1,0
"onepoint",100,1.6,2,0,6,"0.000, 0.000, 0.000, 1.600",1,1,1,1,1,1,0
"onepoint",100,1.6,3,0.5,1,"0.000, 0.000, 0.000, 1.600",1,1,1,1,1,1,0
"onepoint",100,1.6,4,1,1.6,"0.000, 0.000, 0.000, 1.600",1,1,1,1,1,1,0
"onepoint",100,1.6,5,2,6.6,"0.000, 0.000, 0.000, 1.600",1,1,1,1,1,1,0
"trend",10,0,1,0,0,"0.000, 0.000, 0.000, 0.000",0.0497599999999995,0.0496400000000016,0.0523800000000005,0.0444799999999999,0.0505400000000006,0.0535200000000002,0.000921971036421426
"trend",10,0,2,0,6,"0.000, 0.000, 0.000, 0.000",0.0438200000000012,0.0352799999999998,0.0429199999999995,0.0438199999999998,0.0427200000000002,0.0507200000000001,0.00091542129754556
"trend",10,0,3,0.5,1,"0.000, 0.000, 0.000, 0.000",0.0498000000000012,0.0495000000000003,0.0511200000000016,0.04698,0.0514400000000003,0.0545599999999988,0.000946286210403597
"trend",10,0,4,1,1.6,"0.000, 0.000, 0.000, 0.000",0.0482800000000008,0.0500600000000002,0.0502799999999996,0.0451999999999999,0.0522200000000002,0.0545400000000002,0.000929052851026247
"trend",10,0,5,2,6.6,"0.000, 0.000, 0.000, 0.000",0.0426400000000006,0.0511999999999998,0.0452400000000002,0.0427,0.0485200000000001,0.0494000000000004,0.000904175978446674
"trend",10,0.2,1,0,0,"0.050, 0.100, 0.150, 0.200",0.0560200000000007,0.0560799999999994,0.0590599999999999,0.0505399999999997,0.0572800000000005,0.0606400000000004,0.000979650023222577
"trend",10,0.2,2,0,6,"0.050, 0.100, 0.150, 0.200",0.0540600000000002,0.0458800000000016,0.0534399999999997,0.056039999999999,0.0562599999999995,0.0639399999999994,0.00102858658750733
"trend",10,0.2,3,0.5,1,"0.050, 0.100, 0.150, 0.200",0.0575000000000001,0.0550200000000001,0.0595200000000005,0.0524000000000001,0.0575799999999999,0.0625200000000004,0.00099653640174356
"trend",10,0.2,4,1,1.6,"0.050, 0.100, 0.150, 0.200",0.0561400000000004,0.0594200000000003,0.0581000000000002,0.0536400000000001,0.0620600000000001,0.0645400000000001,0.0010075986343778
"trend",10,0.2,5,2,6.6,"0.050, 0.100, 0.150, 0.200",0.0509399999999997,0.061,0.0541,0.0572999999999997,0.0629200000000005,0.0640599999999998,0.00103939126415417
"trend",10,0.4,1,0,0,"0.100, 0.200, 0.300, 0.400",0.0768000000000004,0.0747799999999999,0.0794200000000004,0.0697600000000001,0.0762400000000005,0.0809599999999998,0.00113924134756425
"trend",10,0.4,2,0,6,"0.100, 0.200, 0.300, 0.400",0.0774600000000002,0.0705599999999996,0.0780800000000001,0.0865600000000006,0.0848800000000007,0.0937000000000007,0.00125751633309473
"trend",10,0.4,3,0.5,1,"0.100, 0.200, 0.300, 0.400",0.0778799999999997,0.0754999999999996,0.0807999999999998,0.0726199999999997,0.0788400000000003,0.0853599999999996,0.00116057171773225
"trend",10,0.4,4,1,1.6,"0.100, 0.200, 0.300, 0.400",0.0769000000000004,0.0795399999999998,0.0796599999999999,0.0738,0.08412,0.0876000000000001,0.0011692182003373
"trend",10,0.4,5,2,6.6,"0.100, 0.200, 0.300, 0.400",0.0772200000000006,0.0936399999999996,0.0812800000000003,0.10098,0.10622,0.106939999999999,0.00134746457912629
"trend",10,0.6,1,0,0,"0.150, 0.300, 0.450, 0.600",0.116400000000001,0.11024,0.1199,0.10252,0.11218,0.1217,0.0013565371325548
"trend",10,0.6,2,0,6,"0.150, 0.300, 0.450, 0.600",0.125159999999999,0.12134,0.12742,0.149539999999999,0.14514,0.15574,0.00159485289854581
"trend",10,0.6,3,0.5,1,"0.150, 0.300, 0.450, 0.600",0.1167,0.1128,0.1194,0.11118,0.118,0.1262,0.0014058378825455
"trend",10,0.6,4,1,1.6,"0.150, 0.300, 0.450, 0.600",0.11984,0.12236,0.123160000000001,0.119620000000001,0.130860000000001,0.136900000000001,0.00145128257482822
"trend",10,0.6,5,2,6.6,"0.150, 0.300, 0.450, 0.600",0.1263,0.14338,0.130179999999999,0.180339999999999,0.1843,0.18644,0.00171940387576625
"trend",10,0.8,1,0,0,"0.200, 0.400, 0.600, 0.800",0.17688,0.16586,0.17978,0.15708,0.167840000000001,0.1819,0.00162730374300559
"trend",10,0.8,2,0,6,"0.200, 0.400, 0.600, 0.800",0.195119999999998,0.198280000000002,0.199740000000001,0.239439999999998,0.232739999999998,0.244620000000001,0.00190844694136357
"trend",10,0.8,3,0.5,1,"0.200, 0.400, 0.600, 0.800",0.17718,0.170939999999999,0.18128,0.1693,0.1782,0.18968,0.00167712557669365
"trend",10,0.8,4,1,1.6,"0.200, 0.400, 0.600, 0.800",0.18206,0.17884,0.18482,0.18542,0.19462,0.203419999999999,0.00173804156221881
"trend",10,0.8,5,2,6.6,"0.200, 0.400, 0.600, 0.800",0.197860000000001,0.2201,0.20498,0.29452,0.296380000000001,0.299620000000001,0.00203851892117783
"trend",10,1,1,0,0,"0.250, 0.500, 0.750, 1.000",0.25874,0.239200000000002,0.261900000000002,0.233600000000001,0.242039999999999,0.26416,0.00189225283722869
"trend",10,1,2,0,6,"0.250, 0.500, 0.750, 1.000",0.28638,0.296900000000001,0.29354,0.3573,0.34572,0.35854,0.00214306654119745
"trend",10,1,3,0.5,1,"0.250, 0.500, 0.750, 1.000",0.262480000000001,0.250659999999998,0.26652,0.253420000000001,0.26068,0.278060000000001,0.00194524190577933
"trend",10,1,4,1,1.6,"0.250, 0.500, 0.750, 1.000",0.26494,0.25914,0.269099999999999,0.27402,0.28328,0.296380000000001,0.00199465806392976
"trend",10,1,5,2,6.6,"0.250, 0.500, 0.750, 1.000",0.29098,0.317240000000001,0.302,0.426260000000001,0.428279999999999,0.430219999999998,0.00221161665936934
"trend",10,1.2,1,0,0,"0.300, 0.600, 0.900, 1.200",0.361700000000001,0.335460000000001,0.36502,0.32726,0.338480000000001,0.36736,0.00209838458057621
"trend",10,1.2,2,0,6,"0.300, 0.600, 0.900, 1.200",0.40184,0.41816,0.41216,0.492700000000001,0.476260000000001,0.488199999999999,0.00223582964467331
"trend",10,1.2,3,0.5,1,"0.300, 0.600, 0.900, 1.200",0.36994,0.352000000000001,0.375080000000002,0.361399999999998,0.36642,0.3901,0.00214844148163267
"trend",10,1.2,4,1,1.6,"0.300, 0.600, 0.900, 1.200",0.372580000000001,0.35644,0.376380000000001,0.383599999999999,0.39186,0.409560000000001,0.00217463118712116
"trend",10,1.2,5,2,6.6,"0.300, 0.600, 0.900, 1.200",0.41104,0.42876,0.42184,0.56876,0.57006,0.57344,0.00221482307374652
"trend",10,1.4,1,0,0,"0.350, 0.700, 1.050, 1.400",0.47466,0.440360000000001,0.476940000000001,0.435559999999999,0.44366,0.47884,0.00221741961026775
"trend",10,1.4,2,0,6,"0.350, 0.700, 1.050, 1.400",0.52196,0.539120000000002,0.531679999999999,0.62672,0.607599999999999,0.619559999999999,0.00216306283588804
"trend",10,1.4,3,0.5,1,"0.350, 0.700, 1.050, 1.400",0.489799999999999,0.46398,0.493500000000001,0.48202,0.48126,0.51072,0.00223462175591307
"trend",10,1.4,4,1,1.6,"0.350, 0.700, 1.050, 1.400",0.494980000000001,0.47544,0.498780000000001,0.5131,0.517339999999999,0.537500000000001,0.00223530038249896
"trend",10,1.4,5,2,6.6,"0.350, 0.700, 1.050, 1.400",0.523839999999998,0.541199999999998,0.537740000000001,0.69382,0.694660000000001,0.697239999999999,0.00206123170749918
"trend",10,1.6,1,0,0,"0.400, 0.800, 1.200, 1.600",0.60166,0.561060000000001,0.6028,0.55634,0.564979999999999,0.605200000000001,0.00222182719580079
"trend",10,1.6,2,0,6,"0.400, 0.800, 1.200, 1.600",0.636660000000001,0.65608,0.64622,0.741419999999999,0.72104,0.73252,0.00195814393546542
"trend",10,1.6,3,0.5,1,"0.400, 0.800, 1.200, 1.600",0.61182,0.584320000000001,0.615199999999999,0.604119999999999,0.60084,0.63148,0.00218704835611836
"trend",10,1.6,4,1,1.6,"0.400, 0.800, 1.200, 1.600",0.610499999999999,0.58616,0.6144,0.631899999999999,0.632839999999999,0.65278,0.00215686063527526
"trend",10,1.6,5,2,6.6,"0.400, 0.800, 1.200, 1.600",0.63916,0.65348,0.652800000000001,0.796780000000001,0.797779999999998,0.799439999999999,0.00179956456733288
"trend",20,0,1,0,0,"0.000, 0.000, 0.000, 0.000",0.0503599999999998,0.0489799999999998,0.0512600000000004,0.04698,0.0499400000000004,0.0523599999999998,0.000946286210403597
"trend",20,0,2,0,6,"0.000, 0.000, 0.000, 0.000",0.047979999999999,0.0419599999999999,0.04786,0.0485999999999996,0.0511200000000001,0.0532399999999994,0.000961644840884613
"trend",20,0,3,0.5,1,"0.000, 0.000, 0.000, 0.000",0.05038,0.0504000000000002,0.05132,0.0483999999999992,0.0529999999999997,0.0543399999999993,0.000959764971229929
"trend",20,0,4,1,1.6,"0.000, 0.000, 0.000, 0.000",0.0481999999999994,0.0498999999999996,0.0490400000000004,0.0477199999999995,0.0509199999999998,0.0516200000000002,0.000953339410703235
"trend",20,0,5,2,6.6,"0.000, 0.000, 0.000, 0.000",0.0455799999999997,0.0571400000000012,0.0501200000000002,0.0467800000000014,0.0469800000000009,0.0470599999999994,0.000944368906730852
"trend",20,0.2,1,0,0,"0.050, 0.100, 0.150, 0.200",0.0635200000000002,0.0634600000000006,0.0648999999999995,0.0595999999999998,0.06466,0.0659999999999998,0.00105875247343276
"trend",20,0.2,2,0,6,"0.050, 0.100, 0.150, 0.200",0.0610200000000008,0.056160000000001,0.0605999999999997,0.0692800000000005,0.0709800000000006,0.0740199999999998,0.0011356080450578
"trend",20,0.2,3,0.5,1,"0.050, 0.100, 0.150, 0.200",0.0627200000000003,0.0630399999999994,0.0637600000000001,0.0611600000000002,0.0662600000000002,0.0675800000000002,0.00107162917466818
"trend",20,0.2,4,1,1.6,"0.050, 0.100, 0.150, 0.200",0.0643599999999995,0.0678599999999991,0.065419999999999,0.0643599999999996,0.0686599999999995,0.0688200000000003,0.00109743145936318
"trend",20,0.2,5,2,6.6,"0.050, 0.100, 0.150, 0.200",0.0604800000000003,0.0735399999999994,0.0642000000000003,0.07738,0.0775800000000001,0.0775800000000001,0.00119492540018195
"trend",20,0.4,1,0,0,"0.100, 0.200, 0.300, 0.400",0.11492,0.11214,0.11628,0.106339999999998,0.1135,0.11738,0.00137863558926932
"trend",20,0.4,2,0,6,"0.100, 0.200, 0.300, 0.400",0.11438,0.113960000000001,0.1149,0.147220000000001,0.148239999999999,0.15074,0.00158458998860904
"trend",20,0.4,3,0.5,1,"0.100, 0.200, 0.300, 0.400",0.110199999999999,0.1096,0.111520000000001,0.109100000000001,0.114239999999999,0.117259999999999,0.00139425385063123
"trend",20,0.4,4,1,1.6,"0.100, 0.200, 0.300, 0.400",0.113220000000001,0.11606,0.11448,0.11968,0.12456,0.12552,0.00145159703499284
"trend",20,0.4,5,2,6.6,"0.100, 0.200, 0.300, 0.400",0.11456,0.13158,0.120059999999999,0.18274,0.18288,0.18288,0.00172827134675085
"trend",20,0.6,1,0,0,"0.150, 0.300, 0.450, 0.600",0.201420000000001,0.193360000000001,0.203480000000001,0.188139999999999,0.19502,0.20494,0.00174781772733886
"trend",20,0.6,2,0,6,"0.150, 0.300, 0.450, 0.600",0.21454,0.223139999999999,0.218700000000001,0.291360000000001,0.289939999999999,0.293119999999999,0.0020320893208715
"trend",20,0.6,3,0.5,1,"0.150, 0.300, 0.450, 0.600",0.205180000000001,0.20252,0.20736,0.207100000000001,0.213379999999999,0.218920000000001,0.00181223392529773
"trend",20,0.6,4,1,1.6,"0.150, 0.300, 0.450, 0.600",0.2059,0.20538,0.20722,0.222640000000001,0.227940000000001,0.22948,0.00186049149635251
"trend",20,0.6,5,2,6.6,"0.150, 0.300, 0.450, 0.600",0.21926,0.2356,0.2226,0.369080000000001,0.369160000000001,0.369199999999999,0.0021580544645583
"trend",20,0.8,1,0,0,"0.200, 0.400, 0.600, 0.800",0.339499999999999,0.328579999999999,0.34162,0.3185,0.330740000000001,0.343399999999999,0.00208354385602991
"trend",20,0.8,2,0,6,"0.200, 0.400, 0.600, 0.800",0.358999999999999,0.37492,0.3638,0.48812,0.481959999999999,0.48328,0.0022354367161698
"trend",20,0.8,3,0.5,1,"0.200, 0.400, 0.600, 0.800",0.344879999999999,0.33746,0.34654,0.34892,0.35572,0.36336,0.00213154795207614
"trend",20,0.8,4,1,1.6,"0.200, 0.400, 0.600, 0.800",0.350860000000001,0.345379999999999,0.3522,0.383140000000002,0.38846,0.3911,0.00217413771596925
"trend",20,0.8,5,2,6.6,"0.200, 0.400, 0.600, 0.800",0.369580000000001,0.386120000000001,0.37488,0.5947,0.594739999999999,0.594739999999999,0.00219559518126635
"trend",20,1,1,0,0,"0.250, 0.500, 0.750, 1.000",0.51452,0.49706,0.51638,0.483740000000001,0.499199999999999,0.517559999999999,0.00223488528743647
"trend",20,1,2,0,6,"0.250, 0.500, 0.750, 1.000",0.53622,0.552279999999999,0.5414,0.691039999999999,0.679080000000001,0.6828,0.00206641582649766
"trend",20,1,3,0.5,1,"0.250, 0.500, 0.750, 1.000",0.511260000000001,0.50082,0.51324,0.523559999999998,0.52508,0.537620000000001,0.00223358423346871
"trend",20,1,4,1,1.6,"0.250, 0.500, 0.750, 1.000",0.518819999999998,0.512239999999999,0.520999999999999,0.564720000000001,0.56968,0.57274,0.00221725651019452
"trend",20,1,5,2,6.6,"0.250, 0.500, 0.750, 1.000",0.541239999999999,0.557059999999996,0.549820000000002,0.78414,0.784240000000001,0.784200000000001,0.0018399155437139
"trend",20,1.2,1,0,0,"0.300, 0.600, 0.900, 1.200",0.688679999999999,0.669040000000001,0.68938,0.656780000000001,0.670899999999998,0.69032,0.00212329946828044
"trend",20,1.2,2,0,6,"0.300, 0.600, 0.900, 1.200",0.70098,0.71992,0.7059,0.848119999999999,0.83734,0.8401,0.00160506987760658
"trend",20,1.2,3,0.5,1,"0.300, 0.600, 0.900, 1.200",0.689420000000001,0.67792,0.690819999999999,0.70198,0.701919999999999,0.712340000000001,0.0020455027724254
"trend",20,1.2,4,1,1.6,"0.300, 0.600, 0.900, 1.200",0.690940000000001,0.679359999999999,0.693379999999998,0.739759999999998,0.742960000000002,0.745860000000003,0.0019622188583336
"trend",20,1.2,5,2,6.6,"0.300, 0.600, 0.900, 1.200",0.700300000000001,0.71388,0.709599999999999,0.90596,0.90596,0.90596,0.00130534653176848
"trend",20,1.4,1,0,0,"0.350, 0.700, 1.050, 1.400",0.82638,0.81024,0.82682,0.79912,0.81094,0.827040000000001,0.00179179923875416
"trend",20,1.4,2,0,6,"0.350, 0.700, 1.050, 1.400",0.827239999999999,0.839999999999999,0.831059999999999,0.93702,0.92802,0.92998,0.00108640249999712
"trend",20,1.4,3,0.5,1,"0.350, 0.700, 1.050, 1.400",0.82618,0.81422,0.827000000000001,0.83822,0.83454,0.84556,0.00164685902007427
"trend",20,1.4,4,1,1.6,"0.350, 0.700, 1.050, 1.400",0.82698,0.81952,0.82884,0.86978,0.87094,0.87316,0.00150507642065112
"trend",20,1.4,5,2,6.6,"0.350, 0.700, 1.050, 1.400",0.82754,0.84138,0.83782,0.96622,0.96624,0.9663,0.000807946923999342
"trend",20,1.6,1,0,0,"0.400, 0.800, 1.200, 1.600",0.91982,0.90836,0.91972,0.90222,0.909,0.91992,0.00132830020402016
"trend",20,1.6,2,0,6,"0.400, 0.800, 1.200, 1.600",0.91086,0.918179999999998,0.913040000000001,0.9783,0.973020000000001,0.97372,0.000651599723756855
"trend",20,1.6,3,0.5,1,"0.400, 0.800, 1.200, 1.600",0.917880000000001,0.90988,0.91816,0.92644,0.92336,0.92892,0.00116746671387239
"trend",20,1.6,4,1,1.6,"0.400, 0.800, 1.200, 1.600",0.92032,0.915679999999999,0.921879999999999,0.945800000000001,0.947120000000001,0.94814,0.00101254491258412
"trend",20,1.6,5,2,6.6,"0.400, 0.800, 1.200, 1.600",0.91148,0.9211,0.918,0.98926,0.98926,0.98926,0.000460969682300254
"trend",50,0,1,0,0,"0.000, 0.000, 0.000, 0.000",0.048759999999999,0.0488800000000003,0.0492600000000009,0.0468199999999998,0.0490800000000005,0.0495399999999997,0.000944752746489787
"trend",50,0,2,0,6,"0.000, 0.000, 0.000, 0.000",0.0471200000000002,0.04538,0.0472799999999999,0.0473000000000001,0.0478399999999997,0.0479399999999998,0.000949344089358543
"trend",50,0,3,0.5,1,"0.000, 0.000, 0.000, 0.000",0.0503,0.0509599999999995,0.0503,0.0490400000000002,0.0515799999999994,0.05204,0.00096576475810624
"trend",50,0,4,1,1.6,"0.000, 0.000, 0.000, 0.000",0.04966,0.0512600000000004,0.0503200000000005,0.0499199999999998,0.0500000000000004,0.04998,0.000973940384212502
"trend",50,0,5,2,6.6,"0.000, 0.000, 0.000, 0.000",0.0475999999999997,0.0548200000000002,0.0505200000000001,0.0496799999999995,0.0496799999999995,0.0496799999999995,0.000971719070513691
"trend",50,0.2,1,0,0,"0.050, 0.100, 0.150, 0.200",0.0901800000000001,0.0891399999999997,0.0903999999999998,0.0875000000000005,0.0896599999999999,0.0910400000000003,0.00126367519561001
"trend",50,0.2,2,0,6,"0.050, 0.100, 0.150, 0.200",0.0890599999999978,0.089400000000001,0.0892799999999994,0.111839999999999,0.111900000000001,0.1121,0.00140948085762099
"trend",50,0.2,3,0.5,1,"0.050, 0.100, 0.150, 0.200",0.0852799999999999,0.0853400000000001,0.0853799999999997,0.0879999999999998,0.0908800000000004,0.0912400000000002,0.00126693330526906
"trend",50,0.2,4,1,1.6,"0.050, 0.100, 0.150, 0.200",0.0866600000000005,0.0889000000000002,0.0875399999999997,0.0945200000000003,0.0944799999999997,0.0945400000000002,0.00130832694384852
"trend",50,0.2,5,2,6.6,"0.050, 0.100, 0.150, 0.200",0.0921000000000005,0.0998600000000003,0.0938600000000004,0.13776,0.13776,0.13776,0.00154131231358216
"trend",50,0.4,1,0,0,"0.100, 0.200, 0.300, 0.400",0.227880000000001,0.22528,0.2286,0.21716,0.2258,0.22924,0.00184391721289216
"trend",50,0.4,2,0,6,"0.100, 0.200, 0.300, 0.400",0.230900000000001,0.240660000000001,0.233019999999999,0.338580000000001,0.338820000000001,0.338739999999999,0.0021163344896306
"trend",50,0.4,3,0.5,1,"0.100, 0.200, 0.300, 0.400",0.231320000000002,0.2303,0.232379999999998,0.240580000000003,0.244059999999998,0.24606,0.00191155048900102
"trend",50,0.4,4,1,1.6,"0.100, 0.200, 0.300, 0.400",0.232279999999999,0.23224,0.232859999999999,0.26258,0.2626,0.2626,0.00196790113369549
"trend",50,0.4,5,2,6.6,"0.100, 0.200, 0.300, 0.400",0.235319999999999,0.247040000000001,0.23762,0.441740000000001,0.441740000000001,0.441740000000001,0.00222083665495687
"trend",50,0.6,1,0,0,"0.150, 0.300, 0.450, 0.600",0.48002,0.472739999999999,0.480700000000001,0.45642,0.473139999999999,0.48084,0.0022275582308887
"trend",50,0.6,2,0,6,"0.150, 0.300, 0.450, 0.600",0.494699999999999,0.5065,0.49718,0.683980000000001,0.68354,0.683839999999998,0.00207918907076773
"trend",50,0.6,3,0.5,1,"0.150, 0.300, 0.450, 0.600",0.48464,0.48144,0.48558,0.505019999999999,0.50788,0.509719999999999,0.00223595527504465
"trend",50,0.6,4,1,1.6,"0.150, 0.300, 0.450, 0.600",0.481000000000001,0.47794,0.481699999999998,0.54128,0.541320000000001,0.541339999999999,0.00222843425570511
"trend",50,0.6,5,2,6.6,"0.150, 0.300, 0.450, 0.600",0.493640000000001,0.50452,0.4978,0.79748,0.79748,0.79748,0.00179725151050152
"trend",50,0.8,1,0,0,"0.200, 0.400, 0.600, 0.800",0.74912,0.74138,0.7491,0.72288,0.741719999999999,0.74878,0.00200162187038412
"trend",50,0.8,2,0,6,"0.200, 0.400, 0.600, 0.800",0.755219999999999,0.76676,0.75778,0.91078,0.91014,0.91028,0.00127483168771411
"trend",50,0.8,3,0.5,1,"0.200, 0.400, 0.600, 0.800",0.752159999999999,0.74868,0.752959999999999,0.77328,0.774260000000001,0.776160000000001,0.00187252792555946
"trend",50,0.8,4,1,1.6,"0.200, 0.400, 0.600, 0.800",0.7507,0.748160000000001,0.75168,0.81164,0.81164,0.81164,0.0017486023584566
"trend",50,0.8,5,2,6.6,"0.200, 0.400, 0.600, 0.800",0.75468,0.76392,0.7592,0.96244,0.96244,0.96244,0.000850285203916902
"trend",50,1,1,0,0,"0.250, 0.500, 0.750, 1.000",0.9225,0.91758,0.92214,0.90772,0.91772,0.92192,0.00129432918224075
"trend",50,1,2,0,6,"0.250, 0.500, 0.750, 1.000",0.91564,0.91962,0.91666,0.98572,0.98554,0.98554,0.000530586121190524
"trend",50,1,3,0.5,1,"0.250, 0.500, 0.750, 1.000",0.92062,0.91854,0.920939999999999,0.934639999999999,0.93402,0.93504,0.00110533316606352
"trend",50,1,4,1,1.6,"0.250, 0.500, 0.750, 1.000",0.92124,0.92004,0.922140000000001,0.95332,0.95332,0.95334,0.000943408475688026
"trend",50,1,5,2,6.6,"0.250, 0.500, 0.750, 1.000",0.91914,0.92466,0.92294,0.99668,0.99668,0.99668,0.000257253866831959
"trend",50,1.2,1,0,0,"0.300, 0.600, 0.900, 1.200",0.9855,0.98388,0.98536,0.98014,0.98384,0.9853,0.000623948401712835
"trend",50,1.2,2,0,6,"0.300, 0.600, 0.900, 1.200",0.9803,0.980439999999999,0.9806,0.99892,0.99882,0.99882,0.000146889999659607
"trend",50,1.2,3,0.5,1,"0.300, 0.600, 0.900, 1.200",0.9846,0.98344,0.98466,0.9886,0.9884,0.98886,0.000474763941343484
"trend",50,1.2,4,1,1.6,"0.300, 0.600, 0.900, 1.200",0.98378,0.9832,0.9841,0.99274,0.99274,0.99274,0.000379665442198785
"trend",50,1.2,5,2,6.6,"0.300, 0.600, 0.900, 1.200",0.981920000000001,0.98462,0.98396,0.99986,0.99986,0.99986,5.29113220398109e-05
"trend",50,1.4,1,0,0,"0.350, 0.700, 1.050, 1.400",0.99844,0.99816,0.99844,0.99726,0.99814,0.99842,0.000233773069449834
"trend",50,1.4,2,0,6,"0.350, 0.700, 1.050, 1.400",0.99692,0.99692,0.99698,0.99994,0.99992,0.99992,3.46399769052894e-05
"trend",50,1.4,3,0.5,1,"0.350, 0.700, 1.050, 1.400",0.99828,0.99816,0.99826,0.99896,0.99896,0.999,0.000144147036043058
"trend",50,1.4,4,1,1.6,"0.350, 0.700, 1.050, 1.400",0.99818,0.998,0.99832,0.99942,0.99942,0.99942,0.000107672057656563
"trend",50,1.4,5,2,6.6,"0.350, 0.700, 1.050, 1.400",0.996360000000001,0.99714,0.99686,1,1,1,0
"trend",50,1.6,1,0,0,"0.400, 0.800, 1.200, 1.600",0.99988,0.9999,0.99988,0.99984,0.9999,0.99988,5.65640168304794e-05
"trend",50,1.6,2,0,6,"0.400, 0.800, 1.200, 1.600",0.9996,0.99964,0.99962,1,1,1,0
"trend",50,1.6,3,0.5,1,"0.400, 0.800, 1.200, 1.600",0.99982,0.99982,0.9998,0.99996,0.99994,0.99994,2.82837055563941e-05
"trend",50,1.6,4,1,1.6,"0.400, 0.800, 1.200, 1.600",0.99984,0.99988,0.99986,0.99994,0.99994,0.99994,3.46399769052894e-05
"trend",50,1.6,5,2,6.6,"0.400, 0.800, 1.200, 1.600",0.99956,0.99974,0.99972,1,1,1,0
"trend",100,0,1,0,0,"0.000, 0.000, 0.000, 0.000",0.0518200000000003,0.0515600000000003,0.0521800000000001,0.0506200000000002,0.0518799999999998,0.0524599999999999,0.000980383757515394
"trend",100,0,2,0,6,"0.000, 0.000, 0.000, 0.000",0.0506800000000001,0.0490200000000002,0.0505599999999996,0.0513400000000001,0.0513400000000001,0.0513400000000001,0.000986956983865053
"trend",100,0,3,0.5,1,"0.000, 0.000, 0.000, 0.000",0.0514999999999996,0.0516999999999999,0.0515799999999998,0.0510800000000002,0.0513400000000001,0.0514799999999997,0.000984589595719965
"trend",100,0,4,1,1.6,"0.000, 0.000, 0.000, 0.000",0.0479799999999998,0.0491599999999997,0.0489599999999996,0.0480999999999994,0.0480999999999994,0.0480999999999994,0.000956936675020866
"trend",100,0,5,2,6.6,"0.000, 0.000, 0.000, 0.000",0.0485199999999996,0.0521000000000004,0.0498600000000003,0.0496600000000003,0.0496600000000003,0.0496600000000003,0.000971533678263397
"trend",100,0.2,1,0,0,"0.050, 0.100, 0.150, 0.200",0.13482,0.133480000000001,0.13516,0.129,0.13366,0.13526,0.00149905970528195
"trend",100,0.2,2,0,6,"0.050, 0.100, 0.150, 0.200",0.134640000000001,0.13694,0.13508,0.18498,0.185,0.185,0.00173644694476969
"trend",100,0.2,3,0.5,1,"0.050, 0.100, 0.150, 0.200",0.130039999999999,0.130680000000001,0.130280000000001,0.134700000000001,0.135780000000001,0.13552,0.00152679998690071
"trend",100,0.2,4,1,1.6,"0.050, 0.100, 0.150, 0.200",0.13366,0.1345,0.13374,0.14852,0.14852,0.14852,0.00159035725294664
"trend",100,0.2,5,2,6.6,"0.050, 0.100, 0.150, 0.200",0.13412,0.13898,0.135380000000001,0.236359999999999,0.236359999999999,0.236359999999999,0.00189996815973321
"trend",100,0.4,1,0,0,"0.100, 0.200, 0.300, 0.400",0.434519999999999,0.430759999999999,0.434879999999999,0.411859999999999,0.430399999999999,0.43432,0.00220105129608558
"trend",100,0.4,2,0,6,"0.100, 0.200, 0.300, 0.400",0.443619999999999,0.449160000000001,0.444599999999999,0.636580000000001,0.636580000000001,0.636580000000001,0.00215102721321698
"trend",100,0.4,3,0.5,1,"0.100, 0.200, 0.300, 0.400",0.43764,0.43498,0.438359999999999,0.457620000000001,0.458580000000001,0.45906,0.00222802125483578
"trend",100,0.4,4,1,1.6,"0.100, 0.200, 0.300, 0.400",0.43654,0.43532,0.437120000000001,0.49888,0.49888,0.49888,0.00223606236764541
"trend",100,0.4,5,2,6.6,"0.100, 0.200, 0.300, 0.400",0.442699999999999,0.449819999999999,0.445240000000001,0.765239999999998,0.765239999999998,0.765239999999998,0.00189550912632992
"trend",100,0.6,1,0,0,"0.150, 0.300, 0.450, 0.600",0.809039999999999,0.80662,0.80934,0.78874,0.80652,0.808879999999999,0.00182553670135662
"trend",100,0.6,2,0,6,"0.150, 0.300, 0.450, 0.600",0.810100000000001,0.81404,0.8111,0.94872,0.94872,0.94872,0.00098641128947311
"trend",100,0.6,3,0.5,1,"0.150, 0.300, 0.450, 0.600",0.80732,0.805679999999999,0.807759999999999,0.83014,0.8303,0.83046,0.00167933070239307
"trend",100,0.6,4,1,1.6,"0.150, 0.300, 0.450, 0.600",0.809180000000001,0.8075,0.809779999999998,0.86704,0.86704,0.86704,0.00151843102181166
"trend",100,0.6,5,2,6.6,"0.150, 0.300, 0.450, 0.600",0.808080000000001,0.81212,0.8109,0.9831,0.9831,0.9831,0.000576444099631528
"trend",100,0.8,1,0,0,"0.200, 0.400, 0.600, 0.800",0.9764,0.9752,0.9764,0.96906,0.97502,0.9761,0.000774373506778217
"trend",100,0.8,2,0,6,"0.200, 0.400, 0.600, 0.800",0.9721,0.97308,0.97236,0.99826,0.99826,0.99826,0.000186385214005837
"trend",100,0.8,3,0.5,1,"0.200, 0.400, 0.600, 0.800",0.97364,0.97306,0.97358,0.9805,0.98028,0.98044,0.00061838095054747
"trend",100,0.8,4,1,1.6,"0.200, 0.400, 0.600, 0.800",0.97384,0.97336,0.97396,0.98874,0.98874,0.98874,0.000471873127016151
"trend",100,0.8,5,2,6.6,"0.200, 0.400, 0.600, 0.800",0.97222,0.97362,0.97336,0.99982,0.99982,0.99982,5.99945997569711e-05
"trend",100,1,1,0,0,"0.250, 0.500, 0.750, 1.000",0.99844,0.99828,0.99842,0.99772,0.99828,0.99842,0.000213297988738757
"trend",100,1,2,0,6,"0.250, 0.500, 0.750, 1.000",0.99842,0.9982,0.99848,0.99998,0.99998,0.99998,1.999979999901e-05
"trend",100,1,3,0.5,1,"0.250, 0.500, 0.750, 1.000",0.99878,0.99858,0.99882,0.99916,0.99918,0.9992,0.000129560364309456
"trend",100,1,4,1,1.6,"0.250, 0.500, 0.750, 1.000",0.9988,0.99878,0.99888,0.99952,0.99952,0.99952,9.79560717873105e-05
"trend",100,1,5,2,6.6,"0.250, 0.500, 0.750, 1.000",0.99798,0.99834,0.99836,1,1,1,0
"trend",100,1.2,1,0,0,"0.300, 0.600, 0.900, 1.200",0.99996,0.99996,0.99996,0.99996,0.99996,0.99996,2.82837055563941e-05
"trend",100,1.2,2,0,6,"0.300, 0.600, 0.900, 1.200",0.99996,0.99998,0.99998,1,1,1,0
"trend",100,1.2,3,0.5,1,"0.300, 0.600, 0.900, 1.200",0.99998,0.99998,0.99998,1,1,1,0
"trend",100,1.2,4,1,1.6,"0.300, 0.600, 0.900, 1.200",0.99994,0.99994,0.99992,1,1,1,0
"trend",100,1.2,5,2,6.6,"0.300, 0.600, 0.900, 1.200",0.99996,0.99998,0.99998,1,1,1,0
"trend",100,1.4,1,0,0,"0.350, 0.700, 1.050, 1.400",1,1,1,1,1,1,0
"trend",100,1.4,2,0,6,"0.350, 0.700, 1.050, 1.400",1,1,1,1,1,1,0
"trend",100,1.4,3,0.5,1,"0.350, 0.700, 1.050, 1.400",1,1,1,1,1,1,0
"trend",100,1.4,4,1,1.6,"0.350, 0.700, 1.050, 1.400",1,1,1,1,1,1,0
"trend",100,1.4,5,2,6.6,"0.350, 0.700, 1.050, 1.400",1,1,1,1,1,1,0
"trend",100,1.6,1,0,0,"0.400, 0.800, 1.200, 1.600",1,1,1,1,1,1,0
"trend",100,1.6,2,0,6,"0.400, 0.800, 1.200, 1.600",1,1,1,1,1,1,0
"trend",100,1.6,3,0.5,1,"0.400, 0.800, 1.200, 1.600",1,1,1,1,1,1,0
"trend",100,1.6,4,1,1.6,"0.400, 0.800, 1.200, 1.600",1,1,1,1,1,1,0
"trend",100,1.6,5,2,6.6,"0.400, 0.800, 1.200, 1.600",1,1,1,1,1,1,0
