"design","mean_n_per_group","n_per_group","sd_per_group","distribution","panel","skew","excess_kurtosis","groups","group_means","resid_skewness","resid_excess_kurtosis","fisher_rejection","fisher_mc_se","welch_rejection","welch_mc_se","levene_route_rejection","levene_route_mc_se","rank_rejection","rank_mc_se","sw_rejection","sw_mc_se","sw_gate_rejection","sw_gate_mc_se","sw_route_welch_probability","sw_route_welch_mc_se","sw_route_rank_probability","sw_route_rank_mc_se","route_fisher_probability","route_fisher_mc_se","route_welch_probability","route_welch_mc_se","route_rank_probability","route_rank_mc_se","levene_select_fisher_probability","levene_select_welch_probability","sw_reject_probability","levene_reject_probability","skew_label"
"balanced n, equal SD",10,"10, 10, 10, 10","1.0, 1.0, 1.0, 1.0","normal",1,0,0,4,"0, 0, 0, 0",6.00237619640897e-05,-0.159887280913597,0.04988,0.000973570599391744,0.05024,0.000976892444437974,0.05238,0.000996356719252698,0.0449,0.000926110036658712,0.05152,0.000988591822745869,0.0539,0.00100989890583167,0.95096,0.000965764758106238,0.04904,0.000965764758106238,0.88848,0.00140771651691667,0.06248,0.00108237008088731,0.04904,0.000965764758106238,0.93522,0.06478,0.04904,0.06478,"Normal distribution
skew = 0; excess kurtosis = 0"
"balanced n, equal SD",10,"10, 10, 10, 10","1.0, 1.0, 1.0, 1.0","F.P.",2,0,6,4,"0, 0, 0, 0",-0.00224095686366816,1.94646639677447,0.04354,0.000912625535474435,0.03576,0.000830436299784637,0.04346,0.000911824855989351,0.04298,0.000907002972431734,0.0419,0.000896040066068477,0.04972,0.000972089724253888,0.55794,0.00222100408104083,0.44206,0.00222100408104083,0.51152,0.00223547439976395,0.04642,0.000940905772115359,0.44206,0.00222100408104083,0.91352,0.08648,0.44206,0.08648,"F.P.
skew = 0
excess kurtosis = 6"
"balanced n, equal SD",10,"10, 10, 10, 10","1.0, 1.0, 1.0, 1.0","F.P.",3,0.5,1,4,"0, 0, 0, 0",0.339054063852312,0.297878514396271,0.04948,0.000969863182103538,0.04816,0.00095750315299742,0.05108,0.000984589595719963,0.04556,0.00093256942261689,0.05016,0.000976155463028303,0.05474,0.00101728592244265,0.82918,0.00168309552670073,0.17082,0.00168309552670073,0.76558,0.00189455674816037,0.0636,0.00109137564568759,0.17082,0.00168309552670073,0.92542,0.07458,0.17082,0.07458,"F.P.
skew = 0.5
excess kurtosis = 1"
"balanced n, equal SD",10,"10, 10, 10, 10","1.0, 1.0, 1.0, 1.0","F.P.",4,1,1.6,4,"0, 0, 0, 0",0.70940178370314,0.54833197275787,0.04768,0.000952959785090641,0.05148,0.000988228815609017,0.04992,0.000973940384212504,0.04446,0.000921773382128167,0.0535,0.00100635729241657,0.05476,0.00101746098107004,0.56624,0.00221635855582981,0.43376,0.00221635855582981,0.49226,0.00223580004651579,0.07398,0.0011705294494373,0.43376,0.00221635855582981,0.8914,0.1086,0.43376,0.1086,"F.P.
skew = 1
excess kurtosis = 1.6"
"balanced n, equal SD",10,"10, 10, 10, 10","1.0, 1.0, 1.0, 1.0","F.P.",5,2,6.6,4,"0, 0, 0, 0",1.30803574758607,2.21702787108883,0.0443,0.000920190306404061,0.0522,0.000994737754385547,0.04688,0.00094532815043243,0.04476,0.000924732852233552,0.05074,0.000981483085946977,0.05156,0.00098895466427941,0.12544,0.00148124816556848,0.87456,0.00148124816556848,0.08194,0.00122658743186126,0.0435,0.000912225301118096,0.87456,0.00148124816556848,0.79016,0.20984,0.87456,0.20984,"F.P.
skew = 2
excess kurtosis = 6.6"
"balanced n, unequal SD",10,"10, 10, 10, 10","1.0, 1.3, 1.7, 2.2","normal",1,0,0,4,"0, 0, 0, 0",-0.00220060140605033,0.531427752275535,0.06342,0.00108993489346841,0.0513,0.000986593229249015,0.06412,0.00109552385277547,0.05168,0.000990042197080508,0.05418,0.00101236878260839,0.06672,0.0011159609455532,0.87036,0.00150222149099259,0.12964,0.00150222149099259,0.50232,0.00223604390654567,0.36804,0.0021567872328999,0.12964,0.00150222149099259,0.57714,0.42286,0.12964,0.42286,"Normal distribution
skew = 0; excess kurtosis = 0"
"balanced n, unequal SD",10,"10, 10, 10, 10","1.0, 1.3, 1.7, 2.2","F.P.",2,0,6,4,"0, 0, 0, 0",0.00210080068664106,2.64119638735587,0.0552,0.00102130269753879,0.03672,0.000841090263883729,0.0477,0.000953149620993472,0.04906,0.000965951514311148,0.04762,0.0009523899999475,0.05552,0.00102408524645168,0.45034,0.0022250118399685,0.54966,0.0022250118399685,0.32006,0.00208624829011314,0.13028,0.00150537119409134,0.54966,0.0022250118399685,0.69184,0.30816,0.54966,0.30816,"F.P.
skew = 0
excess kurtosis = 6"
"balanced n, unequal SD",10,"10, 10, 10, 10","1.0, 1.3, 1.7, 2.2","F.P.",3,0.5,1,4,"0, 0, 0, 0",0.35237823587252,0.992230840130753,0.06028,0.00106439016906396,0.05012,0.000975786714400232,0.0598,0.00106041463588542,0.05218,0.000994557666503054,0.05504,0.00101990782328601,0.06436,0.00109743145936318,0.74048,0.00196045591432197,0.25952,0.00196045591432197,0.44498,0.00222248869333457,0.2955,0.00204048891200124,0.25952,0.00196045591432197,0.5999,0.4001,0.25952,0.4001,"F.P.
skew = 0.5
excess kurtosis = 1"
"balanced n, unequal SD",10,"10, 10, 10, 10","1.0, 1.3, 1.7, 2.2","F.P.",4,1,1.6,4,"0, 0, 0, 0",0.745651601569684,1.22240612886547,0.06152,0.00107457237634326,0.05654,0.00103289136311618,0.0648,0.00110091743559633,0.06056,0.00106670039280015,0.06498,0.00110233932706767,0.07212,0.00115688120046961,0.56306,0.00221821295821659,0.43694,0.00221821295821659,0.30654,0.00206190799212768,0.25652,0.00195303604472626,0.43694,0.00221821295821659,0.56902,0.43098,0.43694,0.43098,"F.P.
skew = 1
excess kurtosis = 1.6"
"balanced n, unequal SD",10,"10, 10, 10, 10","1.0, 1.3, 1.7, 2.2","F.P.",5,2,6.6,4,"0, 0, 0, 0",1.35607777674046,2.84856546207546,0.06252,0.00108269339704276,0.06944,0.00113682088650763,0.06768,0.00112338254926806,0.09282,0.00129772452854988,0.09574,0.00131585601339964,0.09694,0.00132319791716886,0.15402,0.00161429761568306,0.84598,0.00161429761568306,0.0629,0.00108575862879371,0.09112,0.00128698986476196,0.84598,0.00161429761568306,0.54946,0.45054,0.84598,0.45054,"F.P.
skew = 2
excess kurtosis = 6.6"
"unbalanced n, equal SD",10,"5, 8, 12, 15","1.0, 1.0, 1.0, 1.0","normal",1,0,0,4,"0, 0, 0, 0",0.00103908572026451,-0.159189901517928,0.05016,0.000976155463028303,0.0563,0.00103082791968398,0.05324,0.00100404683556097,0.04332,0.000910421634189346,0.0569,0.00103597673719056,0.05426,0.00101307307140206,0.95256,0.000950678141118223,0.04744,0.000950678141118223,0.8852,0.00142562940485948,0.06736,0.00112091596830449,0.04744,0.000950678141118223,0.93026,0.06974,0.04744,0.06974,"Normal distribution
skew = 0; excess kurtosis = 0"
"unbalanced n, equal SD",10,"5, 8, 12, 15","1.0, 1.0, 1.0, 1.0","F.P.",2,0,6,4,"0, 0, 0, 0",-0.00627664632845129,1.97853443647068,0.0473,0.000949344089358542,0.03708,0.000845045248492647,0.04228,0.000899915569373038,0.04344,0.000911624554298533,0.04178,0.00089481206518464,0.05048,0.000979099275865323,0.55236,0.00222377350645249,0.44764,0.00222377350645249,0.50228,0.00223604472942739,0.05008,0.000975417793563353,0.44764,0.00222377350645249,0.89678,0.10322,0.44764,0.10322,"F.P.
skew = 0
excess kurtosis = 6"
"unbalanced n, equal SD",10,"5, 8, 12, 15","1.0, 1.0, 1.0, 1.0","F.P.",3,0.5,1,4,"0, 0, 0, 0",0.34007159810142,0.310000362793516,0.04964,0.000971348242393015,0.0526,0.000998331007231569,0.0518,0.000991128245990397,0.0438,0.000915221940296451,0.0525,0.000997434208356621,0.0542,0.00101254491258413,0.83218,0.0016712656736737,0.16782,0.0016712656736737,0.76152,0.00190581892948937,0.07066,0.00114601190569732,0.16782,0.0016712656736737,0.91656,0.08344,0.16782,0.08344,"F.P.
skew = 0.5
excess kurtosis = 1"
"unbalanced n, equal SD",10,"5, 8, 12, 15","1.0, 1.0, 1.0, 1.0","F.P.",4,1,1.6,4,"0, 0, 0, 0",0.710768101805539,0.561104136204891,0.04826,0.00095844637200002,0.06084,0.00106900415714814,0.04952,0.00097023470974811,0.04402,0.000917412007769683,0.0577,0.001042791541968,0.0537,0.00100813005113428,0.56808,0.00221524316317645,0.43192,0.00221524316317645,0.49032,0.00223564888835434,0.07776,0.00119760913824169,0.43192,0.00221524316317645,0.88256,0.11744,0.43192,0.11744,"F.P.
skew = 1
excess kurtosis = 1.6"
"unbalanced n, equal SD",10,"5, 8, 12, 15","1.0, 1.0, 1.0, 1.0","F.P.",5,2,6.6,4,"0, 0, 0, 0",1.30796892351334,2.23036305763954,0.0462,0.000938781763776864,0.06856,0.00113012854490098,0.04616,0.000938394953098108,0.04302,0.000907405968682155,0.04796,0.00095561329417291,0.04802,0.000956180731870288,0.12282,0.00146789132840275,0.87718,0.00146789132840275,0.07962,0.00121062509143004,0.0432,0.000909216805827961,0.87718,0.00146789132840275,0.78422,0.21578,0.87718,0.21578,"F.P.
skew = 2
excess kurtosis = 6.6"
"unbalanced n, larger n with larger SD",10,"5, 8, 12, 15","1.0, 1.3, 1.7, 2.2","normal",1,0,0,4,"0, 0, 0, 0",-0.0018861986790876,0.327081770009581,0.02616,0.000713801854858896,0.05106,0.000984407196235379,0.04124,0.000889261068528247,0.02866,0.000746171621009537,0.05076,0.000981666159139654,0.0433,0.000910220962184458,0.9069,0.00129947981900451,0.0931,0.00129947981900451,0.66138,0.00211639549990072,0.24552,0.0019247853366025,0.0931,0.00129947981900451,0.73562,0.26438,0.0931,0.26438,"Normal distribution
skew = 0; excess kurtosis = 0"
"unbalanced n, larger n with larger SD",10,"5, 8, 12, 15","1.0, 1.3, 1.7, 2.2","F.P.",2,0,6,4,"0, 0, 0, 0",0.00283039269537499,2.59671213597178,0.02462,0.000693020282531471,0.0365,0.000838662625851421,0.02976,0.000759925554248572,0.0306,0.000770242039880971,0.03478,0.000819394308010496,0.0354,0.000826399903194573,0.46278,0.00222986399405883,0.53722,0.00222986399405883,0.38488,0.00217599349999029,0.0779,0.00119859576171452,0.53722,0.00222986399405883,0.8428,0.1572,0.53722,0.1572,"F.P.
skew = 0
excess kurtosis = 6"
"unbalanced n, larger n with larger SD",10,"5, 8, 12, 15","1.0, 1.3, 1.7, 2.2","F.P.",3,0.5,1,4,"0, 0, 0, 0",0.372864248586171,0.85303042176533,0.02674,0.000721456476857752,0.04786,0.000954666647579143,0.0387,0.000862581126619404,0.02968,0.000758934748183268,0.04454,0.000922563693194134,0.03986,0.000874884911288336,0.75688,0.00191839863219301,0.24312,0.00191839863219301,0.56506,0.00221705749316521,0.19182,0.00176082416839388,0.24312,0.00191839863219301,0.75992,0.24008,0.24312,0.24008,"F.P.
skew = 0.5
excess kurtosis = 1"
"unbalanced n, larger n with larger SD",10,"5, 8, 12, 15","1.0, 1.3, 1.7, 2.2","F.P.",4,1,1.6,4,"0, 0, 0, 0",0.767729908298693,1.08696162850531,0.02784,0.000735730037445801,0.0511,0.000984771953296803,0.04414,0.000918603945125428,0.03332,0.000802617936505284,0.04726,0.000948962511377557,0.0462,0.000938781763776864,0.55942,0.0022202218970184,0.44058,0.0022202218970184,0.37412,0.00216404355593874,0.1853,0.00173760703267453,0.44058,0.0022202218970184,0.71424,0.28576,0.44058,0.28576,"F.P.
skew = 1
excess kurtosis = 1.6"
"unbalanced n, larger n with larger SD",10,"5, 8, 12, 15","1.0, 1.3, 1.7, 2.2","F.P.",5,2,6.6,4,"0, 0, 0, 0",1.40248529138058,2.85327593956823,0.02996,0.000762396201459582,0.0493,0.000968189134415379,0.04434,0.000920586382693118,0.05332,0.00100475845455512,0.05788,0.00104431705530457,0.05892,0.00105307581493452,0.13436,0.00152517140282658,0.86564,0.00152517140282658,0.06812,0.00112676231388878,0.06624,0.00111222535845934,0.86564,0.00152517140282658,0.68506,0.31494,0.86564,0.31494,"F.P.
skew = 2
excess kurtosis = 6.6"
"unbalanced n, larger n with smaller SD",10,"5, 8, 12, 15","2.2, 1.7, 1.3, 1.0","normal",1,0,0,4,"0, 0, 0, 0",-0.000540873328575125,0.549702115514783,0.13072,0.00150752964547965,0.0589,0.00105290825811179,0.09732,0.00132550984605924,0.07828,0.0012012680100627,0.06424,0.00109647820224572,0.0997,0.00133985006623876,0.8679,0.00151426279093161,0.1321,0.00151426279093161,0.46042,0.00222905102498799,0.40748,0.0021974532968871,0.1321,0.00151426279093161,0.50502,0.49498,0.1321,0.49498,"Normal distribution
skew = 0; excess kurtosis = 0"
"unbalanced n, larger n with smaller SD",10,"5, 8, 12, 15","2.2, 1.7, 1.3, 1.0","F.P.",2,0,6,4,"0, 0, 0, 0",0.00560558585410898,2.45257498263507,0.11692,0.00143700879329251,0.03886,0.000864290465063684,0.0682,0.00112737535896435,0.0693,0.0011357597457209,0.05776,0.00104330036327033,0.07926,0.00120812128861303,0.4669,0.00223116288065215,0.5331,0.00223116288065215,0.30968,0.00206774416986241,0.15722,0.00162789355671678,0.5331,0.00223116288065215,0.57504,0.42496,0.5331,0.42496,"F.P.
skew = 0
excess kurtosis = 6"
"unbalanced n, larger n with smaller SD",10,"5, 8, 12, 15","2.2, 1.7, 1.3, 1.0","F.P.",3,0.5,1,4,"0, 0, 0, 0",0.335725306667868,0.976364075032439,0.13242,0.00151581623952246,0.05882,0.00105223768797739,0.09672,0.00132185658526181,0.08124,0.00122180245866507,0.06842,0.00112905893203145,0.10078,0.00134627925483534,0.74026,0.00196099532074913,0.25974,0.00196099532074913,0.4156,0.00220398112514604,0.32466,0.00209406725966479,0.25974,0.00196099532074913,0.5234,0.4766,0.25974,0.4766,"F.P.
skew = 0.5
excess kurtosis = 1"
"unbalanced n, larger n with smaller SD",10,"5, 8, 12, 15","2.2, 1.7, 1.3, 1.0","F.P.",4,1,1.6,4,"0, 0, 0, 0",0.697061714225688,1.19806443468262,0.12902,0.00149915869473515,0.07374,0.00116878066719124,0.09674,0.00132197861102213,0.09146,0.00128914753538918,0.08698,0.00126027361791002,0.10494,0.00137060276083189,0.56834,0.00221508304313856,0.43166,0.00221508304313856,0.28604,0.00202099539039553,0.2823,0.00201299135616624,0.43166,0.00221508304313856,0.49748,0.50252,0.43166,0.50252,"F.P.
skew = 1
excess kurtosis = 1.6"
"unbalanced n, larger n with smaller SD",10,"5, 8, 12, 15","2.2, 1.7, 1.3, 1.0","F.P.",5,2,6.6,4,"0, 0, 0, 0",1.27120220978892,2.69088799129159,0.1208,0.00145744543637146,0.10472,0.00136933357221679,0.0952,0.00131253159961961,0.12664,0.00148729492972981,0.12732,0.00149070196618908,0.12974,0.00150271442662936,0.15998,0.00163942916650888,0.84002,0.00163942916650888,0.06124,0.00107228412652617,0.09874,0.00133409454237696,0.84002,0.00163942916650888,0.47794,0.52206,0.84002,0.52206,"F.P.
skew = 2
excess kurtosis = 6.6"
"balanced n, equal SD",20,"20, 20, 20, 20","1.0, 1.0, 1.0, 1.0","normal",1,0,0,4,"0, 0, 0, 0",-0.00253908901035498,-0.0732318933384068,0.04978,0.000972645378336832,0.051,0.000983859746102055,0.05122,0.000985865219997135,0.04774,0.000953529154247525,0.05178,0.000990947340679615,0.0519,0.000992032156736867,0.95116,0.000963894749441037,0.04884,0.000963894749441037,0.89592,0.00136563064991966,0.05524,0.00102165104022851,0.04884,0.000963894749441037,0.9423,0.0577,0.04884,0.0577,"Normal distribution
skew = 0; excess kurtosis = 0"
"balanced n, equal SD",20,"20, 20, 20, 20","1.0, 1.0, 1.0, 1.0","F.P.",2,0,6,4,"0, 0, 0, 0",0.00202953842772702,3.17520012443636,0.04564,0.000933348706540058,0.04144,0.000891321787010729,0.04524,0.000929444375958024,0.04694,0.000945903128232485,0.0493,0.000968189134415379,0.05142,0.00098768399399808,0.25782,0.00195626607392757,0.74218,0.00195626607392757,0.23956,0.00190877450946936,0.01826,0.000598774956056113,0.74218,0.00195626607392757,0.92932,0.07068,0.74218,0.07068,"F.P.
skew = 0
excess kurtosis = 6"
"balanced n, equal SD",20,"20, 20, 20, 20","1.0, 1.0, 1.0, 1.0","F.P.",3,0.5,1,4,"0, 0, 0, 0",0.4105026390248,0.588788580806914,0.04868,0.000962395527836658,0.04904,0.000965764758106238,0.04944,0.0009694914790755,0.0463,0.000939747944929916,0.0512,0.000985683113378737,0.0524,0.000996536401743559,0.68752,0.0020728543103653,0.31248,0.0020728543103653,0.63872,0.00214828658051015,0.0488,0.000963520212553945,0.31248,0.0020728543103653,0.93228,0.06772,0.31248,0.06772,"F.P.
skew = 0.5
excess kurtosis = 1"
"balanced n, equal SD",20,"20, 20, 20, 20","1.0, 1.0, 1.0, 1.0","F.P.",4,1,1.6,4,"0, 0, 0, 0",0.846195064533263,0.978557050781102,0.0492,0.00096725756652507,0.05316,0.00100333458427386,0.05058,0.000980016975363182,0.04878,0.000963332877047181,0.0534,0.00100546944259883,0.05334,0.00100493626066532,0.18536,0.00173782433174357,0.81464,0.00173782433174357,0.1601,0.00163992676665758,0.02526,0.000701739729529403,0.81464,0.00173782433174357,0.90052,0.09948,0.81464,0.09948,"F.P.
skew = 1
excess kurtosis = 1.6"
"balanced n, equal SD",20,"20, 20, 20, 20","1.0, 1.0, 1.0, 1.0","F.P.",5,2,6.6,4,"0, 0, 0, 0",1.59280830740577,3.59273125002986,0.0459,0.000935875953318601,0.05704,0.00103717345126068,0.0506,0.000980200387675908,0.04804,0.000956369786222881,0.0483,0.00095882334139298,0.04834,0.000959200129274387,0.00116,0.000152227093514919,0.99884,0.000152227093514923,0.00058,0.000107672057656571,0.00058,0.000107672057656571,0.99884,0.000152227093514923,0.8005,0.1995,0.99884,0.1995,"F.P.
skew = 2
excess kurtosis = 6.6"
"balanced n, unequal SD",20,"20, 20, 20, 20","1.0, 1.3, 1.7, 2.2","normal",1,0,0,4,"0, 0, 0, 0",0.000719790348248383,0.727891512218773,0.06166,0.00107571412931131,0.0519,0.000992032156736867,0.0565,0.00103254781971587,0.05596,0.00102789569898896,0.05704,0.00103717345126068,0.06088,0.00106933274147947,0.79756,0.00179698662432418,0.20244,0.00179698662432418,0.18324,0.00173010463498599,0.61432,0.00217683686848602,0.20244,0.00179698662432418,0.22268,0.77732,0.20244,0.77732,"Normal distribution
skew = 0; excess kurtosis = 0"
"balanced n, unequal SD",20,"20, 20, 20, 20","1.0, 1.3, 1.7, 2.2","F.P.",2,0,6,4,"0, 0, 0, 0",0.0114476759143368,4.29514584414742,0.05608,0.00102893181115174,0.04212,0.000898286208287759,0.047,0.000946477680666586,0.05274,0.000999584837820182,0.0539,0.00100989890583167,0.055,0.00101955872807799,0.14552,0.00157698401767424,0.85448,0.00157698401767424,0.07476,0.00117618827064378,0.07076,0.00114676085039558,0.85448,0.00157698401767424,0.46664,0.53336,0.85448,0.53336,"F.P.
skew = 0
excess kurtosis = 6"
"balanced n, unequal SD",20,"20, 20, 20, 20","1.0, 1.3, 1.7, 2.2","F.P.",3,0.5,1,4,"0, 0, 0, 0",0.445314993335767,1.48473015566832,0.05964,0.00105908517504495,0.0503,0.000977444729895251,0.05514,0.00102077990183977,0.05796,0.00104499414735203,0.05956,0.00105841963700604,0.0627,0.00108414676128281,0.52016,0.0022342496476446,0.47984,0.0022342496476446,0.14924,0.00159353332189823,0.37092,0.00216027013866322,0.47984,0.0022342496476446,0.27566,0.72434,0.47984,0.72434,"F.P.
skew = 0.5
excess kurtosis = 1"
"balanced n, unequal SD",20,"20, 20, 20, 20","1.0, 1.3, 1.7, 2.2","F.P.",4,1,1.6,4,"0, 0, 0, 0",0.907848688202574,1.88294573746143,0.06272,0.00108430808905956,0.05732,0.00103956161529753,0.06148,0.00107424587129763,0.07494,0.00117748882287689,0.07706,0.00119265884812045,0.0787,0.00120421185843688,0.23372,0.00189259061394693,0.76628,0.00189259061394693,0.0545,0.00101518224964782,0.17922,0.00171522704969342,0.76628,0.00189259061394693,0.2667,0.7333,0.76628,0.7333,"F.P.
skew = 1
excess kurtosis = 1.6"
"balanced n, unequal SD",20,"20, 20, 20, 20","1.0, 1.3, 1.7, 2.2","F.P.",5,2,6.6,4,"0, 0, 0, 0",1.69162458236577,4.70455033522115,0.06078,0.00106851103503895,0.0652,0.0011040739105694,0.06516,0.00110375879973842,0.1425,0.00156328980038891,0.1427,0.00156420401482671,0.14278,0.00156456940785636,0.00512,0.000319179748731025,0.99488,0.000319179748731025,7e-04,0.000118280175853775,0.00442,0.000296663567025006,0.99488,0.000319179748731025,0.33424,0.66576,0.99488,0.66576,"F.P.
skew = 2
excess kurtosis = 6.6"
"unbalanced n, equal SD",20,"10, 16, 24, 30","1.0, 1.0, 1.0, 1.0","normal",1,0,0,4,"0, 0, 0, 0",-0.000804718340444287,-0.0784922553438884,0.04864,0.000962020274214634,0.05068,0.000980933612432564,0.05004,0.000975048700322194,0.04506,0.000927680940841192,0.0513,0.000986593229249015,0.0507,0.000981116812617132,0.95234,0.000952769902967133,0.04766,0.000952769902967133,0.89608,0.00136470241151688,0.05626,0.00103048350205134,0.04766,0.000952769902967133,0.94114,0.05886,0.04766,0.05886,"Normal distribution
skew = 0; excess kurtosis = 0"
"unbalanced n, equal SD",20,"10, 16, 24, 30","1.0, 1.0, 1.0, 1.0","F.P.",2,0,6,4,"0, 0, 0, 0",0.0054804876657346,3.18986317369378,0.04998,0.000974494736773883,0.04064,0.000883044624013985,0.04614,0.00093820147516405,0.04672,0.000943792790817985,0.04758,0.000952009911713108,0.05172,0.000990404378019403,0.25334,0.00194503904536644,0.74666,0.00194503904536644,0.23536,0.00189718565459472,0.01798,0.000594251118635884,0.74666,0.00194503904536644,0.92308,0.07692,0.74666,0.07692,"F.P.
skew = 0
excess kurtosis = 6"
"unbalanced n, equal SD",20,"10, 16, 24, 30","1.0, 1.0, 1.0, 1.0","F.P.",3,0.5,1,4,"0, 0, 0, 0",0.417014131256423,0.603893014741615,0.05242,0.00099671604381589,0.05362,0.00100742141728276,0.05264,0.000998689445223088,0.04946,0.000969677352525055,0.05504,0.00101990782328601,0.05644,0.00103203223205479,0.68272,0.00208141010663444,0.31728,0.00208141010663444,0.633,0.00215550922057875,0.04972,0.000972089724253888,0.31728,0.00208141010663444,0.92998,0.07002,0.31728,0.07002,"F.P.
skew = 0.5
excess kurtosis = 1"
"unbalanced n, equal SD",20,"10, 16, 24, 30","1.0, 1.0, 1.0, 1.0","F.P.",4,1,1.6,4,"0, 0, 0, 0",0.847571622840194,0.983512977757772,0.04932,0.000968375315670531,0.05782,0.00104380886756149,0.05096,0.000983494569380025,0.04658,0.000942446853673988,0.05118,0.000985500964991917,0.05126,0.000986229308021213,0.18334,0.00173047071284087,0.81666,0.00173047071284087,0.1564,0.00162443245473611,0.02694,0.000724075084504363,0.81666,0.00173047071284087,0.8959,0.1041,0.81666,0.1041,"F.P.
skew = 1
excess kurtosis = 1.6"
"unbalanced n, equal SD",20,"10, 16, 24, 30","1.0, 1.0, 1.0, 1.0","F.P.",5,2,6.6,4,"0, 0, 0, 0",1.59578806996061,3.60091714225519,0.0477,0.000953149620993472,0.06784,0.00112461312814674,0.04954,0.00097042040786455,0.04756,0.000951819798071042,0.04774,0.000953529154247525,0.04774,0.000953529154247525,0.00164,0.000180959133508093,0.99836,0.000180959133508092,0.00066,0.000114853332559399,0.00098,0.00013993138318476,0.99836,0.000180959133508092,0.80396,0.19604,0.99836,0.19604,"F.P.
skew = 2
excess kurtosis = 6.6"
"unbalanced n, larger n with larger SD",20,"10, 16, 24, 30","1.0, 1.3, 1.7, 2.2","normal",1,0,0,4,"0, 0, 0, 0",0.000786255999031009,0.47333780172397,0.0254,0.000703631153375119,0.04898,0.000965204222949734,0.04568,0.00093373805320336,0.03028,0.000766330497892391,0.04796,0.00095561329417291,0.04578,0.000934710560548023,0.86624,0.00152228947575683,0.13376,0.00152228947575683,0.32638,0.00209693154680834,0.53986,0.0022289512349982,0.13376,0.00152228947575683,0.37986,0.62014,0.13376,0.62014,"Normal distribution
skew = 0; excess kurtosis = 0"
"unbalanced n, larger n with larger SD",20,"10, 16, 24, 30","1.0, 1.3, 1.7, 2.2","F.P.",2,0,6,4,"0, 0, 0, 0",-0.00931335301471977,4.0706860332434,0.02542,0.000703900896433582,0.04136,0.00089049817967248,0.0342,0.000812777460317398,0.03218,0.000789233141726828,0.03544,0.000826849519562054,0.03478,0.000819394308010496,0.16026,0.00164058972567793,0.83974,0.00164058972567793,0.10474,0.00136944903081495,0.05552,0.00102408524645168,0.83974,0.00164058972567793,0.6613,0.3387,0.83974,0.3387,"F.P.
skew = 0
excess kurtosis = 6"
"unbalanced n, larger n with larger SD",20,"10, 16, 24, 30","1.0, 1.3, 1.7, 2.2","F.P.",3,0.5,1,4,"0, 0, 0, 0",0.443571503323994,1.252385904405,0.0263,0.000715657879157353,0.04988,0.000973570599391744,0.04602,0.000937039589345082,0.03388,0.000809100063032997,0.04558,0.000932764317499335,0.04416,0.000918802420545353,0.56798,0.00221530458221889,0.43202,0.00221530458221889,0.24578,0.00192547236594037,0.3222,0.00208991463940516,0.43202,0.00221530458221889,0.44394,0.55606,0.43202,0.55606,"F.P.
skew = 0.5
excess kurtosis = 1"
"unbalanced n, larger n with larger SD",20,"10, 16, 24, 30","1.0, 1.3, 1.7, 2.2","F.P.",4,1,1.6,4,"0, 0, 0, 0",0.907635042849948,1.64950781380969,0.02812,0.00073931408210584,0.05254,0.000997793048682942,0.05032,0.00097762873934843,0.04448,0.000921971036421427,0.0511,0.000984771953296803,0.05086,0.000982580891326511,0.2263,0.00187130067065664,0.7737,0.00187130067065664,0.07834,0.00120168918111132,0.14796,0.0015878780708858,0.7737,0.00187130067065664,0.41364,0.58636,0.7737,0.58636,"F.P.
skew = 1
excess kurtosis = 1.6"
"unbalanced n, larger n with larger SD",20,"10, 16, 24, 30","1.0, 1.3, 1.7, 2.2","F.P.",5,2,6.6,4,"0, 0, 0, 0",1.69899236677788,4.51720938198356,0.02878,0.000747685918016382,0.05566,0.00102529960889488,0.05304,0.00100226501884482,0.09462,0.00130894656575431,0.09488,0.00131055549748952,0.09488,0.00131055549748952,0.00336,0.000258793755720651,0.99664,0.000258793755720652,0.00064,0.000113100875328178,0.00272,0.00023292065601831,0.99664,0.000258793755720652,0.4792,0.5208,0.99664,0.5208,"F.P.
skew = 2
excess kurtosis = 6.6"
"unbalanced n, larger n with smaller SD",20,"10, 16, 24, 30","2.2, 1.7, 1.3, 1.0","normal",1,0,0,4,"0, 0, 0, 0",-0.00170303690265591,0.822186038767531,0.13052,0.00150654923318158,0.0517,0.000990223308148218,0.06996,0.00114075061604191,0.0818,0.00122563257136876,0.06464,0.0010996514938834,0.08028,0.00121519645819102,0.7716,0.00187741013100494,0.2284,0.00187741013100494,0.19402,0.00176848092780216,0.57758,0.00220898774826842,0.2284,0.00187741013100494,0.22844,0.77156,0.2284,0.77156,"Normal distribution
skew = 0; excess kurtosis = 0"
"unbalanced n, larger n with smaller SD",20,"10, 16, 24, 30","2.2, 1.7, 1.3, 1.0","F.P.",2,0,6,4,"0, 0, 0, 0",-0.00925432441972505,4.18562263554842,0.12066,0.00145671661211095,0.04198,0.000896857620807227,0.06038,0.00106521599312064,0.07566,0.00118267125102456,0.0747,0.00117575431107013,0.07894,0.00120588951732735,0.1529,0.00160948184208459,0.8471,0.00160948184208459,0.07946,0.00120951319463659,0.07344,0.00116658961421744,0.8471,0.00160948184208459,0.41096,0.58904,0.8471,0.58904,"F.P.
skew = 0
excess kurtosis = 6"
"unbalanced n, larger n with smaller SD",20,"10, 16, 24, 30","2.2, 1.7, 1.3, 1.0","F.P.",3,0.5,1,4,"0, 0, 0, 0",0.427444299728484,1.5323875511238,0.12786,0.00149339760546212,0.05344,0.00100582470043244,0.072,0.00115599307956406,0.08448,0.00124372930816959,0.07538,0.00118065960886277,0.08702,0.00126053575593872,0.51678,0.0022348084105802,0.48322,0.0022348084105802,0.15866,0.0016339339301208,0.35812,0.00214415515110264,0.48322,0.0022348084105802,0.27042,0.72958,0.48322,0.72958,"F.P.
skew = 0.5
excess kurtosis = 1"
"unbalanced n, larger n with smaller SD",20,"10, 16, 24, 30","2.2, 1.7, 1.3, 1.0","F.P.",4,1,1.6,4,"0, 0, 0, 0",0.881382089874328,1.92117099293093,0.12724,0.00149030186472406,0.06382,0.00109313318127299,0.0776,0.00119648017116875,0.10294,0.00135899489623766,0.10014,0.00134247517965883,0.10412,0.00136586255238219,0.23436,0.00189438850503269,0.76564,0.00189438850503269,0.0585,0.00104954990353008,0.17586,0.00170254668306041,0.76564,0.00189438850503269,0.26032,0.73968,0.76564,0.73968,"F.P.
skew = 1
excess kurtosis = 1.6"
"unbalanced n, larger n with smaller SD",20,"10, 16, 24, 30","2.2, 1.7, 1.3, 1.0","F.P.",5,2,6.6,4,"0, 0, 0, 0",1.63792492833388,4.55813481185418,0.12622,0.00148518356845206,0.08948,0.0012765056176923,0.08904,0.00127367090254901,0.17992,0.00171784046756385,0.17996,0.00171798951335565,0.18,0.00171813852759316,0.00626,0.000352726874507741,0.99374,0.000352726874507743,0.00094,0.000137048633703514,0.00532,0.0003253213057886,0.99374,0.000352726874507743,0.32168,0.67832,0.99374,0.67832,"F.P.
skew = 2
excess kurtosis = 6.6"
"balanced n, equal SD",30,"30, 30, 30, 30","1.0, 1.0, 1.0, 1.0","normal",1,0,0,4,"0, 0, 0, 0",-0.00107435194339488,-0.0474799682191518,0.0483,0.00095882334139298,0.04786,0.000954666647579143,0.04916,0.000966884630139501,0.04664,0.000943023970002884,0.0486,0.000961644840884617,0.04986,0.000973385641973416,0.95028,0.000972089724253888,0.04972,0.000972089724253888,0.89856,0.00135018462737509,0.05172,0.000990404378019403,0.04972,0.000972089724253888,0.94628,0.05372,0.04972,0.05372,"Normal distribution
skew = 0; excess kurtosis = 0"
"balanced n, equal SD",30,"30, 30, 30, 30","1.0, 1.0, 1.0, 1.0","F.P.",2,0,6,4,"0, 0, 0, 0",0.00243562866324526,3.81921060327087,0.04886,0.000964081950873472,0.04498,0.000926895890593976,0.04854,0.000961081353476385,0.0483,0.00095882334139298,0.05006,0.000975233268505541,0.05094,0.000983311917958895,0.1058,0.00137554614608162,0.8942,0.00137554614608162,0.09968,0.0013397305520141,0.00612,0.000348784907930375,0.8942,0.00137554614608162,0.93894,0.06106,0.8942,0.06106,"F.P.
skew = 0
excess kurtosis = 6"
"balanced n, equal SD",30,"30, 30, 30, 30","1.0, 1.0, 1.0, 1.0","F.P.",3,0.5,1,4,"0, 0, 0, 0",0.444444148632636,0.728208888136352,0.04998,0.000974494736773883,0.05024,0.000976892444437974,0.05072,0.000981299970447365,0.0504,0.000978364349309601,0.05338,0.00100529175466628,0.05414,0.00101201640698163,0.55326,0.0022233460027625,0.44674,0.0022233460027625,0.51658,0.00223483826528901,0.03668,0.000840649482245722,0.44674,0.0022233460027625,0.9351,0.0649,0.44674,0.0649,"F.P.
skew = 0.5
excess kurtosis = 1"
"balanced n, equal SD",30,"30, 30, 30, 30","1.0, 1.0, 1.0, 1.0","F.P.",4,1,1.6,4,"0, 0, 0, 0",0.893740959299314,1.14915032676131,0.05032,0.00097762873934843,0.05374,0.00100848413373736,0.05128,0.000986411289473108,0.04884,0.000963894749441037,0.04978,0.000972645378336832,0.04992,0.000973940384212504,0.04256,0.000902758510344821,0.95744,0.000902758510344821,0.03646,0.00083822035766259,0.0061,0.000348218035144649,0.95744,0.000902758510344821,0.90146,0.09854,0.95744,0.09854,"F.P.
skew = 1
excess kurtosis = 1.6"
"balanced n, equal SD",30,"30, 30, 30, 30","1.0, 1.0, 1.0, 1.0","F.P.",5,2,6.6,4,"0, 0, 0, 0",1.70887366716243,4.2917945737184,0.04672,0.000943792790817985,0.05588,0.00102720422117513,0.05108,0.000984589595719963,0.0481,0.000956936675020871,0.0481,0.000956936675020871,0.0481,0.000956936675020871,0,0,1,0,0,0,0,0,1,0,0.80468,0.19532,1,0.19532,"F.P.
skew = 2
excess kurtosis = 6.6"
"balanced n, unequal SD",30,"30, 30, 30, 30","1.0, 1.3, 1.7, 2.2","normal",1,0,0,4,"0, 0, 0, 0",-0.00089244215776074,0.793103555815354,0.06166,0.00107571412931131,0.0513,0.000986593229249015,0.05272,0.000999405839486642,0.05614,0.00102944937126602,0.05724,0.00103887999691976,0.05836,0.0010483712166976,0.7293,0.00198706572613993,0.2707,0.00198706572613993,0.0517,0.000990223308148218,0.6776,0.00209025472131987,0.2707,0.00198706572613993,0.06574,0.93426,0.2707,0.93426,"Normal distribution
skew = 0; excess kurtosis = 0"
"balanced n, unequal SD",30,"30, 30, 30, 30","1.0, 1.3, 1.7, 2.2","F.P.",2,0,6,4,"0, 0, 0, 0",-0.00245976802414046,5.16833969845953,0.05728,0.00103922087738844,0.04492,0.000926306575600109,0.04704,0.000946860479690646,0.05288,0.00100083670596157,0.05412,0.00101184016129031,0.0544,0.00101430409641291,0.04162,0.00089317160277295,0.95838,0.00089317160277295,0.01478,0.000539658254824291,0.02684,0.000722767104951519,0.95838,0.00089317160277295,0.28474,0.71526,0.95838,0.71526,"F.P.
skew = 0
excess kurtosis = 6"
"balanced n, unequal SD",30,"30, 30, 30, 30","1.0, 1.3, 1.7, 2.2","F.P.",3,0.5,1,4,"0, 0, 0, 0",0.476020633540277,1.68036836930688,0.05962,0.00105891884108273,0.05028,0.00097726067760859,0.05204,0.000993295911599358,0.05992,0.00106141032216575,0.06246,0.00108220837549891,0.0632,0.00108817057486407,0.35588,0.00214116522295688,0.64412,0.00214116522295688,0.04098,0.000886573624692276,0.3149,0.00207719999037165,0.64412,0.00214116522295688,0.10206,0.89794,0.64412,0.89794,"F.P.
skew = 0.5
excess kurtosis = 1"
"balanced n, unequal SD",30,"30, 30, 30, 30","1.0, 1.3, 1.7, 2.2","F.P.",4,1,1.6,4,"0, 0, 0, 0",0.969552073786582,2.18236820553364,0.06142,0.00107375587169524,0.05446,0.0010148311031891,0.05678,0.0010349495794482,0.08522,0.00124865969423218,0.08614,0.00125475017752539,0.0864,0.001256463608705,0.0855,0.00125051789271485,0.9145,0.00125051789271485,0.00706,0.000374437081497012,0.07844,0.00120239067195317,0.9145,0.00125051789271485,0.10286,0.89714,0.9145,0.89714,"F.P.
skew = 1
excess kurtosis = 1.6"
"balanced n, unequal SD",30,"30, 30, 30, 30","1.0, 1.3, 1.7, 2.2","F.P.",5,2,6.6,4,"0, 0, 0, 0",1.8332562046363,5.70059585717008,0.06086,0.00106916846567788,0.0633,0.00108897300242017,0.06438,0.00109759022954835,0.19822,0.00178285631277453,0.19822,0.00178285631277453,0.19822,0.00178285631277453,0.00012,4.89868553797853e-05,0.99988,4.89868553797871e-05,0,0,0.00012,4.89868553797853e-05,0.99988,4.89868553797871e-05,0.1905,0.8095,0.99988,0.8095,"F.P.
skew = 2
excess kurtosis = 6.6"
"unbalanced n, equal SD",30,"15, 24, 36, 45","1.0, 1.0, 1.0, 1.0","normal",1,0,0,4,"0, 0, 0, 0",0.000934901440316776,-0.0488858267512051,0.05154,0.000988773264201657,0.05114,0.000985136542820334,0.0522,0.000994737754385547,0.04854,0.000961081353476385,0.05166,0.000989861044793662,0.05268,0.000999047722583861,0.95104,0.000965017288964296,0.04896,0.000965017288964296,0.89706,0.00135899489623766,0.05398,0.00101060535917835,0.04896,0.000965017288964296,0.9436,0.0564,0.04896,0.0564,"Normal distribution
skew = 0; excess kurtosis = 0"
"unbalanced n, equal SD",30,"15, 24, 36, 45","1.0, 1.0, 1.0, 1.0","F.P.",2,0,6,4,"0, 0, 0, 0",0.000283414458055715,3.79826533198117,0.04916,0.000966884630139501,0.04314,0.000908613673680954,0.0467,0.000943600657057847,0.04812,0.000957125546623848,0.04956,0.000970606062210617,0.05078,0.000981849190049063,0.10798,0.00138795042850961,0.89202,0.00138795042850961,0.10092,0.00134710915370656,0.00706,0.000374437081497012,0.89202,0.00138795042850961,0.93274,0.06726,0.89202,0.06726,"F.P.
skew = 0
excess kurtosis = 6"
"unbalanced n, equal SD",30,"15, 24, 36, 45","1.0, 1.0, 1.0, 1.0","F.P.",3,0.5,1,4,"0, 0, 0, 0",0.442016370723267,0.716904963254833,0.05006,0.000975233268505541,0.05046,0.000978915608211454,0.05086,0.000982580891326511,0.04798,0.000955802485872474,0.05208,0.000993656616744437,0.05316,0.00100333458427386,0.5572,0.00222138767440535,0.4428,0.00222138767440535,0.51866,0.00223451025685719,0.03854,0.000860867799374561,0.4428,0.00222138767440535,0.93344,0.06656,0.4428,0.06656,"F.P.
skew = 0.5
excess kurtosis = 1"
"unbalanced n, equal SD",30,"15, 24, 36, 45","1.0, 1.0, 1.0, 1.0","F.P.",4,1,1.6,4,"0, 0, 0, 0",0.894416146345775,1.14915393755766,0.0486,0.000961644840884617,0.05376,0.00100866111653022,0.04878,0.000963332877047181,0.04692,0.000945711516266985,0.04828,0.000958634879398825,0.0483,0.00095882334139298,0.0439,0.000916218205451081,0.9561,0.000916218205451082,0.0372,0.000846358789166864,0.0067,0.000364831742040081,0.9561,0.000916218205451082,0.89928,0.10072,0.9561,0.10072,"F.P.
skew = 1
excess kurtosis = 1.6"
"unbalanced n, equal SD",30,"15, 24, 36, 45","1.0, 1.0, 1.0, 1.0","F.P.",5,2,6.6,4,"0, 0, 0, 0",1.71299271598223,4.32674493504273,0.04806,0.000956558794847447,0.06646,0.00111393957107197,0.05146,0.000988047249882312,0.0475,0.000951249178711866,0.0475,0.000951249178711866,0.0475,0.000951249178711866,2e-05,1.9999799999e-05,0.99998,1.999979999901e-05,0,0,2e-05,1.9999799999e-05,0.99998,1.999979999901e-05,0.80464,0.19536,0.99998,0.19536,"F.P.
skew = 2
excess kurtosis = 6.6"
"unbalanced n, larger n with larger SD",30,"15, 24, 36, 45","1.0, 1.3, 1.7, 2.2","normal",1,0,0,4,"0, 0, 0, 0",-0.000481157295142326,0.526382853935131,0.02544,0.000704170524802054,0.04908,0.00096613822613537,0.0481,0.000956936675020871,0.0302,0.00076534907068605,0.0477,0.000953149620993472,0.04698,0.000946286210403597,0.82592,0.00169573673428395,0.17408,0.00169573673428395,0.12156,0.001461390888161,0.70436,0.00204076941568615,0.17408,0.00169573673428395,0.1469,0.8531,0.17408,0.8531,"Normal distribution
skew = 0; excess kurtosis = 0"
"unbalanced n, larger n with larger SD",30,"15, 24, 36, 45","1.0, 1.3, 1.7, 2.2","F.P.",2,0,6,4,"0, 0, 0, 0",0.0057499849585974,4.82040346605738,0.02602,0.000711940441329189,0.04548,0.00093178934958498,0.03872,0.000862795011575751,0.03388,0.000809100063032997,0.0355,0.000827523413566045,0.03516,0.000823696235271231,0.05058,0.000980016975363182,0.94942,0.000980016975363182,0.02544,0.000704170524802054,0.02514,0.00070011399643201,0.94942,0.000980016975363182,0.46698,0.53302,0.94942,0.53302,"F.P.
skew = 0
excess kurtosis = 6"
"unbalanced n, larger n with larger SD",30,"15, 24, 36, 45","1.0, 1.3, 1.7, 2.2","F.P.",3,0.5,1,4,"0, 0, 0, 0",0.475343584946329,1.4242275468892,0.02664,0.000720143185762387,0.0513,0.000986593229249015,0.04932,0.000968375315670531,0.036,0.00083311463797007,0.0455,0.000931984441930229,0.0447,0.000924141872225255,0.41244,0.00220151423524809,0.58756,0.00220151423524809,0.08602,0.00125395820982998,0.32642,0.00209699777586911,0.58756,0.00220151423524809,0.20888,0.79112,0.58756,0.79112,"F.P.
skew = 0.5
excess kurtosis = 1"
"unbalanced n, larger n with larger SD",30,"15, 24, 36, 45","1.0, 1.3, 1.7, 2.2","F.P.",4,1,1.6,4,"0, 0, 0, 0",0.961540618120547,1.89185581199149,0.02738,0.000729799090161121,0.0531,0.00100279998005584,0.05292,0.00100119402315435,0.05288,0.00100083670596157,0.05548,0.00102373795084484,0.05542,0.00102321672777569,0.0784,0.00120211014470389,0.9216,0.00120211014470389,0.01192,0.000485343457769856,0.06648,0.00111409523470842,0.9216,0.00120211014470389,0.20192,0.79808,0.9216,0.79808,"F.P.
skew = 1
excess kurtosis = 1.6"
"unbalanced n, larger n with larger SD",30,"15, 24, 36, 45","1.0, 1.3, 1.7, 2.2","F.P.",5,2,6.6,4,"0, 0, 0, 0",1.81833075700014,5.35527829773905,0.02732,0.00072902150311222,0.0541,0.00101166387698682,0.05384,0.00100936865812249,0.13808,0.00154281504789135,0.13808,0.00154281504789135,0.13808,0.00154281504789135,8e-05,3.99983999679987e-05,0.99992,3.9998399967991e-05,0,0,8e-05,3.99983999679987e-05,0.99992,3.9998399967991e-05,0.30282,0.69718,0.99992,0.69718,"F.P.
skew = 2
excess kurtosis = 6.6"
"unbalanced n, larger n with smaller SD",30,"15, 24, 36, 45","2.2, 1.7, 1.3, 1.0","normal",1,0,0,4,"0, 0, 0, 0",-0.000372266035235226,0.906491421882465,0.1294,0.00150103724137678,0.05034,0.000977812705992308,0.05652,0.00103271960957464,0.08354,0.00123742529794731,0.06704,0.00111844211651744,0.0721,0.00115673324496186,0.69712,0.0020549632872633,0.30288,0.0020549632872633,0.0682,0.00112737535896435,0.62892,0.00216046121742558,0.30288,0.0020549632872633,0.08214,0.91786,0.30288,0.91786,"Normal distribution
skew = 0; excess kurtosis = 0"
"unbalanced n, larger n with smaller SD",30,"15, 24, 36, 45","2.2, 1.7, 1.3, 1.0","F.P.",2,0,6,4,"0, 0, 0, 0",0.00699510813727966,5.0929125048738,0.1232,0.00146984189625959,0.04264,0.000903568817523048,0.05318,0.00100351270644671,0.07586,0.00118410523518816,0.07574,0.00118324513436566,0.07668,0.00118995947494022,0.04304,0.000907607386483825,0.95696,0.000907607386483825,0.01606,0.000562175709187083,0.02698,0.000724597537947791,0.95696,0.000907607386483825,0.26854,0.73146,0.95696,0.73146,"F.P.
skew = 0
excess kurtosis = 6"
"unbalanced n, larger n with smaller SD",30,"15, 24, 36, 45","2.2, 1.7, 1.3, 1.0","F.P.",3,0.5,1,4,"0, 0, 0, 0",0.47171300411017,1.79402554112137,0.12618,0.001484982205954,0.05232,0.000995817429050125,0.0596,0.00105875247343277,0.08684,0.0012593555050104,0.08132,0.00122235066654377,0.0846,0.0012445307549434,0.34954,0.00213242485635485,0.65046,0.00213242485635485,0.05094,0.000983311917958895,0.2986,0.00204664623225412,0.65046,0.00213242485635485,0.11772,0.88228,0.65046,0.88228,"F.P.
skew = 0.5
excess kurtosis = 1"
"unbalanced n, larger n with smaller SD",30,"15, 24, 36, 45","2.2, 1.7, 1.3, 1.0","F.P.",4,1,1.6,4,"0, 0, 0, 0",0.950185434238591,2.24553579985631,0.12838,0.00149598513094215,0.05922,0.00105558506620736,0.06632,0.0011128491146602,0.11542,0.00142897322298215,0.11442,0.00142357341644188,0.11494,0.00142638561686523,0.08578,0.00125237208209062,0.91422,0.00125237208209062,0.00838,0.000407670837809132,0.0774,0.00119506686005428,0.91422,0.00125237208209062,0.12118,0.87882,0.91422,0.87882,"F.P.
skew = 1
excess kurtosis = 1.6"
"unbalanced n, larger n with smaller SD",30,"15, 24, 36, 45","2.2, 1.7, 1.3, 1.0","F.P.",5,2,6.6,4,"0, 0, 0, 0",1.80184036928322,5.65717644967846,0.12754,0.00149180124949673,0.0821,0.00122767740062282,0.0848,0.00124586484018131,0.22934,0.00188012321085614,0.22936,0.00188018079130705,0.22936,0.00188018079130705,1e-04,4.47191234261138e-05,0.9999,4.47191234261113e-05,0,0,1e-04,4.47191234261138e-05,0.9999,4.47191234261113e-05,0.20246,0.79754,0.9999,0.79754,"F.P.
skew = 2
excess kurtosis = 6.6"
"balanced n, equal SD",50,"50, 50, 50, 50","1.0, 1.0, 1.0, 1.0","normal",1,0,0,4,"0, 0, 0, 0",9.78806411473236e-05,-0.0325217531335072,0.0512,0.000985683113378737,0.05162,0.000989498616471999,0.05162,0.000989498616471999,0.0509,0.000982946488879227,0.05212,0.000994017158805621,0.05206,0.000993476284568484,0.95226,0.000953529154247525,0.04774,0.000953529154247525,0.9015,0.00133264961636583,0.05076,0.000981666159139654,0.04774,0.000953529154247525,0.94696,0.05304,0.04774,0.05304,"Normal distribution
skew = 0; excess kurtosis = 0"
"balanced n, equal SD",50,"50, 50, 50, 50","1.0, 1.0, 1.0, 1.0","F.P.",2,0,6,4,"0, 0, 0, 0",-0.000608846676453355,4.4822097919603,0.0477,0.000953149620993472,0.04476,0.000924732852233552,0.0473,0.000949344089358542,0.04798,0.000955802485872474,0.04832,0.000959011758009254,0.04826,0.00095844637200002,0.0143,0.000530952163570316,0.9857,0.000530952163570316,0.0135,0.000516095921316958,8e-04,0.000126440499840834,0.9857,0.000530952163570316,0.94448,0.05552,0.9857,0.05552,"F.P.
skew = 0
excess kurtosis = 6"
"balanced n, equal SD",50,"50, 50, 50, 50","1.0, 1.0, 1.0, 1.0","F.P.",3,0.5,1,4,"0, 0, 0, 0",0.464099893233206,0.821234901915859,0.04672,0.000943792790817985,0.04662,0.000942831645629271,0.04708,0.000947243090236081,0.04654,0.000942061870579634,0.04852,0.000960893434257931,0.04882,0.000963707503343208,0.3562,0.00214159548001017,0.6438,0.00214159548001017,0.33358,0.00210857479639685,0.02262,0.000664956172991875,0.6438,0.00214159548001017,0.93726,0.06274,0.6438,0.06274,"F.P.
skew = 0.5
excess kurtosis = 1"
"balanced n, equal SD",50,"50, 50, 50, 50","1.0, 1.0, 1.0, 1.0","F.P.",4,1,1.6,4,"0, 0, 0, 0",0.935748400365343,1.31491753853997,0.05132,0.000986775127371986,0.05302,0.00100208661901055,0.05196,0.000992574011346257,0.05094,0.000983311917958895,0.05094,0.000983311917958895,0.05096,0.000983494569380025,0.00132,0.000162373495374091,0.99868,0.00016237349537409,0.00112,0.000149582458864668,2e-04,6.32392283317879e-05,0.99868,0.00016237349537409,0.9048,0.0952,0.99868,0.0952,"F.P.
skew = 1
excess kurtosis = 1.6"
"balanced n, equal SD",50,"50, 50, 50, 50","1.0, 1.0, 1.0, 1.0","F.P.",5,2,6.6,4,"0, 0, 0, 0",1.81198736042869,4.99396132198578,0.04892,0.000964643287438419,0.05502,0.00101973329454323,0.0506,0.000980200387675908,0.05074,0.000981483085946977,0.05074,0.000981483085946977,0.05074,0.000981483085946977,0,0,1,0,0,0,0,0,1,0,0.80978,0.19022,1,0.19022,"F.P.
skew = 2
excess kurtosis = 6.6"
"balanced n, unequal SD",50,"50, 50, 50, 50","1.0, 1.3, 1.7, 2.2","normal",1,0,0,4,"0, 0, 0, 0",0.0013886110347268,0.851361497822797,0.06056,0.00106670039280015,0.0509,0.000982946488879227,0.05104,0.000984224754819752,0.05534,0.00102252124085517,0.05766,0.00104245215141991,0.05772,0.00104296118432087,0.58864,0.00220064967861766,0.41136,0.00220064967861766,0.0028,0.00023631165862056,0.58584,0.00220286855894763,0.41136,0.00220064967861766,0.00352,0.99648,0.41136,0.99648,"Normal distribution
skew = 0; excess kurtosis = 0"
"balanced n, unequal SD",50,"50, 50, 50, 50","1.0, 1.3, 1.7, 2.2","F.P.",2,0,6,4,"0, 0, 0, 0",0.00307657248445918,6.13700050205236,0.0565,0.00103254781971587,0.04522,0.000929248638417082,0.04514,0.000928465189439001,0.05234,0.000995997232927883,0.05256,0.000997972408436225,0.05256,0.000997972408436225,0.0026,0.000227738446468751,0.9974,0.000227738446468753,0.00034,8.2448092761446e-05,0.00226,0.000212362539069394,0.9974,0.000227738446468753,0.07888,0.92112,0.9974,0.92112,"F.P.
skew = 0
excess kurtosis = 6"
"balanced n, unequal SD",50,"50, 50, 50, 50","1.0, 1.3, 1.7, 2.2","F.P.",3,0.5,1,4,"0, 0, 0, 0",0.505457738756023,1.88752142742102,0.05826,0.0010475282564208,0.04934,0.00096856145287741,0.04942,0.000969305561729633,0.06312,0.00108752807412039,0.06436,0.00109743145936318,0.0644,0.00109774896948255,0.14932,0.00159388542624619,0.85068,0.00159388542624619,0.00148,0.000171919143785676,0.14784,0.00158734579975505,0.85068,0.00159388542624619,0.00862,0.99138,0.85068,0.99138,"F.P.
skew = 0.5
excess kurtosis = 1"
"balanced n, unequal SD",50,"50, 50, 50, 50","1.0, 1.3, 1.7, 2.2","F.P.",4,1,1.6,4,"0, 0, 0, 0",1.02741315325577,2.49106368994009,0.06004,0.001062404804206,0.05194,0.000992393434077433,0.05218,0.000994557666503054,0.10868,0.00139189552481499,0.10892,0.00139324393844007,0.10892,0.00139324393844007,0.00754,0.000386862983496741,0.99246,0.000386862983496741,6e-05,3.46399769053041e-05,0.00748,0.000385332313724141,0.99246,0.000386862983496741,0.0098,0.9902,0.99246,0.9902,"F.P.
skew = 1
excess kurtosis = 1.6"
"balanced n, unequal SD",50,"50, 50, 50, 50","1.0, 1.3, 1.7, 2.2","F.P.",5,2,6.6,4,"0, 0, 0, 0",1.96396533284386,6.76932222160678,0.06118,0.00107179296135028,0.06058,0.00106686516111456,0.06114,0.00107146535548285,0.32144,0.00208861832990137,0.32144,0.00208861832990137,0.32144,0.00208861832990137,0,0,1,0,0,0,0,0,1,0,0.05474,0.94526,1,0.94526,"F.P.
skew = 2
excess kurtosis = 6.6"
"unbalanced n, equal SD",50,"25, 40, 60, 75","1.0, 1.0, 1.0, 1.0","normal",1,0,0,4,"0, 0, 0, 0",-0.00088798886900306,-0.0329901293481999,0.04958,0.000970791672811422,0.04894,0.000964830310469152,0.05024,0.000976892444437974,0.0478,0.000954098108162887,0.04938,0.000968933595247889,0.0505,0.000979282900902492,0.95034,0.000971533678263394,0.04966,0.000971533678263394,0.89904,0.00134734612034176,0.0513,0.000986593229249015,0.04966,0.000971533678263394,0.94636,0.05364,0.04966,0.05364,"Normal distribution
skew = 0; excess kurtosis = 0"
"unbalanced n, equal SD",50,"25, 40, 60, 75","1.0, 1.0, 1.0, 1.0","F.P.",2,0,6,4,"0, 0, 0, 0",-0.00152013479417206,4.47938272638024,0.04932,0.000968375315670531,0.04512,0.00092826920233303,0.04816,0.00095750315299742,0.04926,0.000967816639658567,0.04976,0.000972460203812989,0.04986,0.000973385641973416,0.01418,0.00052875188132053,0.98582,0.00052875188132053,0.01312,0.000508878484512757,0.00106,0.00014552500816011,0.98582,0.00052875188132053,0.94054,0.05946,0.98582,0.05946,"F.P.
skew = 0
excess kurtosis = 6"
"unbalanced n, equal SD",50,"25, 40, 60, 75","1.0, 1.0, 1.0, 1.0","F.P.",3,0.5,1,4,"0, 0, 0, 0",0.460779005124365,0.811288325026589,0.04914,0.000966698095581035,0.04992,0.000973940384212504,0.04954,0.00097042040786455,0.0491,0.00096632489360463,0.05164,0.000989679851265044,0.05214,0.000994197368735202,0.3593,0.00214570971941687,0.6407,0.00214570971941686,0.3362,0.00211267394550129,0.0231,0.000671809347955207,0.6407,0.00214570971941686,0.93884,0.06116,0.6407,0.06116,"F.P.
skew = 0.5
excess kurtosis = 1"
"unbalanced n, equal SD",50,"25, 40, 60, 75","1.0, 1.0, 1.0, 1.0","F.P.",4,1,1.6,4,"0, 0, 0, 0",0.934393469158151,1.31433057096246,0.05004,0.000975048700322194,0.05474,0.00101728592244265,0.05068,0.000980933612432564,0.0489,0.000964456219846189,0.04896,0.000965017288964296,0.04894,0.000964830310469152,0.00146,0.000170755286887405,0.99854,0.000170755286887406,0.00118,0.000153532250683692,0.00028,7.48226703613283e-05,0.99854,0.000170755286887406,0.90338,0.09662,0.99854,0.09662,"F.P.
skew = 1
excess kurtosis = 1.6"
"unbalanced n, equal SD",50,"25, 40, 60, 75","1.0, 1.0, 1.0, 1.0","F.P.",5,2,6.6,4,"0, 0, 0, 0",1.81468170946814,5.03258504345927,0.04898,0.000965204222949734,0.06292,0.00108591964343592,0.05284,0.0010004792291697,0.05086,0.000982580891326511,0.05086,0.000982580891326511,0.05086,0.000982580891326511,0,0,1,0,0,0,0,0,1,0,0.81146,0.18854,1,0.18854,"F.P.
skew = 2
excess kurtosis = 6.6"
"unbalanced n, larger n with larger SD",50,"25, 40, 60, 75","1.0, 1.3, 1.7, 2.2","normal",1,0,0,4,"0, 0, 0, 0",-7.14404199351416e-05,0.577284493833347,0.02624,0.000714863097382988,0.04976,0.000972460203812989,0.0497,0.000971904419168881,0.03232,0.000790890859727181,0.04752,0.000951439431598249,0.04748,0.000951058879355006,0.74344,0.00195313576793832,0.25656,0.00195313576793832,0.01022,0.000449789986549278,0.73322,0.0019779202794855,0.25656,0.00195313576793832,0.01296,0.98704,0.25656,0.98704,"Normal distribution
skew = 0; excess kurtosis = 0"
"unbalanced n, larger n with larger SD",50,"25, 40, 60, 75","1.0, 1.3, 1.7, 2.2","F.P.",2,0,6,4,"0, 0, 0, 0",-0.00562630556457393,5.66294769406021,0.02586,0.000709806458127848,0.04622,0.000938975096581374,0.0442,0.000919199216709849,0.03576,0.000830436299784637,0.0358,0.000830883385319504,0.03578,0.00083065987744684,0.00362,0.000268585018197218,0.99638,0.000268585018197217,0.00102,0.000142755707416551,0.0026,0.000227738446468751,0.99638,0.000268585018197217,0.18182,0.81818,0.99638,0.81818,"F.P.
skew = 0
excess kurtosis = 6"
"unbalanced n, larger n with larger SD",50,"25, 40, 60, 75","1.0, 1.3, 1.7, 2.2","F.P.",3,0.5,1,4,"0, 0, 0, 0",0.499810082730781,1.57068712206292,0.02614,0.000713536269575696,0.05016,0.000976155463028303,0.05012,0.000975786714400232,0.03812,0.000856351161615374,0.04272,0.000904378257146864,0.04274,0.000904580481770417,0.20578,0.00180795238654119,0.79422,0.00180795238654119,0.00642,0.000357177367704058,0.19936,0.00178670417473067,0.79422,0.00180795238654119,0.0302,0.9698,0.79422,0.9698,"F.P.
skew = 0.5
excess kurtosis = 1"
"unbalanced n, larger n with larger SD",50,"25, 40, 60, 75","1.0, 1.3, 1.7, 2.2","F.P.",4,1,1.6,4,"0, 0, 0, 0",1.00786670668746,2.13895007247882,0.02696,0.000724336363853148,0.05152,0.000988591822745869,0.05128,0.000986411289473108,0.07,0.00114105214604767,0.0704,0.00114406153680648,0.0704,0.00114406153680648,0.00656,0.000361025384149093,0.99344,0.000361025384149093,0.00016,5.65640168304904e-05,0.0064,0.000356624171923329,0.99344,0.000361025384149093,0.03064,0.96936,0.99344,0.96936,"F.P.
skew = 1
excess kurtosis = 1.6"
"unbalanced n, larger n with larger SD",50,"25, 40, 60, 75","1.0, 1.3, 1.7, 2.2","F.P.",5,2,6.6,4,"0, 0, 0, 0",1.93512611013629,6.30340826558666,0.02742,0.000730316966802771,0.05464,0.0010164100589821,0.05504,0.00101990782328601,0.2356,0.00189785478896569,0.2356,0.00189785478896569,0.2356,0.00189785478896569,0,0,1,0,0,0,0,0,1,0,0.10664,0.89336,1,0.89336,"F.P.
skew = 2
excess kurtosis = 6.6"
"unbalanced n, larger n with smaller SD",50,"25, 40, 60, 75","2.2, 1.7, 1.3, 1.0","normal",1,0,0,4,"0, 0, 0, 0",-0.000565135700809271,0.984336001667961,0.12738,0.00149100191549173,0.05068,0.000980933612432564,0.05114,0.000985136542820334,0.08426,0.00124225804404721,0.07234,0.00115850700817906,0.07266,0.00116086626619951,0.5489,0.00222534846709454,0.4511,0.00222534846709454,0.0061,0.000348218035144649,0.5428,0.00222786067787014,0.4511,0.00222534846709454,0.00744,0.99256,0.4511,0.99256,"Normal distribution
skew = 0; excess kurtosis = 0"
"unbalanced n, larger n with smaller SD",50,"25, 40, 60, 75","2.2, 1.7, 1.3, 1.0","F.P.",2,0,6,4,"0, 0, 0, 0",-0.0019710634656056,6.18204478769759,0.12474,0.0014777004594978,0.04466,0.000923747632202649,0.04832,0.000959011758009254,0.07662,0.00118953247622753,0.07664,0.00118967483288502,0.07668,0.00118995947494022,0.00274,0.000233773069449841,0.99726,0.000233773069449839,0.00052,0.000101953871922551,0.00222,0.000210479053589662,0.99726,0.000233773069449839,0.09444,0.90556,0.99726,0.90556,"F.P.
skew = 0
excess kurtosis = 6"
"unbalanced n, larger n with smaller SD",50,"25, 40, 60, 75","2.2, 1.7, 1.3, 1.0","F.P.",3,0.5,1,4,"0, 0, 0, 0",0.50672519459297,2.03274201273459,0.12786,0.00149339760546212,0.04968,0.000971719070513695,0.05058,0.000980016975363182,0.09298,0.00129872798999637,0.09064,0.00128393450300239,0.09092,0.00128571811529588,0.14546,0.00157671423155878,0.85454,0.00157671423155878,0.00366,0.000270059415684771,0.1418,0.00156008179272755,0.85454,0.00157671423155878,0.01642,0.98358,0.85454,0.98358,"F.P.
skew = 0.5
excess kurtosis = 1"
"unbalanced n, larger n with smaller SD",50,"25, 40, 60, 75","2.2, 1.7, 1.3, 1.0","F.P.",4,1,1.6,4,"0, 0, 0, 0",1.01609558357124,2.58618155063542,0.13118,0.00150978016677926,0.05616,0.00102962181795065,0.0575,0.0010410931754651,0.13782,0.00154159428903976,0.13772,0.0015411242753263,0.13774,0.00154121829991731,0.0085,0.000410554503080894,0.9915,0.000410554503080893,0.00016,5.65640168304904e-05,0.00834,0.000406704915141187,0.9915,0.000410554503080893,0.01986,0.98014,0.9915,0.98014,"F.P.
skew = 1
excess kurtosis = 1.6"
"unbalanced n, larger n with smaller SD",50,"25, 40, 60, 75","2.2, 1.7, 1.3, 1.0","F.P.",5,2,6.6,4,"0, 0, 0, 0",1.9443955678923,6.77062518281178,0.13004,0.00150419146653609,0.07336,0.00116600437735027,0.0759,0.00118439174262572,0.32892,0.0021011027276171,0.32892,0.0021011027276171,0.32892,0.0021011027276171,0,0,1,0,0,0,0,0,1,0,0.07218,0.92782,1,0.92782,"F.P.
skew = 2
excess kurtosis = 6.6"
"balanced n, equal SD",100,"100, 100, 100, 100","1.0, 1.0, 1.0, 1.0","normal",1,0,0,4,"0, 0, 0, 0",0.000156140599893392,-0.0149724854124715,0.04968,0.000971719070513695,0.0494,0.000969119600462193,0.04982,0.000973015596997294,0.0496,0.000970977239692054,0.0499,0.00097375551346321,0.05036,0.000977996629851044,0.94932,0.000980933612432564,0.05068,0.000980933612432564,0.8998,0.00134283252864979,0.04952,0.00097023470974811,0.05068,0.000980933612432564,0.94804,0.05196,0.05068,0.05196,"Normal distribution
skew = 0; excess kurtosis = 0"
"balanced n, equal SD",100,"100, 100, 100, 100","1.0, 1.0, 1.0, 1.0","F.P.",2,0,6,4,"0, 0, 0, 0",0.00104613356801039,5.08945166163348,0.04908,0.00096613822613537,0.04936,0.000968747546061408,0.04904,0.000965764758106238,0.05068,0.000980933612432564,0.05068,0.000980933612432564,0.05068,0.000980933612432564,6e-05,3.46399769053041e-05,0.99994,3.46399769052894e-05,6e-05,3.46399769053041e-05,0,0,0.99994,3.46399769052894e-05,0.9465,0.0535,0.99994,0.0535,"F.P.
skew = 0
excess kurtosis = 6"
"balanced n, equal SD",100,"100, 100, 100, 100","1.0, 1.0, 1.0, 1.0","F.P.",3,0.5,1,4,"0, 0, 0, 0",0.48042421516199,0.899062485765858,0.04912,0.000966511516744627,0.04954,0.00097042040786455,0.04918,0.000967071120445647,0.0492,0.00096725756652507,0.04956,0.000970606062210617,0.04962,0.000971162762877572,0.09968,0.0013397305520141,0.90032,0.0013397305520141,0.0933,0.00130073140963075,0.00638,0.000356070094223034,0.90032,0.0013397305520141,0.93866,0.06134,0.90032,0.06134,"F.P.
skew = 0.5
excess kurtosis = 1"
"balanced n, equal SD",100,"100, 100, 100, 100","1.0, 1.0, 1.0, 1.0","F.P.",4,1,1.6,4,"0, 0, 0, 0",0.96660213564265,1.44866837810191,0.05046,0.000978915608211454,0.05134,0.000986956983865052,0.05074,0.000981483085946977,0.04964,0.000971348242393015,0.04964,0.000971348242393015,0.04964,0.000971348242393015,0,0,1,0,0,0,0,0,1,0,0.90522,0.09478,1,0.09478,"F.P.
skew = 1
excess kurtosis = 1.6"
"balanced n, equal SD",100,"100, 100, 100, 100","1.0, 1.0, 1.0, 1.0","F.P.",5,2,6.6,4,"0, 0, 0, 0",1.89978194100968,5.69471209395928,0.04732,0.000949534808208735,0.05256,0.000997972408436225,0.04994,0.000974125211664291,0.04862,0.000961832580026275,0.04862,0.000961832580026275,0.04862,0.000961832580026275,0,0,1,0,0,0,0,0,1,0,0.81416,0.18584,1,0.18584,"F.P.
skew = 2
excess kurtosis = 6.6"
"balanced n, unequal SD",100,"100, 100, 100, 100","1.0, 1.3, 1.7, 2.2","normal",1,0,0,4,"0, 0, 0, 0",5.72835141622407e-05,0.890899857772035,0.0578,0.00104363940132596,0.04872,0.00096277060196082,0.04872,0.00096277060196082,0.0528,0.00100012159260762,0.05468,0.00101676051850964,0.05468,0.00101676051850964,0.31168,0.00207140328087024,0.68832,0.00207140328087024,0,0,0.31168,0.00207140328087024,0.68832,0.00207140328087024,0,1,0.68832,1,"Normal distribution
skew = 0; excess kurtosis = 0"
"balanced n, unequal SD",100,"100, 100, 100, 100","1.0, 1.3, 1.7, 2.2","F.P.",2,0,6,4,"0, 0, 0, 0",0.000436369537280266,7.16646580784411,0.05936,0.00105675342819411,0.04772,0.00095333941070324,0.04772,0.00095333941070324,0.05366,0.00100777581237099,0.05366,0.00100777581237099,0.05366,0.00100777581237099,0,0,1,0,0,0,0,0,1,0,0.00148,0.99852,1,0.99852,"F.P.
skew = 0
excess kurtosis = 6"
"balanced n, unequal SD",100,"100, 100, 100, 100","1.0, 1.3, 1.7, 2.2","F.P.",3,0.5,1,4,"0, 0, 0, 0",0.532103959950745,2.05344619429759,0.05902,0.00105391308560052,0.05,0.000974679434480896,0.05,0.000974679434480896,0.0751,0.00117864320300929,0.07514,0.00117893155356874,0.07514,0.00117893155356874,0.01206,0.000488150722625707,0.98794,0.000488150722625706,0,0,0.01206,0.000488150722625707,0.98794,0.000488150722625706,0,1,0.98794,1,"F.P.
skew = 0.5
excess kurtosis = 1"
"balanced n, unequal SD",100,"100, 100, 100, 100","1.0, 1.3, 1.7, 2.2","F.P.",4,1,1.6,4,"0, 0, 0, 0",1.06761374420226,2.73635185672569,0.0593,0.00105625290532145,0.05068,0.000980933612432564,0.05068,0.000980933612432564,0.169,0.00167594152642627,0.169,0.00167594152642627,0.169,0.00167594152642627,0,0,1,0,0,0,0,0,1,0,0,1,1,1,"F.P.
skew = 1
excess kurtosis = 1.6"
"balanced n, unequal SD",100,"100, 100, 100, 100","1.0, 1.3, 1.7, 2.2","F.P.",5,2,6.6,4,"0, 0, 0, 0",2.08046511855124,7.86820618748616,0.06162,0.00107538807506872,0.05654,0.00103289136311618,0.05654,0.00103289136311618,0.588,0.00220116332878776,0.588,0.00220116332878776,0.588,0.00220116332878776,0,0,1,0,0,0,0,0,1,0,0.0014,0.9986,1,0.9986,"F.P.
skew = 2
excess kurtosis = 6.6"
"unbalanced n, equal SD",100,"50, 80, 120, 150","1.0, 1.0, 1.0, 1.0","normal",1,0,0,4,"0, 0, 0, 0",-0.00089092392589351,-0.0130413473744505,0.04968,0.000971719070513695,0.04972,0.000972089724253888,0.04986,0.000973385641973416,0.04938,0.000968933595247889,0.04966,0.000971533678263394,0.04992,0.000973940384212504,0.94886,0.000985136542820334,0.05114,0.000985136542820334,0.90134,0.00133361317030089,0.04752,0.000951439431598249,0.05114,0.000985136542820334,0.94962,0.05038,0.05114,0.05038,"Normal distribution
skew = 0; excess kurtosis = 0"
"unbalanced n, equal SD",100,"50, 80, 120, 150","1.0, 1.0, 1.0, 1.0","F.P.",2,0,6,4,"0, 0, 0, 0",-0.000223109149322318,5.10180295734031,0.0504,0.000978364349309601,0.0477,0.000953149620993472,0.04972,0.000972089724253888,0.04932,0.000968375315670531,0.04932,0.000968375315670531,0.04932,0.000968375315670531,0,0,1,0,0,0,0,0,1,0,0.94318,0.05682,1,0.05682,"F.P.
skew = 0
excess kurtosis = 6"
"unbalanced n, equal SD",100,"50, 80, 120, 150","1.0, 1.0, 1.0, 1.0","F.P.",3,0.5,1,4,"0, 0, 0, 0",0.481060813679426,0.904655470940907,0.04964,0.000971348242393015,0.05046,0.000978915608211454,0.04992,0.000973940384212504,0.04852,0.000960893434257931,0.04942,0.000969305561729633,0.04934,0.00096856145287741,0.09912,0.00133637738382539,0.90088,0.00133637738382539,0.0926,0.00129634285588343,0.00652,0.000359930259911556,0.90088,0.00133637738382539,0.9382,0.0618,0.90088,0.0618,"F.P.
skew = 0.5
excess kurtosis = 1"
"unbalanced n, equal SD",100,"50, 80, 120, 150","1.0, 1.0, 1.0, 1.0","F.P.",4,1,1.6,4,"0, 0, 0, 0",0.966778789415568,1.44728835220822,0.04804,0.000956369786222881,0.05086,0.000982580891326511,0.04826,0.00095844637200002,0.04844,0.000960141306266947,0.04844,0.000960141306266947,0.04844,0.000960141306266947,0,0,1,0,0,0,0,0,1,0,0.90506,0.09494,1,0.09494,"F.P.
skew = 1
excess kurtosis = 1.6"
"unbalanced n, equal SD",100,"50, 80, 120, 150","1.0, 1.0, 1.0, 1.0","F.P.",5,2,6.6,4,"0, 0, 0, 0",1.89872282169178,5.68701415425097,0.05036,0.000977996629851044,0.05842,0.00104887657615184,0.0529,0.00100101538449716,0.04982,0.000973015596997294,0.04982,0.000973015596997294,0.04982,0.000973015596997294,0,0,1,0,0,0,0,0,1,0,0.81282,0.18718,1,0.18718,"F.P.
skew = 2
excess kurtosis = 6.6"
"unbalanced n, larger n with larger SD",100,"50, 80, 120, 150","1.0, 1.3, 1.7, 2.2","normal",1,0,0,4,"0, 0, 0, 0",0.00100726875391207,0.601923469732008,0.02538,0.000703361295494712,0.04942,0.000969305561729633,0.04942,0.000969305561729633,0.0319,0.000785905719536383,0.04256,0.000902758510344821,0.04256,0.000902758510344821,0.5539,0.00222303751655252,0.4461,0.00222303751655252,0,0,0.5539,0.00222303751655252,0.4461,0.00222303751655252,0,1,0.4461,1,"Normal distribution
skew = 0; excess kurtosis = 0"
"unbalanced n, larger n with larger SD",100,"50, 80, 120, 150","1.0, 1.3, 1.7, 2.2","F.P.",2,0,6,4,"0, 0, 0, 0",0.00115926887364235,6.4870876878134,0.02536,0.000703091322660151,0.04876,0.000963145496796824,0.04874,0.000962958071776752,0.03456,0.0008168917480303,0.03456,0.0008168917480303,0.03456,0.0008168917480303,0,0,1,0,0,0,0,0,1,0,0.0074,0.9926,1,0.9926,"F.P.
skew = 0
excess kurtosis = 6"
"unbalanced n, larger n with larger SD",100,"50, 80, 120, 150","1.0, 1.3, 1.7, 2.2","F.P.",3,0.5,1,4,"0, 0, 0, 0",0.51773884819621,1.69284115786651,0.0252,0.000700927385682711,0.04952,0.00097023470974811,0.04952,0.00097023470974811,0.04628,0.000939554805213618,0.047,0.000946477680666586,0.047,0.000946477680666586,0.0249,0.000696849912104465,0.9751,0.000696849912104465,0,0,0.0249,0.000696849912104465,0.9751,0.000696849912104465,0.00012,0.99988,0.9751,0.99988,"F.P.
skew = 0.5
excess kurtosis = 1"
"unbalanced n, larger n with larger SD",100,"50, 80, 120, 150","1.0, 1.3, 1.7, 2.2","F.P.",4,1,1.6,4,"0, 0, 0, 0",1.04264033745536,2.33802780967318,0.02508,0.000699299558129419,0.04828,0.000958634879398825,0.04828,0.000958634879398825,0.11446,0.00142379007160466,0.11446,0.00142379007160466,0.11446,0.00142379007160466,0,0,1,0,0,0,0,0,1,0,1e-04,0.9999,1,0.9999,"F.P.
skew = 1
excess kurtosis = 1.6"
"unbalanced n, larger n with larger SD",100,"50, 80, 120, 150","1.0, 1.3, 1.7, 2.2","F.P.",5,2,6.6,4,"0, 0, 0, 0",2.03716921006552,7.23556216563388,0.027,0.000724858606902063,0.05258,0.000998151727945206,0.05266,0.000998868603971513,0.49806,0.00223605114610556,0.49806,0.00223605114610556,0.49806,0.00223605114610556,0,0,1,0,0,0,0,0,1,0,0.00476,0.99524,1,0.99524,"F.P.
skew = 2
excess kurtosis = 6.6"
"unbalanced n, larger n with smaller SD",100,"50, 80, 120, 150","2.2, 1.7, 1.3, 1.0","normal",1,0,0,4,"0, 0, 0, 0",0.00026806078845638,1.04756636794135,0.12584,0.00148326864997545,0.04802,0.000956180731870288,0.04802,0.000956180731870288,0.08332,0.00123594318316013,0.07762,0.00119662137370181,0.07762,0.00119662137370181,0.27168,0.00198932137976748,0.72832,0.00198932137976748,0,0,0.27168,0.00198932137976748,0.72832,0.00198932137976748,0,1,0.72832,1,"Normal distribution
skew = 0; excess kurtosis = 0"
"unbalanced n, larger n with smaller SD",100,"50, 80, 120, 150","2.2, 1.7, 1.3, 1.0","F.P.",2,0,6,4,"0, 0, 0, 0",-0.00124808775857288,7.35537442119954,0.12848,0.00149648180476744,0.04918,0.000967071120445647,0.04924,0.000967630326105998,0.07846,0.00120253090105826,0.07846,0.00120253090105826,0.07846,0.00120253090105826,0,0,1,0,0,0,0,0,1,0,0.00296,0.99704,1,0.99704,"F.P.
skew = 0
excess kurtosis = 6"
"unbalanced n, larger n with smaller SD",100,"50, 80, 120, 150","2.2, 1.7, 1.3, 1.0","F.P.",3,0.5,1,4,"0, 0, 0, 0",0.532323777859671,2.21837826143238,0.12788,0.0014934972755248,0.0493,0.000968189134415379,0.0493,0.000968189134415379,0.10216,0.00135442485505841,0.102,0.00135348439222623,0.102,0.00135348439222623,0.01174,0.000481708883040369,0.98826,0.000481708883040369,0,0,0.01174,0.000481708883040369,0.98826,0.000481708883040369,4e-05,0.99996,0.98826,0.99996,"F.P.
skew = 0.5
excess kurtosis = 1"
"unbalanced n, larger n with smaller SD",100,"50, 80, 120, 150","2.2, 1.7, 1.3, 1.0","F.P.",4,1,1.6,4,"0, 0, 0, 0",1.06704608628714,2.88396974656601,0.12702,0.00148920058823518,0.05292,0.00100119402315435,0.05292,0.00100119402315435,0.19272,0.00176396712894543,0.19272,0.00176396712894543,0.19272,0.00176396712894543,4e-05,2.828370555638e-05,0.99996,2.82837055563941e-05,0,0,4e-05,2.828370555638e-05,0.99996,2.82837055563941e-05,0.00016,0.99984,0.99996,0.99984,"F.P.
skew = 1
excess kurtosis = 1.6"
"unbalanced n, larger n with smaller SD",100,"50, 80, 120, 150","2.2, 1.7, 1.3, 1.0","F.P.",5,2,6.6,4,"0, 0, 0, 0",2.08755833972823,8.12057049710477,0.12756,0.00149190111200441,0.061,0.00107031770984133,0.06118,0.00107179296135028,0.56014,0.00221983413975009,0.56014,0.00221983413975009,0.56014,0.00221983413975009,0,0,1,0,0,0,0,0,1,0,0.00314,0.99686,1,0.99686,"F.P.
skew = 2
excess kurtosis = 6.6"
"balanced n, equal SD",200,"200, 200, 200, 200","1.0, 1.0, 1.0, 1.0","normal",1,0,0,4,"0, 0, 0, 0",0.000559144022038197,-0.00767588548634179,0.0507,0.000981116812617132,0.0506,0.000980200387675908,0.05092,0.000983129224466448,0.05062,0.000980383757515392,0.05084,0.000982398029313984,0.05114,0.000985136542820334,0.94984,0.000976155463028302,0.05016,0.000976155463028303,0.90232,0.00132769437447027,0.04752,0.000951439431598249,0.05016,0.000976155463028303,0.95028,0.04972,0.05016,0.04972,"Normal distribution
skew = 0; excess kurtosis = 0"
"balanced n, equal SD",200,"200, 200, 200, 200","1.0, 1.0, 1.0, 1.0","F.P.",2,0,6,4,"0, 0, 0, 0",-0.00208971894168105,5.4971180760419,0.04824,0.000958257819169768,0.04736,0.000949916105769346,0.04816,0.00095750315299742,0.05004,0.000975048700322194,0.05004,0.000975048700322194,0.05004,0.000975048700322194,0,0,1,0,0,0,0,0,1,0,0.95006,0.04994,1,0.04994,"F.P.
skew = 0
excess kurtosis = 6"
"balanced n, equal SD",200,"200, 200, 200, 200","1.0, 1.0, 1.0, 1.0","F.P.",3,0.5,1,4,"0, 0, 0, 0",0.490479411032872,0.950908796170687,0.04988,0.000973570599391744,0.05006,0.000975233268505541,0.04984,0.000973200641183513,0.05012,0.000975786714400232,0.0501,0.000975602275520101,0.05012,0.000975786714400232,0.00486,0.000311010623612763,0.99514,0.000311010623612763,0.00466,0.000304574601698828,2e-04,6.32392283317879e-05,0.99514,0.000311010623612763,0.94144,0.05856,0.99514,0.05856,"F.P.
skew = 0.5
excess kurtosis = 1"
"balanced n, equal SD",200,"200, 200, 200, 200","1.0, 1.0, 1.0, 1.0","F.P.",4,1,1.6,4,"0, 0, 0, 0",0.982437541270261,1.51448584747617,0.04928,0.000968002909086538,0.04998,0.000974494736773883,0.04962,0.000971162762877572,0.04966,0.000971533678263394,0.04966,0.000971533678263394,0.04966,0.000971533678263394,0,0,1,0,0,0,0,0,1,0,0.90784,0.09216,1,0.09216,"F.P.
skew = 1
excess kurtosis = 1.6"
"balanced n, equal SD",200,"200, 200, 200, 200","1.0, 1.0, 1.0, 1.0","F.P.",5,2,6.6,4,"0, 0, 0, 0",1.94933003449752,6.11028583340351,0.05,0.000974679434480896,0.05144,0.000987865642686292,0.0501,0.000975602275520101,0.05048,0.000979099275865323,0.05048,0.000979099275865323,0.05048,0.000979099275865323,0,0,1,0,0,0,0,0,1,0,0.81402,0.18598,1,0.18598,"F.P.
skew = 2
excess kurtosis = 6.6"
"balanced n, unequal SD",200,"200, 200, 200, 200","1.0, 1.3, 1.7, 2.2","normal",1,0,0,4,"0, 0, 0, 0",-3.09468659748535e-05,0.917372100257272,0.05994,0.00106157615270879,0.04962,0.000971162762877572,0.04962,0.000971162762877572,0.05524,0.00102165104022851,0.0557,0.00102564623530728,0.0557,0.00102564623530728,0.0625,0.00108253175473055,0.9375,0.00108253175473055,0,0,0.0625,0.00108253175473055,0.9375,0.00108253175473055,0,1,0.9375,1,"Normal distribution
skew = 0; excess kurtosis = 0"
"balanced n, unequal SD",200,"200, 200, 200, 200","1.0, 1.3, 1.7, 2.2","F.P.",2,0,6,4,"0, 0, 0, 0",0.00109888793838793,7.83813501642443,0.05762,0.00104211261963379,0.0479,0.000955045443944946,0.0479,0.000955045443944946,0.05214,0.000994197368735202,0.05214,0.000994197368735202,0.05214,0.000994197368735202,0,0,1,0,0,0,0,0,1,0,0,1,1,1,"F.P.
skew = 0
excess kurtosis = 6"
"balanced n, unequal SD",200,"200, 200, 200, 200","1.0, 1.3, 1.7, 2.2","F.P.",3,0.5,1,4,"0, 0, 0, 0",0.542997785021339,2.14287751384395,0.0622,0.00108010332839039,0.05074,0.000981483085946977,0.05074,0.000981483085946977,0.09722,0.00132490204619059,0.09722,0.00132490204619059,0.09722,0.00132490204619059,2e-05,1.9999799999e-05,0.99998,1.999979999901e-05,0,0,2e-05,1.9999799999e-05,0.99998,1.999979999901e-05,0,1,0.99998,1,"F.P.
skew = 0.5
excess kurtosis = 1"
"balanced n, unequal SD",200,"200, 200, 200, 200","1.0, 1.3, 1.7, 2.2","F.P.",4,1,1.6,4,"0, 0, 0, 0",1.09221684048751,2.8844316287267,0.06082,0.00106883981587514,0.05142,0.00098768399399808,0.05142,0.00098768399399808,0.3068,0.00206239550038299,0.3068,0.00206239550038299,0.3068,0.00206239550038299,0,0,1,0,0,0,0,0,1,0,0,1,1,1,"F.P.
skew = 1
excess kurtosis = 1.6"
"balanced n, unequal SD",200,"200, 200, 200, 200","1.0, 1.3, 1.7, 2.2","F.P.",5,2,6.6,4,"0, 0, 0, 0",2.15177908608043,8.63014261418618,0.05868,0.00105106286776767,0.05186,0.000991670715509942,0.05186,0.000991670715509942,0.89454,0.00137359519801141,0.89454,0.00137359519801141,0.89454,0.00137359519801141,0,0,1,0,0,0,0,0,1,0,0,1,1,1,"F.P.
skew = 2
excess kurtosis = 6.6"
"unbalanced n, equal SD",200,"100, 160, 240, 300","1.0, 1.0, 1.0, 1.0","normal",1,0,0,4,"0, 0, 0, 0",0.000489496091207988,-0.00778470326706402,0.04924,0.000967630326105998,0.04942,0.000969305561729633,0.04952,0.00097023470974811,0.04892,0.000964643287438419,0.04938,0.000968933595247889,0.04958,0.000970791672811422,0.94958,0.00097854814495762,0.05042,0.00097854814495762,0.90148,0.00133277011971307,0.0481,0.000956936675020871,0.05042,0.00097854814495762,0.94926,0.05074,0.05042,0.05074,"Normal distribution
skew = 0; excess kurtosis = 0"
"unbalanced n, equal SD",200,"100, 160, 240, 300","1.0, 1.0, 1.0, 1.0","F.P.",2,0,6,4,"0, 0, 0, 0",-0.00168483071411341,5.4842167527498,0.0516,0.000989317340391848,0.04964,0.000971348242393015,0.05106,0.000984407196235379,0.05084,0.000982398029313984,0.05084,0.000982398029313984,0.05084,0.000982398029313984,0,0,1,0,0,0,0,0,1,0,0.94634,0.05366,1,0.05366,"F.P.
skew = 0
excess kurtosis = 6"
"unbalanced n, equal SD",200,"100, 160, 240, 300","1.0, 1.0, 1.0, 1.0","F.P.",3,0.5,1,4,"0, 0, 0, 0",0.490686620242625,0.949132347220636,0.05248,0.000997254727740109,0.05208,0.000993656616744437,0.05234,0.000995997232927883,0.05164,0.000989679851265044,0.0517,0.000990223308148218,0.05174,0.000990585406716655,0.00542,0.000328348095776418,0.99458,0.000328348095776418,0.00518,0.00032103481431147,0.00024,6.92737179599883e-05,0.99458,0.000328348095776418,0.93942,0.06058,0.99458,0.06058,"F.P.
skew = 0.5
excess kurtosis = 1"
"unbalanced n, equal SD",200,"100, 160, 240, 300","1.0, 1.0, 1.0, 1.0","F.P.",4,1,1.6,4,"0, 0, 0, 0",0.98335509397981,1.521912725784,0.05116,0.000985318774813512,0.05218,0.000994557666503054,0.0511,0.000984771953296803,0.05122,0.000985865219997135,0.05122,0.000985865219997135,0.05122,0.000985865219997135,0,0,1,0,0,0,0,0,1,0,0.90626,0.09374,1,0.09374,"F.P.
skew = 1
excess kurtosis = 1.6"
"unbalanced n, equal SD",200,"100, 160, 240, 300","1.0, 1.0, 1.0, 1.0","F.P.",5,2,6.6,4,"0, 0, 0, 0",1.94772887913535,6.11006820382185,0.0501,0.000975602275520101,0.05518,0.00102112846988026,0.05216,0.000994377537960306,0.05024,0.000976892444437974,0.05024,0.000976892444437974,0.05024,0.000976892444437974,0,0,1,0,0,0,0,0,1,0,0.8129,0.1871,1,0.1871,"F.P.
skew = 2
excess kurtosis = 6.6"
"unbalanced n, larger n with larger SD",200,"100, 160, 240, 300","1.0, 1.3, 1.7, 2.2","normal",1,0,0,4,"0, 0, 0, 0",-0.000187145784531637,0.619215625309601,0.02566,0.000707128904797421,0.05014,0.000975971110228167,0.05014,0.000975971110228167,0.03322,0.000801454073543831,0.03868,0.00086236717933836,0.03868,0.00086236717933836,0.2576,0.00195572104350288,0.7424,0.00195572104350288,0,0,0.2576,0.00195572104350288,0.7424,0.00195572104350288,0,1,0.7424,1,"Normal distribution
skew = 0; excess kurtosis = 0"
"unbalanced n, larger n with larger SD",200,"100, 160, 240, 300","1.0, 1.3, 1.7, 2.2","F.P.",2,0,6,4,"0, 0, 0, 0",0.00191345521133506,7.12941107877522,0.02514,0.00070011399643201,0.04978,0.000972645378336832,0.04978,0.000972645378336832,0.03488,0.000820528922098423,0.03488,0.000820528922098423,0.03488,0.000820528922098423,0,0,1,0,0,0,0,0,1,0,0,1,1,1,"F.P.
skew = 0
excess kurtosis = 6"
"unbalanced n, larger n with larger SD",200,"100, 160, 240, 300","1.0, 1.3, 1.7, 2.2","F.P.",3,0.5,1,4,"0, 0, 0, 0",0.529974040533517,1.7701746998659,0.02586,0.000709806458127848,0.0496,0.000970977239692054,0.0496,0.000970977239692054,0.06076,0.0010683465954455,0.06076,0.0010683465954455,0.06076,0.0010683465954455,1e-04,4.47191234261138e-05,0.9999,4.47191234261113e-05,0,0,1e-04,4.47191234261138e-05,0.9999,4.47191234261113e-05,0,1,0.9999,1,"F.P.
skew = 0.5
excess kurtosis = 1"
"unbalanced n, larger n with larger SD",200,"100, 160, 240, 300","1.0, 1.3, 1.7, 2.2","F.P.",4,1,1.6,4,"0, 0, 0, 0",1.06217795144501,2.45033874634832,0.02528,0.000702010279127022,0.04908,0.00096613822613537,0.04908,0.00096613822613537,0.22914,0.0018795470752285,0.22914,0.0018795470752285,0.22914,0.0018795470752285,0,0,1,0,0,0,0,0,1,0,0,1,1,1,"F.P.
skew = 1
excess kurtosis = 1.6"
"unbalanced n, larger n with larger SD",200,"100, 160, 240, 300","1.0, 1.3, 1.7, 2.2","F.P.",5,2,6.6,4,"0, 0, 0, 0",2.09615222189444,7.85886768972558,0.02408,0.000685567700522713,0.05012,0.000975786714400232,0.05012,0.000975786714400232,0.85042,0.0015950286743504,0.85042,0.0015950286743504,0.85042,0.0015950286743504,0,0,1,0,0,0,0,0,1,0,0,1,1,1,"F.P.
skew = 2
excess kurtosis = 6.6"
"unbalanced n, larger n with smaller SD",200,"100, 160, 240, 300","2.2, 1.7, 1.3, 1.0","normal",1,0,0,4,"0, 0, 0, 0",-0.000208291582737575,1.06851152742008,0.12754,0.00149180124949673,0.05068,0.000980933612432564,0.05068,0.000980933612432564,0.08502,0.00124732994512278,0.0844,0.00124319459458284,0.0844,0.00124319459458284,0.04998,0.000974494736773883,0.95002,0.000974494736773883,0,0,0.04998,0.000974494736773883,0.95002,0.000974494736773883,0,1,0.95002,1,"Normal distribution
skew = 0; excess kurtosis = 0"
"unbalanced n, larger n with smaller SD",200,"100, 160, 240, 300","2.2, 1.7, 1.3, 1.0","F.P.",2,0,6,4,"0, 0, 0, 0",0.00676780900654748,8.17825762883117,0.1279,0.00149359693358014,0.04786,0.000954666647579143,0.04786,0.000954666647579143,0.07762,0.00119662137370181,0.07762,0.00119662137370181,0.07762,0.00119662137370181,0,0,1,0,0,0,0,0,1,0,0,1,1,1,"F.P.
skew = 0
excess kurtosis = 6"
"unbalanced n, larger n with smaller SD",200,"100, 160, 240, 300","2.2, 1.7, 1.3, 1.0","F.P.",3,0.5,1,4,"0, 0, 0, 0",0.547492023452688,2.34395077497853,0.1298,0.00150301004653994,0.05182,0.000991309110217393,0.05182,0.000991309110217393,0.12594,0.00148377300420246,0.12594,0.00148377300420246,0.12594,0.00148377300420246,0,0,1,0,0,0,0,0,1,0,0,1,1,1,"F.P.
skew = 0.5
excess kurtosis = 1"
"unbalanced n, larger n with smaller SD",200,"100, 160, 240, 300","2.2, 1.7, 1.3, 1.0","F.P.",4,1,1.6,4,"0, 0, 0, 0",1.0999492585444,3.09396466841269,0.12874,0.00149777176098363,0.05278,0.000999942714359178,0.05278,0.000999942714359178,0.31336,0.00207444214380638,0.31336,0.00207444214380638,0.31336,0.00207444214380638,0,0,1,0,0,0,0,0,1,0,0,1,1,1,"F.P.
skew = 1
excess kurtosis = 1.6"
"unbalanced n, larger n with smaller SD",200,"100, 160, 240, 300","2.2, 1.7, 1.3, 1.0","F.P.",5,2,6.6,4,"0, 0, 0, 0",2.1640602088553,8.95834211739162,0.12634,0.00148578736298301,0.0577,0.001042791541968,0.0577,0.001042791541968,0.85008,0.00159652117806185,0.85008,0.00159652117806185,0.85008,0.00159652117806185,0,0,1,0,0,0,0,0,1,0,0,1,1,1,"F.P.
skew = 2
excess kurtosis = 6.6"
