"sd_label","sd_per_group","sd_ratio","design","mean_n_per_group","n_per_group","route_rank_probability","route_mc_se","mean_resid_excess_kurtosis","sd_resid_excess_kurtosis"
"equal 1.0","1.0, 1.0, 1.0, 1.0",1,"balanced",10,"10, 10, 10, 10",0.0675000000000001,0.0125442965127583,-0.142365309150077,0.672505803149458
"equal 1.0","1.0, 1.0, 1.0, 1.0",1,"balanced",20,"20, 20, 20, 20",0.04,0.00979795897113271,-0.13346893361636,0.448472310510561
"equal 1.0","1.0, 1.0, 1.0, 1.0",1,"balanced",50,"50, 50, 50, 50",0.04,0.00979795897113271,-0.040265883829894,0.34076044874848
"equal 1.0","1.0, 1.0, 1.0, 1.0",1,"balanced",100,"100, 100, 100, 100",0.0625,0.0121030729568982,-0.0024031747000107,0.253016828861712
"equal 1.0","1.0, 1.0, 1.0, 1.0",1,"unbalanced, larger n larger SD",10,"5, 8, 12, 15",0.0575,0.0116397755562554,-0.152047022912294,0.645617365153065
"equal 1.0","1.0, 1.0, 1.0, 1.0",1,"unbalanced, larger n larger SD",20,"10, 16, 24, 30",0.0574999999999999,0.0116397755562554,-0.0405868931743064,0.508149865478283
"equal 1.0","1.0, 1.0, 1.0, 1.0",1,"unbalanced, larger n larger SD",50,"25, 40, 60, 75",0.0475,0.0106352891357029,-0.0655183874331177,0.305075552473041
"equal 1.0","1.0, 1.0, 1.0, 1.0",1,"unbalanced, larger n larger SD",100,"50, 80, 120, 150",0.04,0.00979795897113271,-0.0024540243815158,0.232971961417212
"equal 1.0","1.0, 1.0, 1.0, 1.0",1,"unbalanced, larger n smaller SD",10,"15, 12, 8, 5",0.0425,0.0100863459686846,-0.104869970668774,0.666944124654754
"equal 1.0","1.0, 1.0, 1.0, 1.0",1,"unbalanced, larger n smaller SD",20,"30, 24, 16, 10",0.05,0.0108972473588517,-0.0635980244713594,0.530645901067273
"equal 1.0","1.0, 1.0, 1.0, 1.0",1,"unbalanced, larger n smaller SD",50,"75, 60, 40, 25",0.0625,0.0121030729568982,0.00399978449237219,0.33324032170124
"equal 1.0","1.0, 1.0, 1.0, 1.0",1,"unbalanced, larger n smaller SD",100,"150, 120, 80, 50",0.06,0.0118743420870379,-0.0293590315640168,0.237686802879694
"mild 1:1.6","1.0, 1.2, 1.4, 1.6",1.6,"balanced",10,"10, 10, 10, 10",0.08,0.0135646599662505,0.117651722001782,0.903070832098289
"mild 1:1.6","1.0, 1.2, 1.4, 1.6",1.6,"balanced",20,"20, 20, 20, 20",0.075,0.0131695671910659,0.207256398966299,0.67131955512946
"mild 1:1.6","1.0, 1.2, 1.4, 1.6",1.6,"balanced",50,"50, 50, 50, 50",0.135,0.0170861786248418,0.311776338850457,0.49622643931857
"mild 1:1.6","1.0, 1.2, 1.4, 1.6",1.6,"balanced",100,"100, 100, 100, 100",0.145,0.0176050418914583,0.288578380361098,0.33284698543742
"mild 1:1.6","1.0, 1.2, 1.4, 1.6",1.6,"unbalanced, larger n larger SD",10,"5, 8, 12, 15",0.065,0.0123262930356211,0.0796844745563917,0.778777242628877
"mild 1:1.6","1.0, 1.2, 1.4, 1.6",1.6,"unbalanced, larger n larger SD",20,"10, 16, 24, 30",0.06,0.0118743420870379,0.12421338138832,0.60445597241999
"mild 1:1.6","1.0, 1.2, 1.4, 1.6",1.6,"unbalanced, larger n larger SD",50,"25, 40, 60, 75",0.0825,0.0137562485801908,0.19118572932865,0.427233987356746
"mild 1:1.6","1.0, 1.2, 1.4, 1.6",1.6,"unbalanced, larger n larger SD",100,"50, 80, 120, 150",0.115,0.0159510971409493,0.23779638883629,0.308467856779622
"mild 1:1.6","1.0, 1.2, 1.4, 1.6",1.6,"unbalanced, larger n smaller SD",10,"15, 12, 8, 5",0.05,0.0108972473588517,0.0411836592765031,0.740277995258269
"mild 1:1.6","1.0, 1.2, 1.4, 1.6",1.6,"unbalanced, larger n smaller SD",20,"30, 24, 16, 10",0.0975,0.0148318702461962,0.213842574528458,0.691442233959853
"mild 1:1.6","1.0, 1.2, 1.4, 1.6",1.6,"unbalanced, larger n smaller SD",50,"75, 60, 40, 25",0.125,0.0165359456941537,0.341956941335468,0.521853465445986
"mild 1:1.6","1.0, 1.2, 1.4, 1.6",1.6,"unbalanced, larger n smaller SD",100,"150, 120, 80, 50",0.175,0.0189983551919633,0.346313951241332,0.376035090618659
"published 1:2.2","1.0, 1.3, 1.7, 2.2",2.2,"balanced",10,"10, 10, 10, 10",0.1325,0.0169516776455901,0.673526633198274,1.22801437517639
"published 1:2.2","1.0, 1.3, 1.7, 2.2",2.2,"balanced",20,"20, 20, 20, 20",0.195,0.0198100353356575,0.663910464877572,0.825456800757866
"published 1:2.2","1.0, 1.3, 1.7, 2.2",2.2,"balanced",50,"50, 50, 50, 50",0.3975,0.0244690493276711,0.849788744326003,0.657445549596089
"published 1:2.2","1.0, 1.3, 1.7, 2.2",2.2,"balanced",100,"100, 100, 100, 100",0.6525,0.023808808769025,0.892264109609791,0.562002498770286
"published 1:2.2","1.0, 1.3, 1.7, 2.2",2.2,"unbalanced, larger n larger SD",10,"5, 8, 12, 15",0.115,0.0159510971409493,0.39789174471519,1.01138805315183
"published 1:2.2","1.0, 1.3, 1.7, 2.2",2.2,"unbalanced, larger n larger SD",20,"10, 16, 24, 30",0.135,0.0170861786248418,0.473539497553547,0.760532348624808
"published 1:2.2","1.0, 1.3, 1.7, 2.2",2.2,"unbalanced, larger n larger SD",50,"25, 40, 60, 75",0.235,0.0211999410376539,0.543460250657351,0.518169707137827
"published 1:2.2","1.0, 1.3, 1.7, 2.2",2.2,"unbalanced, larger n larger SD",100,"50, 80, 120, 150",0.4275,0.0247357913760607,0.583915996412214,0.36874564985194
"published 1:2.2","1.0, 1.3, 1.7, 2.2",2.2,"unbalanced, larger n smaller SD",10,"15, 12, 8, 5",0.1575,0.0182135766668713,0.632315650167821,1.2803693414217
"published 1:2.2","1.0, 1.3, 1.7, 2.2",2.2,"unbalanced, larger n smaller SD",20,"30, 24, 16, 10",0.2025,0.0200931424869282,0.753431448879755,0.943600545806987
"published 1:2.2","1.0, 1.3, 1.7, 2.2",2.2,"unbalanced, larger n smaller SD",50,"75, 60, 40, 25",0.425,0.0247171499166065,0.9689216209588,0.822455216024702
"published 1:2.2","1.0, 1.3, 1.7, 2.2",2.2,"unbalanced, larger n smaller SD",100,"150, 120, 80, 50",0.74,0.0219317121994613,1.06719846500278,0.624956484538886
"strong 1:3.4","1.0, 1.6, 2.4, 3.4",3.4,"balanced",10,"10, 10, 10, 10",0.265,0.0220666603726074,1.11647801296917,1.25689510017947
"strong 1:3.4","1.0, 1.6, 2.4, 3.4",3.4,"balanced",20,"20, 20, 20, 20",0.45,0.0248746859276655,1.38576111485628,1.17120108698882
"strong 1:3.4","1.0, 1.6, 2.4, 3.4",3.4,"balanced",50,"50, 50, 50, 50",0.865,0.0170861786248418,1.65542677904771,0.879111095088172
"strong 1:3.4","1.0, 1.6, 2.4, 3.4",3.4,"balanced",100,"100, 100, 100, 100",0.9925,0.00431385848168437,1.72680228958852,0.690658295496726
"strong 1:3.4","1.0, 1.6, 2.4, 3.4",3.4,"unbalanced, larger n larger SD",10,"5, 8, 12, 15",0.16,0.0183303027798234,0.737836199264581,1.13996587135107
"strong 1:3.4","1.0, 1.6, 2.4, 3.4",3.4,"unbalanced, larger n larger SD",20,"10, 16, 24, 30",0.27,0.0221979728804231,0.910265381564413,0.925646448619414
"strong 1:3.4","1.0, 1.6, 2.4, 3.4",3.4,"unbalanced, larger n larger SD",50,"25, 40, 60, 75",0.6325,0.0241062102994228,1.02527945981119,0.65868159221739
"strong 1:3.4","1.0, 1.6, 2.4, 3.4",3.4,"unbalanced, larger n larger SD",100,"50, 80, 120, 150",0.895,0.0153276710559693,1.07358852869626,0.54088317235773
"strong 1:3.4","1.0, 1.6, 2.4, 3.4",3.4,"unbalanced, larger n smaller SD",10,"15, 12, 8, 5",0.31,0.0231246621596944,1.4600521164842,1.66681171397197
"strong 1:3.4","1.0, 1.6, 2.4, 3.4",3.4,"unbalanced, larger n smaller SD",20,"30, 24, 16, 10",0.6175,0.0242998842589836,1.88912970847776,1.49671948861787
"strong 1:3.4","1.0, 1.6, 2.4, 3.4",3.4,"unbalanced, larger n smaller SD",50,"75, 60, 40, 25",0.935,0.0123262930356211,2.29421455719478,1.36953899087709
"strong 1:3.4","1.0, 1.6, 2.4, 3.4",3.4,"unbalanced, larger n smaller SD",100,"150, 120, 80, 50",0.995,0.00352668399491647,2.47418825719591,1.06555992053419
"one group 1:2 (Delacre)","1.0, 1.0, 1.0, 2.0",2,"balanced",10,"10, 10, 10, 10",0.1575,0.0182135766668713,0.867738791309574,1.44802758261775
"one group 1:2 (Delacre)","1.0, 1.0, 1.0, 2.0",2,"balanced",20,"20, 20, 20, 20",0.3775,0.0242380769657991,1.29433026596483,1.35849109794757
"one group 1:2 (Delacre)","1.0, 1.0, 1.0, 2.0",2,"balanced",50,"50, 50, 50, 50",0.7175,0.0225107613154242,1.54938168301774,0.88841468119954
"one group 1:2 (Delacre)","1.0, 1.0, 1.0, 2.0",2,"balanced",100,"100, 100, 100, 100",0.925,0.0131695671910659,1.50646698853757,0.729232096751982
"one group 1:2 (Delacre)","1.0, 1.0, 1.0, 2.0",2,"unbalanced, larger n larger SD",10,"5, 8, 12, 15",0.185,0.0194148783153539,0.850048949266262,1.22619359389257
"one group 1:2 (Delacre)","1.0, 1.0, 1.0, 2.0",2,"unbalanced, larger n larger SD",20,"10, 16, 24, 30",0.31,0.0231246621596944,1.0207314817636,0.989304887618145
"one group 1:2 (Delacre)","1.0, 1.0, 1.0, 2.0",2,"unbalanced, larger n larger SD",50,"25, 40, 60, 75",0.71,0.0226881026090769,1.32381069590015,0.799733843061013
"one group 1:2 (Delacre)","1.0, 1.0, 1.0, 2.0",2,"unbalanced, larger n larger SD",100,"50, 80, 120, 150",0.9525,0.0106352891357029,1.31349603306679,0.49770570235462
"one group 1:2 (Delacre)","1.0, 1.0, 1.0, 2.0",2,"unbalanced, larger n smaller SD",10,"15, 12, 8, 5",0.1675,0.0186710839267569,0.726424747130254,1.470784539831
"one group 1:2 (Delacre)","1.0, 1.0, 1.0, 2.0",2,"unbalanced, larger n smaller SD",20,"30, 24, 16, 10",0.2925,0.0227455352761811,1.14289371124303,1.49947486440483
"one group 1:2 (Delacre)","1.0, 1.0, 1.0, 2.0",2,"unbalanced, larger n smaller SD",50,"75, 60, 40, 25",0.5775,0.0246978617495523,1.37470601312509,1.1763555399682
"one group 1:2 (Delacre)","1.0, 1.0, 1.0, 2.0",2,"unbalanced, larger n smaller SD",100,"150, 120, 80, 50",0.82,0.0192093727122985,1.45352607365655,0.87635855363757
"one group 1:4 (Delacre)","1.0, 1.0, 1.0, 4.0",4,"balanced",10,"10, 10, 10, 10",0.8575,0.0174781113110084,3.75566866708663,2.28362798544496
"one group 1:4 (Delacre)","1.0, 1.0, 1.0, 4.0",4,"balanced",20,"20, 20, 20, 20",0.9825,0.00655624702097167,4.83225259541629,2.48097928289448
"one group 1:4 (Delacre)","1.0, 1.0, 1.0, 4.0",4,"balanced",50,"50, 50, 50, 50",1,0,5.1898349446462,1.6227464146475
"one group 1:4 (Delacre)","1.0, 1.0, 1.0, 4.0",4,"balanced",100,"100, 100, 100, 100",1,0,5.45454315712674,1.34572146303962
"one group 1:4 (Delacre)","1.0, 1.0, 1.0, 4.0",4,"unbalanced, larger n larger SD",10,"5, 8, 12, 15",0.79,0.0203654118544163,2.61156057562256,1.75202051012576
"one group 1:4 (Delacre)","1.0, 1.0, 1.0, 4.0",4,"unbalanced, larger n larger SD",20,"10, 16, 24, 30",0.99,0.0049749371855331,3.15376161879307,1.64911874571666
"one group 1:4 (Delacre)","1.0, 1.0, 1.0, 4.0",4,"unbalanced, larger n larger SD",50,"25, 40, 60, 75",1,0,3.40124530627635,1.1611889958683
"one group 1:4 (Delacre)","1.0, 1.0, 1.0, 4.0",4,"unbalanced, larger n larger SD",100,"50, 80, 120, 150",1,0,3.46645942628331,0.854166211075506
"one group 1:4 (Delacre)","1.0, 1.0, 1.0, 4.0",4,"unbalanced, larger n smaller SD",10,"15, 12, 8, 5",0.735,0.0220666603726074,4.53163942189181,3.35438938625035
"one group 1:4 (Delacre)","1.0, 1.0, 1.0, 4.0",4,"unbalanced, larger n smaller SD",20,"30, 24, 16, 10",0.9375,0.0121030729568982,6.05178260513772,3.49615791955152
"one group 1:4 (Delacre)","1.0, 1.0, 1.0, 4.0",4,"unbalanced, larger n smaller SD",50,"75, 60, 40, 25",1,0,7.93629235853556,3.20020865707816
"one group 1:4 (Delacre)","1.0, 1.0, 1.0, 4.0",4,"unbalanced, larger n smaller SD",100,"150, 120, 80, 50",1,0,8.18093012608516,2.62858669958284
