"design","mean_n_per_group","n_per_group","sd_per_group","distribution","panel","skew","excess_kurtosis","groups","group_means","fisher_rejection","fisher_mc_se","welch_rejection","welch_mc_se","levene_route_rejection","levene_route_mc_se","rank_rejection","rank_mc_se","sw_rejection","sw_mc_se","sw_gate_rejection","sw_gate_mc_se","sw_route_welch_probability","sw_route_welch_mc_se","sw_route_rank_probability","sw_route_rank_mc_se","route_fisher_probability","route_fisher_mc_se","route_welch_probability","route_welch_mc_se","route_rank_probability","route_rank_mc_se","levene_select_fisher_probability","levene_select_welch_probability","sw_reject_probability","levene_reject_probability","skew_label"
"balanced n, equal SD",10,"10, 10, 10, 10","1.0, 1.0, 1.0, 1.0","normal",1,0,0,4,"0, 0, 0, 0",0.04988,0.000973570599391744,0.05024,0.000976892444437974,0.05238,0.000996356719252698,0.0449,0.000926110036658712,0.05152,0.000988591822745869,0.0539,0.00100989890583167,0.95096,0.000965764758106238,0.04904,0.000965764758106238,0.88848,0.00140771651691667,0.06248,0.00108237008088731,0.04904,0.000965764758106238,0.93522,0.06478,0.04904,0.06478,"Normal distribution
skew = 0; excess kurtosis = 0"
"balanced n, equal SD",10,"10, 10, 10, 10","1.0, 1.0, 1.0, 1.0","F.P.",2,0,6,4,"0, 0, 0, 0",0.04354,0.000912625535474435,0.03576,0.000830436299784637,0.04346,0.000911824855989351,0.04298,0.000907002972431734,0.0419,0.000896040066068477,0.04972,0.000972089724253888,0.55794,0.00222100408104083,0.44206,0.00222100408104083,0.51152,0.00223547439976395,0.04642,0.000940905772115359,0.44206,0.00222100408104083,0.91352,0.08648,0.44206,0.08648,"F.P.
skew = 0
excess kurtosis = 6"
"balanced n, equal SD",10,"10, 10, 10, 10","1.0, 1.0, 1.0, 1.0","F.P.",3,0.5,1,4,"0, 0, 0, 0",0.04948,0.000969863182103538,0.04816,0.00095750315299742,0.05108,0.000984589595719963,0.04556,0.00093256942261689,0.05016,0.000976155463028303,0.05474,0.00101728592244265,0.82918,0.00168309552670073,0.17082,0.00168309552670073,0.76558,0.00189455674816037,0.0636,0.00109137564568759,0.17082,0.00168309552670073,0.92542,0.07458,0.17082,0.07458,"F.P.
skew = 0.5
excess kurtosis = 1"
"balanced n, equal SD",10,"10, 10, 10, 10","1.0, 1.0, 1.0, 1.0","F.P.",4,1,1.6,4,"0, 0, 0, 0",0.04768,0.000952959785090641,0.05148,0.000988228815609017,0.04992,0.000973940384212504,0.04446,0.000921773382128167,0.0535,0.00100635729241657,0.05476,0.00101746098107004,0.56624,0.00221635855582981,0.43376,0.00221635855582981,0.49226,0.00223580004651579,0.07398,0.0011705294494373,0.43376,0.00221635855582981,0.8914,0.1086,0.43376,0.1086,"F.P.
skew = 1
excess kurtosis = 1.6"
"balanced n, equal SD",10,"10, 10, 10, 10","1.0, 1.0, 1.0, 1.0","F.P.",5,2,6.6,4,"0, 0, 0, 0",0.0443,0.000920190306404061,0.0522,0.000994737754385547,0.04688,0.00094532815043243,0.04476,0.000924732852233552,0.05074,0.000981483085946977,0.05156,0.00098895466427941,0.12544,0.00148124816556848,0.87456,0.00148124816556848,0.08194,0.00122658743186126,0.0435,0.000912225301118096,0.87456,0.00148124816556848,0.79016,0.20984,0.87456,0.20984,"F.P.
skew = 2
excess kurtosis = 6.6"
"balanced n, unequal SD",10,"10, 10, 10, 10","1.0, 1.3, 1.7, 2.2","normal",1,0,0,4,"0, 0, 0, 0",0.06342,0.00108993489346841,0.0513,0.000986593229249015,0.06412,0.00109552385277547,0.05168,0.000990042197080508,0.05418,0.00101236878260839,0.06672,0.0011159609455532,0.87036,0.00150222149099259,0.12964,0.00150222149099259,0.50232,0.00223604390654567,0.36804,0.0021567872328999,0.12964,0.00150222149099259,0.57714,0.42286,0.12964,0.42286,"Normal distribution
skew = 0; excess kurtosis = 0"
"balanced n, unequal SD",10,"10, 10, 10, 10","1.0, 1.3, 1.7, 2.2","F.P.",2,0,6,4,"0, 0, 0, 0",0.0552,0.00102130269753879,0.03672,0.000841090263883729,0.0477,0.000953149620993472,0.04906,0.000965951514311148,0.04762,0.0009523899999475,0.05552,0.00102408524645168,0.45034,0.0022250118399685,0.54966,0.0022250118399685,0.32006,0.00208624829011314,0.13028,0.00150537119409134,0.54966,0.0022250118399685,0.69184,0.30816,0.54966,0.30816,"F.P.
skew = 0
excess kurtosis = 6"
"balanced n, unequal SD",10,"10, 10, 10, 10","1.0, 1.3, 1.7, 2.2","F.P.",3,0.5,1,4,"0, 0, 0, 0",0.06028,0.00106439016906396,0.05012,0.000975786714400232,0.0598,0.00106041463588542,0.05218,0.000994557666503054,0.05504,0.00101990782328601,0.06436,0.00109743145936318,0.74048,0.00196045591432197,0.25952,0.00196045591432197,0.44498,0.00222248869333457,0.2955,0.00204048891200124,0.25952,0.00196045591432197,0.5999,0.4001,0.25952,0.4001,"F.P.
skew = 0.5
excess kurtosis = 1"
"balanced n, unequal SD",10,"10, 10, 10, 10","1.0, 1.3, 1.7, 2.2","F.P.",4,1,1.6,4,"0, 0, 0, 0",0.06152,0.00107457237634326,0.05654,0.00103289136311618,0.0648,0.00110091743559633,0.06056,0.00106670039280015,0.06498,0.00110233932706767,0.07212,0.00115688120046961,0.56306,0.00221821295821659,0.43694,0.00221821295821659,0.30654,0.00206190799212768,0.25652,0.00195303604472626,0.43694,0.00221821295821659,0.56902,0.43098,0.43694,0.43098,"F.P.
skew = 1
excess kurtosis = 1.6"
"balanced n, unequal SD",10,"10, 10, 10, 10","1.0, 1.3, 1.7, 2.2","F.P.",5,2,6.6,4,"0, 0, 0, 0",0.06252,0.00108269339704276,0.06944,0.00113682088650763,0.06768,0.00112338254926806,0.09282,0.00129772452854988,0.09574,0.00131585601339964,0.09694,0.00132319791716886,0.15402,0.00161429761568306,0.84598,0.00161429761568306,0.0629,0.00108575862879371,0.09112,0.00128698986476196,0.84598,0.00161429761568306,0.54946,0.45054,0.84598,0.45054,"F.P.
skew = 2
excess kurtosis = 6.6"
"unbalanced n, equal SD",10,"5, 8, 12, 15","1.0, 1.0, 1.0, 1.0","normal",1,0,0,4,"0, 0, 0, 0",0.05016,0.000976155463028303,0.0563,0.00103082791968398,0.05324,0.00100404683556097,0.04332,0.000910421634189346,0.0569,0.00103597673719056,0.05426,0.00101307307140206,0.95256,0.000950678141118223,0.04744,0.000950678141118223,0.8852,0.00142562940485948,0.06736,0.00112091596830449,0.04744,0.000950678141118223,0.93026,0.06974,0.04744,0.06974,"Normal distribution
skew = 0; excess kurtosis = 0"
"unbalanced n, equal SD",10,"5, 8, 12, 15","1.0, 1.0, 1.0, 1.0","F.P.",2,0,6,4,"0, 0, 0, 0",0.0473,0.000949344089358542,0.03708,0.000845045248492647,0.04228,0.000899915569373038,0.04344,0.000911624554298533,0.04178,0.00089481206518464,0.05048,0.000979099275865323,0.55236,0.00222377350645249,0.44764,0.00222377350645249,0.50228,0.00223604472942739,0.05008,0.000975417793563353,0.44764,0.00222377350645249,0.89678,0.10322,0.44764,0.10322,"F.P.
skew = 0
excess kurtosis = 6"
"unbalanced n, equal SD",10,"5, 8, 12, 15","1.0, 1.0, 1.0, 1.0","F.P.",3,0.5,1,4,"0, 0, 0, 0",0.04964,0.000971348242393015,0.0526,0.000998331007231569,0.0518,0.000991128245990397,0.0438,0.000915221940296451,0.0525,0.000997434208356621,0.0542,0.00101254491258413,0.83218,0.0016712656736737,0.16782,0.0016712656736737,0.76152,0.00190581892948937,0.07066,0.00114601190569732,0.16782,0.0016712656736737,0.91656,0.08344,0.16782,0.08344,"F.P.
skew = 0.5
excess kurtosis = 1"
"unbalanced n, equal SD",10,"5, 8, 12, 15","1.0, 1.0, 1.0, 1.0","F.P.",4,1,1.6,4,"0, 0, 0, 0",0.04826,0.00095844637200002,0.06084,0.00106900415714814,0.04952,0.00097023470974811,0.04402,0.000917412007769683,0.0577,0.001042791541968,0.0537,0.00100813005113428,0.56808,0.00221524316317645,0.43192,0.00221524316317645,0.49032,0.00223564888835434,0.07776,0.00119760913824169,0.43192,0.00221524316317645,0.88256,0.11744,0.43192,0.11744,"F.P.
skew = 1
excess kurtosis = 1.6"
"unbalanced n, equal SD",10,"5, 8, 12, 15","1.0, 1.0, 1.0, 1.0","F.P.",5,2,6.6,4,"0, 0, 0, 0",0.0462,0.000938781763776864,0.06856,0.00113012854490098,0.04616,0.000938394953098108,0.04302,0.000907405968682155,0.04796,0.00095561329417291,0.04802,0.000956180731870288,0.12282,0.00146789132840275,0.87718,0.00146789132840275,0.07962,0.00121062509143004,0.0432,0.000909216805827961,0.87718,0.00146789132840275,0.78422,0.21578,0.87718,0.21578,"F.P.
skew = 2
excess kurtosis = 6.6"
"unbalanced n, larger n with larger SD",10,"5, 8, 12, 15","1.0, 1.3, 1.7, 2.2","normal",1,0,0,4,"0, 0, 0, 0",0.02616,0.000713801854858896,0.05106,0.000984407196235379,0.04124,0.000889261068528247,0.02866,0.000746171621009537,0.05076,0.000981666159139654,0.0433,0.000910220962184458,0.9069,0.00129947981900451,0.0931,0.00129947981900451,0.66138,0.00211639549990072,0.24552,0.0019247853366025,0.0931,0.00129947981900451,0.73562,0.26438,0.0931,0.26438,"Normal distribution
skew = 0; excess kurtosis = 0"
"unbalanced n, larger n with larger SD",10,"5, 8, 12, 15","1.0, 1.3, 1.7, 2.2","F.P.",2,0,6,4,"0, 0, 0, 0",0.02462,0.000693020282531471,0.0365,0.000838662625851421,0.02976,0.000759925554248572,0.0306,0.000770242039880971,0.03478,0.000819394308010496,0.0354,0.000826399903194573,0.46278,0.00222986399405883,0.53722,0.00222986399405883,0.38488,0.00217599349999029,0.0779,0.00119859576171452,0.53722,0.00222986399405883,0.8428,0.1572,0.53722,0.1572,"F.P.
skew = 0
excess kurtosis = 6"
"unbalanced n, larger n with larger SD",10,"5, 8, 12, 15","1.0, 1.3, 1.7, 2.2","F.P.",3,0.5,1,4,"0, 0, 0, 0",0.02674,0.000721456476857752,0.04786,0.000954666647579143,0.0387,0.000862581126619404,0.02968,0.000758934748183268,0.04454,0.000922563693194134,0.03986,0.000874884911288336,0.75688,0.00191839863219301,0.24312,0.00191839863219301,0.56506,0.00221705749316521,0.19182,0.00176082416839388,0.24312,0.00191839863219301,0.75992,0.24008,0.24312,0.24008,"F.P.
skew = 0.5
excess kurtosis = 1"
"unbalanced n, larger n with larger SD",10,"5, 8, 12, 15","1.0, 1.3, 1.7, 2.2","F.P.",4,1,1.6,4,"0, 0, 0, 0",0.02784,0.000735730037445801,0.0511,0.000984771953296803,0.04414,0.000918603945125428,0.03332,0.000802617936505284,0.04726,0.000948962511377557,0.0462,0.000938781763776864,0.55942,0.0022202218970184,0.44058,0.0022202218970184,0.37412,0.00216404355593874,0.1853,0.00173760703267453,0.44058,0.0022202218970184,0.71424,0.28576,0.44058,0.28576,"F.P.
skew = 1
excess kurtosis = 1.6"
"unbalanced n, larger n with larger SD",10,"5, 8, 12, 15","1.0, 1.3, 1.7, 2.2","F.P.",5,2,6.6,4,"0, 0, 0, 0",0.02996,0.000762396201459582,0.0493,0.000968189134415379,0.04434,0.000920586382693118,0.05332,0.00100475845455512,0.05788,0.00104431705530457,0.05892,0.00105307581493452,0.13436,0.00152517140282658,0.86564,0.00152517140282658,0.06812,0.00112676231388878,0.06624,0.00111222535845934,0.86564,0.00152517140282658,0.68506,0.31494,0.86564,0.31494,"F.P.
skew = 2
excess kurtosis = 6.6"
"unbalanced n, larger n with smaller SD",10,"5, 8, 12, 15","2.2, 1.7, 1.3, 1.0","normal",1,0,0,4,"0, 0, 0, 0",0.13072,0.00150752964547965,0.0589,0.00105290825811179,0.09732,0.00132550984605924,0.07828,0.0012012680100627,0.06424,0.00109647820224572,0.0997,0.00133985006623876,0.8679,0.00151426279093161,0.1321,0.00151426279093161,0.46042,0.00222905102498799,0.40748,0.0021974532968871,0.1321,0.00151426279093161,0.50502,0.49498,0.1321,0.49498,"Normal distribution
skew = 0; excess kurtosis = 0"
"unbalanced n, larger n with smaller SD",10,"5, 8, 12, 15","2.2, 1.7, 1.3, 1.0","F.P.",2,0,6,4,"0, 0, 0, 0",0.11692,0.00143700879329251,0.03886,0.000864290465063684,0.0682,0.00112737535896435,0.0693,0.0011357597457209,0.05776,0.00104330036327033,0.07926,0.00120812128861303,0.4669,0.00223116288065215,0.5331,0.00223116288065215,0.30968,0.00206774416986241,0.15722,0.00162789355671678,0.5331,0.00223116288065215,0.57504,0.42496,0.5331,0.42496,"F.P.
skew = 0
excess kurtosis = 6"
"unbalanced n, larger n with smaller SD",10,"5, 8, 12, 15","2.2, 1.7, 1.3, 1.0","F.P.",3,0.5,1,4,"0, 0, 0, 0",0.13242,0.00151581623952246,0.05882,0.00105223768797739,0.09672,0.00132185658526181,0.08124,0.00122180245866507,0.06842,0.00112905893203145,0.10078,0.00134627925483534,0.74026,0.00196099532074913,0.25974,0.00196099532074913,0.4156,0.00220398112514604,0.32466,0.00209406725966479,0.25974,0.00196099532074913,0.5234,0.4766,0.25974,0.4766,"F.P.
skew = 0.5
excess kurtosis = 1"
"unbalanced n, larger n with smaller SD",10,"5, 8, 12, 15","2.2, 1.7, 1.3, 1.0","F.P.",4,1,1.6,4,"0, 0, 0, 0",0.12902,0.00149915869473515,0.07374,0.00116878066719124,0.09674,0.00132197861102213,0.09146,0.00128914753538918,0.08698,0.00126027361791002,0.10494,0.00137060276083189,0.56834,0.00221508304313856,0.43166,0.00221508304313856,0.28604,0.00202099539039553,0.2823,0.00201299135616624,0.43166,0.00221508304313856,0.49748,0.50252,0.43166,0.50252,"F.P.
skew = 1
excess kurtosis = 1.6"
"unbalanced n, larger n with smaller SD",10,"5, 8, 12, 15","2.2, 1.7, 1.3, 1.0","F.P.",5,2,6.6,4,"0, 0, 0, 0",0.1208,0.00145744543637146,0.10472,0.00136933357221679,0.0952,0.00131253159961961,0.12664,0.00148729492972981,0.12732,0.00149070196618908,0.12974,0.00150271442662936,0.15998,0.00163942916650888,0.84002,0.00163942916650888,0.06124,0.00107228412652617,0.09874,0.00133409454237696,0.84002,0.00163942916650888,0.47794,0.52206,0.84002,0.52206,"F.P.
skew = 2
excess kurtosis = 6.6"
"balanced n, equal SD",20,"20, 20, 20, 20","1.0, 1.0, 1.0, 1.0","normal",1,0,0,4,"0, 0, 0, 0",0.04978,0.000972645378336832,0.051,0.000983859746102055,0.05122,0.000985865219997135,0.04774,0.000953529154247525,0.05178,0.000990947340679615,0.0519,0.000992032156736867,0.95116,0.000963894749441037,0.04884,0.000963894749441037,0.89592,0.00136563064991966,0.05524,0.00102165104022851,0.04884,0.000963894749441037,0.9423,0.0577,0.04884,0.0577,"Normal distribution
skew = 0; excess kurtosis = 0"
"balanced n, equal SD",20,"20, 20, 20, 20","1.0, 1.0, 1.0, 1.0","F.P.",2,0,6,4,"0, 0, 0, 0",0.04564,0.000933348706540058,0.04144,0.000891321787010729,0.04524,0.000929444375958024,0.04694,0.000945903128232485,0.0493,0.000968189134415379,0.05142,0.00098768399399808,0.25782,0.00195626607392757,0.74218,0.00195626607392757,0.23956,0.00190877450946936,0.01826,0.000598774956056113,0.74218,0.00195626607392757,0.92932,0.07068,0.74218,0.07068,"F.P.
skew = 0
excess kurtosis = 6"
"balanced n, equal SD",20,"20, 20, 20, 20","1.0, 1.0, 1.0, 1.0","F.P.",3,0.5,1,4,"0, 0, 0, 0",0.04868,0.000962395527836658,0.04904,0.000965764758106238,0.04944,0.0009694914790755,0.0463,0.000939747944929916,0.0512,0.000985683113378737,0.0524,0.000996536401743559,0.68752,0.0020728543103653,0.31248,0.0020728543103653,0.63872,0.00214828658051015,0.0488,0.000963520212553945,0.31248,0.0020728543103653,0.93228,0.06772,0.31248,0.06772,"F.P.
skew = 0.5
excess kurtosis = 1"
"balanced n, equal SD",20,"20, 20, 20, 20","1.0, 1.0, 1.0, 1.0","F.P.",4,1,1.6,4,"0, 0, 0, 0",0.0492,0.00096725756652507,0.05316,0.00100333458427386,0.05058,0.000980016975363182,0.04878,0.000963332877047181,0.0534,0.00100546944259883,0.05334,0.00100493626066532,0.18536,0.00173782433174357,0.81464,0.00173782433174357,0.1601,0.00163992676665758,0.02526,0.000701739729529403,0.81464,0.00173782433174357,0.90052,0.09948,0.81464,0.09948,"F.P.
skew = 1
excess kurtosis = 1.6"
"balanced n, equal SD",20,"20, 20, 20, 20","1.0, 1.0, 1.0, 1.0","F.P.",5,2,6.6,4,"0, 0, 0, 0",0.0459,0.000935875953318601,0.05704,0.00103717345126068,0.0506,0.000980200387675908,0.04804,0.000956369786222881,0.0483,0.00095882334139298,0.04834,0.000959200129274387,0.00116,0.000152227093514919,0.99884,0.000152227093514923,0.00058,0.000107672057656571,0.00058,0.000107672057656571,0.99884,0.000152227093514923,0.8005,0.1995,0.99884,0.1995,"F.P.
skew = 2
excess kurtosis = 6.6"
"balanced n, unequal SD",20,"20, 20, 20, 20","1.0, 1.3, 1.7, 2.2","normal",1,0,0,4,"0, 0, 0, 0",0.06166,0.00107571412931131,0.0519,0.000992032156736867,0.0565,0.00103254781971587,0.05596,0.00102789569898896,0.05704,0.00103717345126068,0.06088,0.00106933274147947,0.79756,0.00179698662432418,0.20244,0.00179698662432418,0.18324,0.00173010463498599,0.61432,0.00217683686848602,0.20244,0.00179698662432418,0.22268,0.77732,0.20244,0.77732,"Normal distribution
skew = 0; excess kurtosis = 0"
"balanced n, unequal SD",20,"20, 20, 20, 20","1.0, 1.3, 1.7, 2.2","F.P.",2,0,6,4,"0, 0, 0, 0",0.05608,0.00102893181115174,0.04212,0.000898286208287759,0.047,0.000946477680666586,0.05274,0.000999584837820182,0.0539,0.00100989890583167,0.055,0.00101955872807799,0.14552,0.00157698401767424,0.85448,0.00157698401767424,0.07476,0.00117618827064378,0.07076,0.00114676085039558,0.85448,0.00157698401767424,0.46664,0.53336,0.85448,0.53336,"F.P.
skew = 0
excess kurtosis = 6"
"balanced n, unequal SD",20,"20, 20, 20, 20","1.0, 1.3, 1.7, 2.2","F.P.",3,0.5,1,4,"0, 0, 0, 0",0.05964,0.00105908517504495,0.0503,0.000977444729895251,0.05514,0.00102077990183977,0.05796,0.00104499414735203,0.05956,0.00105841963700604,0.0627,0.00108414676128281,0.52016,0.0022342496476446,0.47984,0.0022342496476446,0.14924,0.00159353332189823,0.37092,0.00216027013866322,0.47984,0.0022342496476446,0.27566,0.72434,0.47984,0.72434,"F.P.
skew = 0.5
excess kurtosis = 1"
"balanced n, unequal SD",20,"20, 20, 20, 20","1.0, 1.3, 1.7, 2.2","F.P.",4,1,1.6,4,"0, 0, 0, 0",0.06272,0.00108430808905956,0.05732,0.00103956161529753,0.06148,0.00107424587129763,0.07494,0.00117748882287689,0.07706,0.00119265884812045,0.0787,0.00120421185843688,0.23372,0.00189259061394693,0.76628,0.00189259061394693,0.0545,0.00101518224964782,0.17922,0.00171522704969342,0.76628,0.00189259061394693,0.2667,0.7333,0.76628,0.7333,"F.P.
skew = 1
excess kurtosis = 1.6"
"balanced n, unequal SD",20,"20, 20, 20, 20","1.0, 1.3, 1.7, 2.2","F.P.",5,2,6.6,4,"0, 0, 0, 0",0.06078,0.00106851103503895,0.0652,0.0011040739105694,0.06516,0.00110375879973842,0.1425,0.00156328980038891,0.1427,0.00156420401482671,0.14278,0.00156456940785636,0.00512,0.000319179748731025,0.99488,0.000319179748731025,7e-04,0.000118280175853775,0.00442,0.000296663567025006,0.99488,0.000319179748731025,0.33424,0.66576,0.99488,0.66576,"F.P.
skew = 2
excess kurtosis = 6.6"
"unbalanced n, equal SD",20,"10, 16, 24, 30","1.0, 1.0, 1.0, 1.0","normal",1,0,0,4,"0, 0, 0, 0",0.04864,0.000962020274214634,0.05068,0.000980933612432564,0.05004,0.000975048700322194,0.04506,0.000927680940841192,0.0513,0.000986593229249015,0.0507,0.000981116812617132,0.95234,0.000952769902967133,0.04766,0.000952769902967133,0.89608,0.00136470241151688,0.05626,0.00103048350205134,0.04766,0.000952769902967133,0.94114,0.05886,0.04766,0.05886,"Normal distribution
skew = 0; excess kurtosis = 0"
"unbalanced n, equal SD",20,"10, 16, 24, 30","1.0, 1.0, 1.0, 1.0","F.P.",2,0,6,4,"0, 0, 0, 0",0.04998,0.000974494736773883,0.04064,0.000883044624013985,0.04614,0.00093820147516405,0.04672,0.000943792790817985,0.04758,0.000952009911713108,0.05172,0.000990404378019403,0.25334,0.00194503904536644,0.74666,0.00194503904536644,0.23536,0.00189718565459472,0.01798,0.000594251118635884,0.74666,0.00194503904536644,0.92308,0.07692,0.74666,0.07692,"F.P.
skew = 0
excess kurtosis = 6"
"unbalanced n, equal SD",20,"10, 16, 24, 30","1.0, 1.0, 1.0, 1.0","F.P.",3,0.5,1,4,"0, 0, 0, 0",0.05242,0.00099671604381589,0.05362,0.00100742141728276,0.05264,0.000998689445223088,0.04946,0.000969677352525055,0.05504,0.00101990782328601,0.05644,0.00103203223205479,0.68272,0.00208141010663444,0.31728,0.00208141010663444,0.633,0.00215550922057875,0.04972,0.000972089724253888,0.31728,0.00208141010663444,0.92998,0.07002,0.31728,0.07002,"F.P.
skew = 0.5
excess kurtosis = 1"
"unbalanced n, equal SD",20,"10, 16, 24, 30","1.0, 1.0, 1.0, 1.0","F.P.",4,1,1.6,4,"0, 0, 0, 0",0.04932,0.000968375315670531,0.05782,0.00104380886756149,0.05096,0.000983494569380025,0.04658,0.000942446853673988,0.05118,0.000985500964991917,0.05126,0.000986229308021213,0.18334,0.00173047071284087,0.81666,0.00173047071284087,0.1564,0.00162443245473611,0.02694,0.000724075084504363,0.81666,0.00173047071284087,0.8959,0.1041,0.81666,0.1041,"F.P.
skew = 1
excess kurtosis = 1.6"
"unbalanced n, equal SD",20,"10, 16, 24, 30","1.0, 1.0, 1.0, 1.0","F.P.",5,2,6.6,4,"0, 0, 0, 0",0.0477,0.000953149620993472,0.06784,0.00112461312814674,0.04954,0.00097042040786455,0.04756,0.000951819798071042,0.04774,0.000953529154247525,0.04774,0.000953529154247525,0.00164,0.000180959133508093,0.99836,0.000180959133508092,0.00066,0.000114853332559399,0.00098,0.00013993138318476,0.99836,0.000180959133508092,0.80396,0.19604,0.99836,0.19604,"F.P.
skew = 2
excess kurtosis = 6.6"
"unbalanced n, larger n with larger SD",20,"10, 16, 24, 30","1.0, 1.3, 1.7, 2.2","normal",1,0,0,4,"0, 0, 0, 0",0.0254,0.000703631153375119,0.04898,0.000965204222949734,0.04568,0.00093373805320336,0.03028,0.000766330497892391,0.04796,0.00095561329417291,0.04578,0.000934710560548023,0.86624,0.00152228947575683,0.13376,0.00152228947575683,0.32638,0.00209693154680834,0.53986,0.0022289512349982,0.13376,0.00152228947575683,0.37986,0.62014,0.13376,0.62014,"Normal distribution
skew = 0; excess kurtosis = 0"
"unbalanced n, larger n with larger SD",20,"10, 16, 24, 30","1.0, 1.3, 1.7, 2.2","F.P.",2,0,6,4,"0, 0, 0, 0",0.02542,0.000703900896433582,0.04136,0.00089049817967248,0.0342,0.000812777460317398,0.03218,0.000789233141726828,0.03544,0.000826849519562054,0.03478,0.000819394308010496,0.16026,0.00164058972567793,0.83974,0.00164058972567793,0.10474,0.00136944903081495,0.05552,0.00102408524645168,0.83974,0.00164058972567793,0.6613,0.3387,0.83974,0.3387,"F.P.
skew = 0
excess kurtosis = 6"
"unbalanced n, larger n with larger SD",20,"10, 16, 24, 30","1.0, 1.3, 1.7, 2.2","F.P.",3,0.5,1,4,"0, 0, 0, 0",0.0263,0.000715657879157353,0.04988,0.000973570599391744,0.04602,0.000937039589345082,0.03388,0.000809100063032997,0.04558,0.000932764317499335,0.04416,0.000918802420545353,0.56798,0.00221530458221889,0.43202,0.00221530458221889,0.24578,0.00192547236594037,0.3222,0.00208991463940516,0.43202,0.00221530458221889,0.44394,0.55606,0.43202,0.55606,"F.P.
skew = 0.5
excess kurtosis = 1"
"unbalanced n, larger n with larger SD",20,"10, 16, 24, 30","1.0, 1.3, 1.7, 2.2","F.P.",4,1,1.6,4,"0, 0, 0, 0",0.02812,0.00073931408210584,0.05254,0.000997793048682942,0.05032,0.00097762873934843,0.04448,0.000921971036421427,0.0511,0.000984771953296803,0.05086,0.000982580891326511,0.2263,0.00187130067065664,0.7737,0.00187130067065664,0.07834,0.00120168918111132,0.14796,0.0015878780708858,0.7737,0.00187130067065664,0.41364,0.58636,0.7737,0.58636,"F.P.
skew = 1
excess kurtosis = 1.6"
"unbalanced n, larger n with larger SD",20,"10, 16, 24, 30","1.0, 1.3, 1.7, 2.2","F.P.",5,2,6.6,4,"0, 0, 0, 0",0.02878,0.000747685918016382,0.05566,0.00102529960889488,0.05304,0.00100226501884482,0.09462,0.00130894656575431,0.09488,0.00131055549748952,0.09488,0.00131055549748952,0.00336,0.000258793755720651,0.99664,0.000258793755720652,0.00064,0.000113100875328178,0.00272,0.00023292065601831,0.99664,0.000258793755720652,0.4792,0.5208,0.99664,0.5208,"F.P.
skew = 2
excess kurtosis = 6.6"
"unbalanced n, larger n with smaller SD",20,"10, 16, 24, 30","2.2, 1.7, 1.3, 1.0","normal",1,0,0,4,"0, 0, 0, 0",0.13052,0.00150654923318158,0.0517,0.000990223308148218,0.06996,0.00114075061604191,0.0818,0.00122563257136876,0.06464,0.0010996514938834,0.08028,0.00121519645819102,0.7716,0.00187741013100494,0.2284,0.00187741013100494,0.19402,0.00176848092780216,0.57758,0.00220898774826842,0.2284,0.00187741013100494,0.22844,0.77156,0.2284,0.77156,"Normal distribution
skew = 0; excess kurtosis = 0"
"unbalanced n, larger n with smaller SD",20,"10, 16, 24, 30","2.2, 1.7, 1.3, 1.0","F.P.",2,0,6,4,"0, 0, 0, 0",0.12066,0.00145671661211095,0.04198,0.000896857620807227,0.06038,0.00106521599312064,0.07566,0.00118267125102456,0.0747,0.00117575431107013,0.07894,0.00120588951732735,0.1529,0.00160948184208459,0.8471,0.00160948184208459,0.07946,0.00120951319463659,0.07344,0.00116658961421744,0.8471,0.00160948184208459,0.41096,0.58904,0.8471,0.58904,"F.P.
skew = 0
excess kurtosis = 6"
"unbalanced n, larger n with smaller SD",20,"10, 16, 24, 30","2.2, 1.7, 1.3, 1.0","F.P.",3,0.5,1,4,"0, 0, 0, 0",0.12786,0.00149339760546212,0.05344,0.00100582470043244,0.072,0.00115599307956406,0.08448,0.00124372930816959,0.07538,0.00118065960886277,0.08702,0.00126053575593872,0.51678,0.0022348084105802,0.48322,0.0022348084105802,0.15866,0.0016339339301208,0.35812,0.00214415515110264,0.48322,0.0022348084105802,0.27042,0.72958,0.48322,0.72958,"F.P.
skew = 0.5
excess kurtosis = 1"
"unbalanced n, larger n with smaller SD",20,"10, 16, 24, 30","2.2, 1.7, 1.3, 1.0","F.P.",4,1,1.6,4,"0, 0, 0, 0",0.12724,0.00149030186472406,0.06382,0.00109313318127299,0.0776,0.00119648017116875,0.10294,0.00135899489623766,0.10014,0.00134247517965883,0.10412,0.00136586255238219,0.23436,0.00189438850503269,0.76564,0.00189438850503269,0.0585,0.00104954990353008,0.17586,0.00170254668306041,0.76564,0.00189438850503269,0.26032,0.73968,0.76564,0.73968,"F.P.
skew = 1
excess kurtosis = 1.6"
"unbalanced n, larger n with smaller SD",20,"10, 16, 24, 30","2.2, 1.7, 1.3, 1.0","F.P.",5,2,6.6,4,"0, 0, 0, 0",0.12622,0.00148518356845206,0.08948,0.0012765056176923,0.08904,0.00127367090254901,0.17992,0.00171784046756385,0.17996,0.00171798951335565,0.18,0.00171813852759316,0.00626,0.000352726874507741,0.99374,0.000352726874507743,0.00094,0.000137048633703514,0.00532,0.0003253213057886,0.99374,0.000352726874507743,0.32168,0.67832,0.99374,0.67832,"F.P.
skew = 2
excess kurtosis = 6.6"
"balanced n, equal SD",50,"50, 50, 50, 50","1.0, 1.0, 1.0, 1.0","normal",1,0,0,4,"0, 0, 0, 0",0.04866,0.000962207923476002,0.049,0.000965391112451321,0.04934,0.00096856145287741,0.04814,0.000957314372607035,0.04952,0.00097023470974811,0.0498,0.000972830509389996,0.95066,0.000968561452877411,0.04934,0.00096856145287741,0.90138,0.00133337238309484,0.04928,0.000968002909086538,0.04934,0.00096856145287741,0.94842,0.05158,0.04934,0.05158,"Normal distribution
skew = 0; excess kurtosis = 0"
"balanced n, equal SD",50,"50, 50, 50, 50","1.0, 1.0, 1.0, 1.0","F.P.",2,0,6,4,"0, 0, 0, 0",0.05002,0.000974864088988819,0.0477,0.000953149620993472,0.04942,0.000969305561729633,0.0507,0.000981116812617132,0.05094,0.000983311917958895,0.05106,0.000984407196235379,0.0136,0.000517977605693528,0.9864,0.000517977605693527,0.01298,0.000506192050510476,0.00062,0.00011132076176527,0.9864,0.000517977605693527,0.9427,0.0573,0.9864,0.0573,"F.P.
skew = 0
excess kurtosis = 6"
"balanced n, equal SD",50,"50, 50, 50, 50","1.0, 1.0, 1.0, 1.0","F.P.",3,0.5,1,4,"0, 0, 0, 0",0.0483,0.00095882334139298,0.0489,0.000964456219846189,0.04878,0.000963332877047181,0.04872,0.00096277060196082,0.05086,0.000982580891326511,0.05098,0.000983677178753274,0.35502,0.00214000373644534,0.64498,0.00214000373644534,0.33174,0.00210565226188941,0.02328,0.00067435957174196,0.64498,0.00214000373644534,0.93722,0.06278,0.64498,0.06278,"F.P.
skew = 0.5
excess kurtosis = 1"
"balanced n, equal SD",50,"50, 50, 50, 50","1.0, 1.0, 1.0, 1.0","F.P.",4,1,1.6,4,"0, 0, 0, 0",0.0501,0.000975602275520101,0.0521,0.000993836908149421,0.05036,0.000977996629851044,0.05052,0.000979466483346929,0.05054,0.000979650023222579,0.05054,0.000979650023222579,0.00138,0.000166017806273905,0.99862,0.000166017806273908,0.00118,0.000153532250683692,2e-04,6.32392283317879e-05,0.99862,0.000166017806273908,0.9043,0.0957,0.99862,0.0957,"F.P.
skew = 1
excess kurtosis = 1.6"
"balanced n, equal SD",50,"50, 50, 50, 50","1.0, 1.0, 1.0, 1.0","F.P.",5,2,6.6,4,"0, 0, 0, 0",0.05078,0.000981849190049063,0.05764,0.00104228240319023,0.05398,0.00101060535917835,0.04988,0.000973570599391744,0.04988,0.000973570599391744,0.04988,0.000973570599391744,0,0,1,0,0,0,0,0,1,0,0.80848,0.19152,1,0.19152,"F.P.
skew = 2
excess kurtosis = 6.6"
"balanced n, unequal SD",50,"50, 50, 50, 50","1.0, 1.3, 1.7, 2.2","normal",1,0,0,4,"0, 0, 0, 0",0.0606,0.00106702989648838,0.05062,0.000980383757515392,0.05064,0.000980567084905464,0.05572,0.00102581949289336,0.05788,0.00104431705530457,0.0579,0.00104448638095477,0.58748,0.00220157784145826,0.41252,0.00220157784145826,0.00238,0.000217914460282011,0.5851,0.00220344271538881,0.41252,0.00220157784145826,0.00318,0.99682,0.41252,0.99682,"Normal distribution
skew = 0; excess kurtosis = 0"
"balanced n, unequal SD",50,"50, 50, 50, 50","1.0, 1.3, 1.7, 2.2","F.P.",2,0,6,4,"0, 0, 0, 0",0.05826,0.0010475282564208,0.04702,0.000946669103752732,0.04742,0.000950487702182411,0.05232,0.000995817429050125,0.0524,0.000996536401743559,0.0524,0.000996536401743559,0.0021,0.000204723716261697,0.9979,0.000204723716261697,0.00022,6.63251988312135e-05,0.00188,0.000193724835785193,0.9979,0.000204723716261697,0.07902,0.92098,0.9979,0.92098,"F.P.
skew = 0
excess kurtosis = 6"
"balanced n, unequal SD",50,"50, 50, 50, 50","1.0, 1.3, 1.7, 2.2","F.P.",3,0.5,1,4,"0, 0, 0, 0",0.06024,0.0010640596073529,0.05046,0.000978915608211454,0.05058,0.000980016975363182,0.06476,0.00110060113029199,0.06568,0.00110784599651757,0.06576,0.00110847302538221,0.15326,0.00161103303752592,0.84674,0.00161103303752592,0.00196,0.000197795773463439,0.1513,0.00160254990561917,0.84674,0.00161103303752592,0.00934,0.99066,0.84674,0.99066,"F.P.
skew = 0.5
excess kurtosis = 1"
"balanced n, unequal SD",50,"50, 50, 50, 50","1.0, 1.3, 1.7, 2.2","F.P.",4,1,1.6,4,"0, 0, 0, 0",0.05954,0.00105825316819748,0.0527,0.000999226801081716,0.05292,0.00100119402315435,0.10906,0.00139402952909901,0.10928,0.00139526256740443,0.10928,0.00139526256740443,0.0089,0.00042001880910264,0.9911,0.000420018809102641,4e-05,2.828370555638e-05,0.00886,0.000419082340358073,0.9911,0.000420018809102641,0.01052,0.98948,0.9911,0.98948,"F.P.
skew = 1
excess kurtosis = 1.6"
"balanced n, unequal SD",50,"50, 50, 50, 50","1.0, 1.3, 1.7, 2.2","F.P.",5,2,6.6,4,"0, 0, 0, 0",0.05988,0.00106107856071075,0.05756,0.00104160305683115,0.05862,0.00105055885698994,0.31552,0.00207830281527981,0.31552,0.00207830281527981,0.31552,0.00207830281527981,0,0,1,0,0,0,0,0,1,0,0.05456,0.94544,1,0.94544,"F.P.
skew = 2
excess kurtosis = 6.6"
"unbalanced n, equal SD",50,"25, 40, 60, 75","1.0, 1.0, 1.0, 1.0","normal",1,0,0,4,"0, 0, 0, 0",0.04936,0.000968747546061408,0.04908,0.00096613822613537,0.0496,0.000970977239692054,0.0484,0.000959764971229936,0.04936,0.000968747546061408,0.05006,0.000975233268505541,0.95064,0.000968747546061408,0.04936,0.000968747546061408,0.89844,0.00135089278923237,0.0522,0.000994737754385547,0.04936,0.000968747546061408,0.94556,0.05444,0.04936,0.05444,"Normal distribution
skew = 0; excess kurtosis = 0"
"unbalanced n, equal SD",50,"25, 40, 60, 75","1.0, 1.0, 1.0, 1.0","F.P.",2,0,6,4,"0, 0, 0, 0",0.05036,0.000977996629851044,0.0473,0.000949344089358542,0.04874,0.000962958071776752,0.05126,0.000986229308021213,0.05166,0.000989861044793662,0.05182,0.000991309110217393,0.01642,0.000568337639084374,0.98358,0.000568337639084374,0.01536,0.000549983097922109,0.00106,0.00014552500816011,0.98358,0.000568337639084374,0.93874,0.06126,0.98358,0.06126,"F.P.
skew = 0
excess kurtosis = 6"
"unbalanced n, equal SD",50,"25, 40, 60, 75","1.0, 1.0, 1.0, 1.0","F.P.",3,0.5,1,4,"0, 0, 0, 0",0.05082,0.00098221512511262,0.0514,0.000987502303794781,0.05094,0.000983311917958895,0.05016,0.000976155463028303,0.05264,0.000998689445223088,0.05306,0.00100244337894965,0.35952,0.00214599799440726,0.64048,0.00214599799440726,0.33572,0.00211192841545352,0.0238,0.000681667954359012,0.64048,0.00214599799440726,0.93752,0.06248,0.64048,0.06248,"F.P.
skew = 0.5
excess kurtosis = 1"
"unbalanced n, equal SD",50,"25, 40, 60, 75","1.0, 1.0, 1.0, 1.0","F.P.",4,1,1.6,4,"0, 0, 0, 0",0.04888,0.000964269107666527,0.05216,0.000994377537960306,0.04828,0.000958634879398825,0.0481,0.000956936675020871,0.04806,0.000956558794847447,0.04808,0.000956747757771086,0.0011,0.000148242369112208,0.9989,0.000148242369112207,0.00084,0.00012956036430946,0.00026,7.21016504665462e-05,0.9989,0.000148242369112207,0.90176,0.09824,0.9989,0.09824,"F.P.
skew = 1
excess kurtosis = 1.6"
"unbalanced n, equal SD",50,"25, 40, 60, 75","1.0, 1.0, 1.0, 1.0","F.P.",5,2,6.6,4,"0, 0, 0, 0",0.05,0.000974679434480896,0.0633,0.00108897300242017,0.05294,0.00100137262195449,0.04902,0.000965577957494888,0.04902,0.000965577957494888,0.04902,0.000965577957494888,0,0,1,0,0,0,0,0,1,0,0.80684,0.19316,1,0.19316,"F.P.
skew = 2
excess kurtosis = 6.6"
"unbalanced n, larger n with larger SD",50,"25, 40, 60, 75","1.0, 1.3, 1.7, 2.2","normal",1,0,0,4,"0, 0, 0, 0",0.0252,0.000700927385682711,0.04972,0.000972089724253888,0.04964,0.000971348242393015,0.0306,0.000770242039880971,0.0467,0.000943600657057847,0.04668,0.000943408475688023,0.7476,0.00194264891321103,0.2524,0.00194264891321103,0.0108,0.000462241495324684,0.7368,0.0019693946277981,0.2524,0.00194264891321103,0.01358,0.98642,0.2524,0.98642,"Normal distribution
skew = 0; excess kurtosis = 0"
"unbalanced n, larger n with larger SD",50,"25, 40, 60, 75","1.0, 1.3, 1.7, 2.2","F.P.",2,0,6,4,"0, 0, 0, 0",0.02498,0.000697939819755256,0.04606,0.000937427078763996,0.0437,0.000914224370709948,0.03374,0.000807485137943727,0.03388,0.000809100063032997,0.0339,0.000809330464025666,0.00348,0.000263358675573826,0.99652,0.000263358675573828,0.00088,0.000132606606170281,0.0026,0.000227738446468751,0.99652,0.000263358675573828,0.18114,0.81886,0.99652,0.81886,"F.P.
skew = 0
excess kurtosis = 6"
"unbalanced n, larger n with larger SD",50,"25, 40, 60, 75","1.0, 1.3, 1.7, 2.2","F.P.",3,0.5,1,4,"0, 0, 0, 0",0.026,0.000711674082709213,0.04868,0.000962395527836658,0.04862,0.000961832580026275,0.03982,0.000874464036996376,0.04378,0.000915022530870142,0.04376,0.000914823069232516,0.20258,0.0017974501027845,0.79742,0.0017974501027845,0.00614,0.000349350837983824,0.19644,0.00177680233228122,0.79742,0.0017974501027845,0.03008,0.96992,0.79742,0.96992,"F.P.
skew = 0.5
excess kurtosis = 1"
"unbalanced n, larger n with larger SD",50,"25, 40, 60, 75","1.0, 1.3, 1.7, 2.2","F.P.",4,1,1.6,4,"0, 0, 0, 0",0.02608,0.000712738852596096,0.05212,0.000994017158805621,0.05194,0.000992393434077433,0.06812,0.00112676231388878,0.06836,0.00112860010987063,0.06836,0.00112860010987063,0.00642,0.000357177367704058,0.99358,0.000357177367704058,0.00016,5.65640168304904e-05,0.00626,0.000352726874507741,0.99358,0.000357177367704058,0.03458,0.96542,0.99358,0.96542,"F.P.
skew = 1
excess kurtosis = 1.6"
"unbalanced n, larger n with larger SD",50,"25, 40, 60, 75","1.0, 1.3, 1.7, 2.2","F.P.",5,2,6.6,4,"0, 0, 0, 0",0.02678,0.000721981046842644,0.05318,0.00100351270644671,0.05336,0.00100511402736207,0.23512,0.00189651567670821,0.23512,0.00189651567670821,0.23512,0.00189651567670821,0,0,1,0,0,0,0,0,1,0,0.1073,0.8927,1,0.8927,"F.P.
skew = 2
excess kurtosis = 6.6"
"unbalanced n, larger n with smaller SD",50,"25, 40, 60, 75","2.2, 1.7, 1.3, 1.0","normal",1,0,0,4,"0, 0, 0, 0",0.12882,0.00149816826558301,0.05058,0.000980016975363182,0.05094,0.000983311917958895,0.08448,0.00124372930816959,0.07192,0.00115540048121853,0.0722,0.00115747276425841,0.54846,0.00222554096075538,0.45154,0.00222554096075538,0.00572,0.000337261963464604,0.54274,0.00222788371509825,0.45154,0.00222554096075538,0.00722,0.99278,0.45154,0.99278,"Normal distribution
skew = 0; excess kurtosis = 0"
"unbalanced n, larger n with smaller SD",50,"25, 40, 60, 75","2.2, 1.7, 1.3, 1.0","F.P.",2,0,6,4,"0, 0, 0, 0",0.1247,0.00147749727580121,0.04486,0.000925716807668522,0.04816,0.00095750315299742,0.07608,0.00118567983536872,0.07614,0.00118610876735652,0.07614,0.00118610876735652,0.00222,0.000210479053589662,0.99778,0.000210479053589662,0.00032,7.99871989758361e-05,0.0019,0.000194750609755143,0.99778,0.000210479053589662,0.09526,0.90474,0.99778,0.90474,"F.P.
skew = 0
excess kurtosis = 6"
"unbalanced n, larger n with smaller SD",50,"25, 40, 60, 75","2.2, 1.7, 1.3, 1.0","F.P.",3,0.5,1,4,"0, 0, 0, 0",0.12774,0.00149279933279728,0.05066,0.000980750369869928,0.05154,0.000988773264201657,0.093,0.00129885334045072,0.09002,0.00127997187156593,0.09024,0.00128138005603334,0.14902,0.00159256421911331,0.85098,0.00159256421911331,0.004,0.000282276460230038,0.14502,0.00157473299070033,0.85098,0.00159256421911331,0.01678,0.98322,0.85098,0.98322,"F.P.
skew = 0.5
excess kurtosis = 1"
"unbalanced n, larger n with smaller SD",50,"25, 40, 60, 75","2.2, 1.7, 1.3, 1.0","F.P.",4,1,1.6,4,"0, 0, 0, 0",0.12652,0.00148669223176823,0.0556,0.00102477939089347,0.05702,0.00103700259980388,0.13488,0.0015276608628881,0.1349,0.00152775645964925,0.1349,0.00152775645964925,0.0081,0.000400858828018044,0.9919,0.000400858828018044,1e-04,4.47191234261138e-05,0.008,0.000398396787135639,0.9919,0.000400858828018044,0.01986,0.98014,0.9919,0.98014,"F.P.
skew = 1
excess kurtosis = 1.6"
"unbalanced n, larger n with smaller SD",50,"25, 40, 60, 75","2.2, 1.7, 1.3, 1.0","F.P.",5,2,6.6,4,"0, 0, 0, 0",0.12748,0.00149150158967398,0.07264,0.00116071900475524,0.07466,0.00117546488165321,0.32794,0.00209950163800841,0.32794,0.00209950163800841,0.32794,0.00209950163800841,0,0,1,0,0,0,0,0,1,0,0.07126,0.92874,1,0.92874,"F.P.
skew = 2
excess kurtosis = 6.6"
"balanced n, equal SD",100,"100, 100, 100, 100","1.0, 1.0, 1.0, 1.0","normal",1,0,0,4,"0, 0, 0, 0",0.05128,0.000986411289473108,0.05108,0.000984589595719963,0.05144,0.000987865642686292,0.05066,0.000980750369869928,0.05118,0.000985500964991917,0.05148,0.000988228815609017,0.95068,0.000968375315670531,0.04932,0.000968375315670531,0.90098,0.00133577722394118,0.0497,0.000971904419168881,0.04932,0.000968375315670531,0.94776,0.05224,0.04932,0.05224,"Normal distribution
skew = 0; excess kurtosis = 0"
"balanced n, equal SD",100,"100, 100, 100, 100","1.0, 1.0, 1.0, 1.0","F.P.",2,0,6,4,"0, 0, 0, 0",0.0474,0.000950297216664344,0.04642,0.000940905772115359,0.04736,0.000949916105769346,0.04944,0.0009694914790755,0.04944,0.0009694914790755,0.04944,0.0009694914790755,0,0,1,0,0,0,0,0,1,0,0.94574,0.05426,1,0.05426,"F.P.
skew = 0
excess kurtosis = 6"
"balanced n, equal SD",100,"100, 100, 100, 100","1.0, 1.0, 1.0, 1.0","F.P.",3,0.5,1,4,"0, 0, 0, 0",0.04834,0.000959200129274387,0.04876,0.000963145496796824,0.04872,0.00096277060196082,0.04758,0.000952009911713108,0.04842,0.000959953161357365,0.04846,0.000960329405985259,0.1009,0.00134699064584725,0.8991,0.00134699064584725,0.0946,0.00130882267706516,0.0063,0.000353844881268615,0.8991,0.00134699064584725,0.93756,0.06244,0.8991,0.06244,"F.P.
skew = 0.5
excess kurtosis = 1"
"balanced n, equal SD",100,"100, 100, 100, 100","1.0, 1.0, 1.0, 1.0","F.P.",4,1,1.6,4,"0, 0, 0, 0",0.04936,0.000968747546061408,0.05124,0.000986047284870254,0.05018,0.000976339772825014,0.0495,0.00097004896783616,0.0495,0.00097004896783616,0.0495,0.00097004896783616,0,0,1,0,0,0,0,0,1,0,0.9063,0.0937,1,0.0937,"F.P.
skew = 1
excess kurtosis = 1.6"
"balanced n, equal SD",100,"100, 100, 100, 100","1.0, 1.0, 1.0, 1.0","F.P.",5,2,6.6,4,"0, 0, 0, 0",0.04826,0.00095844637200002,0.05272,0.000999405839486642,0.05072,0.000981299970447365,0.04998,0.000974494736773883,0.04998,0.000974494736773883,0.04998,0.000974494736773883,0,0,1,0,0,0,0,0,1,0,0.81328,0.18672,1,0.18672,"F.P.
skew = 2
excess kurtosis = 6.6"
"balanced n, unequal SD",100,"100, 100, 100, 100","1.0, 1.3, 1.7, 2.2","normal",1,0,0,4,"0, 0, 0, 0",0.0597,0.00105958397496376,0.05082,0.00098221512511262,0.05082,0.00098221512511262,0.05668,0.00103409262254403,0.0576,0.00104194280073332,0.0576,0.00104194280073332,0.31228,0.00207249222724719,0.68772,0.00207249222724719,0,0,0.31228,0.00207249222724719,0.68772,0.00207249222724719,0,1,0.68772,1,"Normal distribution
skew = 0; excess kurtosis = 0"
"balanced n, unequal SD",100,"100, 100, 100, 100","1.0, 1.3, 1.7, 2.2","F.P.",2,0,6,4,"0, 0, 0, 0",0.05748,0.00104092314413697,0.0479,0.000955045443944946,0.0479,0.000955045443944946,0.05248,0.000997254727740109,0.05248,0.000997254727740109,0.05248,0.000997254727740109,0,0,1,0,0,0,0,0,1,0,0.00134,0.99866,1,0.99866,"F.P.
skew = 0
excess kurtosis = 6"
"balanced n, unequal SD",100,"100, 100, 100, 100","1.0, 1.3, 1.7, 2.2","F.P.",3,0.5,1,4,"0, 0, 0, 0",0.05778,0.00104346989990129,0.04898,0.000965204222949734,0.04898,0.000965204222949734,0.0744,0.00117358118594326,0.07446,0.00117401625542409,0.07446,0.00117401625542409,0.01152,0.000477227191178374,0.98848,0.000477227191178373,0,0,0.01152,0.000477227191178374,0.98848,0.000477227191178373,0,1,0.98848,1,"F.P.
skew = 0.5
excess kurtosis = 1"
"balanced n, unequal SD",100,"100, 100, 100, 100","1.0, 1.3, 1.7, 2.2","F.P.",4,1,1.6,4,"0, 0, 0, 0",0.05914,0.00105491668296601,0.05128,0.000986411289473108,0.05128,0.000986411289473108,0.17226,0.00168870656065523,0.17226,0.00168870656065523,0.17226,0.00168870656065523,2e-05,1.9999799999e-05,0.99998,1.999979999901e-05,0,0,2e-05,1.9999799999e-05,0.99998,1.999979999901e-05,2e-05,0.99998,0.99998,0.99998,"F.P.
skew = 1
excess kurtosis = 1.6"
"balanced n, unequal SD",100,"100, 100, 100, 100","1.0, 1.3, 1.7, 2.2","F.P.",5,2,6.6,4,"0, 0, 0, 0",0.0597,0.00105958397496376,0.05368,0.00100795295128295,0.05368,0.00100795295128295,0.58962,0.00219985570254051,0.58962,0.00219985570254051,0.58962,0.00219985570254051,0,0,1,0,0,0,0,0,1,0,0.00146,0.99854,1,0.99854,"F.P.
skew = 2
excess kurtosis = 6.6"
"unbalanced n, equal SD",100,"50, 80, 120, 150","1.0, 1.0, 1.0, 1.0","normal",1,0,0,4,"0, 0, 0, 0",0.04984,0.000973200641183513,0.05012,0.000975786714400232,0.05032,0.00097762873934843,0.04918,0.000967071120445647,0.05048,0.000979099275865323,0.05058,0.000980016975363182,0.94802,0.000992754547710561,0.05198,0.000992754547710561,0.8988,0.00134876654762787,0.04922,0.000967443968403339,0.05198,0.000992754547710561,0.94818,0.05182,0.05198,0.05182,"Normal distribution
skew = 0; excess kurtosis = 0"
"unbalanced n, equal SD",100,"50, 80, 120, 150","1.0, 1.0, 1.0, 1.0","F.P.",2,0,6,4,"0, 0, 0, 0",0.0472,0.000948389793281223,0.0453,0.000930031289796209,0.04672,0.000943792790817985,0.04776,0.000953718851653882,0.04776,0.000953718851653882,0.04776,0.000953718851653882,0.00012,4.89868553797853e-05,0.99988,4.89868553797871e-05,1e-04,4.47191234261138e-05,2e-05,1.9999799999e-05,0.99988,4.89868553797871e-05,0.9443,0.0557,0.99988,0.0557,"F.P.
skew = 0
excess kurtosis = 6"
"unbalanced n, equal SD",100,"50, 80, 120, 150","1.0, 1.0, 1.0, 1.0","F.P.",3,0.5,1,4,"0, 0, 0, 0",0.05032,0.00097762873934843,0.05104,0.000984224754819752,0.0503,0.000977444729895251,0.05014,0.000975971110228167,0.05106,0.000984407196235379,0.05112,0.000984954268989175,0.10214,0.00135430735359445,0.89786,0.00135430735359445,0.09554,0.00131462624650507,0.0066,0.000362117108129401,0.89786,0.00135430735359445,0.94056,0.05944,0.89786,0.05944,"F.P.
skew = 0.5
excess kurtosis = 1"
"unbalanced n, equal SD",100,"50, 80, 120, 150","1.0, 1.0, 1.0, 1.0","F.P.",4,1,1.6,4,"0, 0, 0, 0",0.0505,0.000979282900902492,0.0531,0.00100279998005584,0.05076,0.000981666159139654,0.04982,0.000973015596997294,0.04982,0.000973015596997294,0.04982,0.000973015596997294,0,0,1,0,0,0,0,0,1,0,0.90804,0.09196,1,0.09196,"F.P.
skew = 1
excess kurtosis = 1.6"
"unbalanced n, equal SD",100,"50, 80, 120, 150","1.0, 1.0, 1.0, 1.0","F.P.",5,2,6.6,4,"0, 0, 0, 0",0.05042,0.00097854814495762,0.0593,0.00105625290532145,0.05402,0.00101095835324706,0.04922,0.000967443968403339,0.04922,0.000967443968403339,0.04922,0.000967443968403339,0,0,1,0,0,0,0,0,1,0,0.81416,0.18584,1,0.18584,"F.P.
skew = 2
excess kurtosis = 6.6"
"unbalanced n, larger n with larger SD",100,"50, 80, 120, 150","1.0, 1.3, 1.7, 2.2","normal",1,0,0,4,"0, 0, 0, 0",0.02526,0.000701739729529403,0.04944,0.0009694914790755,0.04944,0.0009694914790755,0.03286,0.000797248021634422,0.04432,0.000920388370200319,0.04432,0.000920388370200319,0.55614,0.00222192844349227,0.44386,0.00222192844349227,0,0,0.55614,0.00222192844349227,0.44386,0.00222192844349227,0,1,0.44386,1,"Normal distribution
skew = 0; excess kurtosis = 0"
"unbalanced n, larger n with larger SD",100,"50, 80, 120, 150","1.0, 1.3, 1.7, 2.2","F.P.",2,0,6,4,"0, 0, 0, 0",0.0254,0.000703631153375119,0.04782,0.000954287667320499,0.04778,0.000953908502949837,0.0331,0.000800054873118088,0.0331,0.000800054873118088,0.0331,0.000800054873118088,0,0,1,0,0,0,0,0,1,0,0.00704,0.99296,1,0.99296,"F.P.
skew = 0
excess kurtosis = 6"
"unbalanced n, larger n with larger SD",100,"50, 80, 120, 150","1.0, 1.3, 1.7, 2.2","F.P.",3,0.5,1,4,"0, 0, 0, 0",0.02592,0.000710607537252456,0.04956,0.000970606062210617,0.04956,0.000970606062210617,0.0481,0.000956936675020871,0.04854,0.000961081353476385,0.04854,0.000961081353476385,0.02654,0.000718827217069582,0.97346,0.000718827217069582,0,0,0.02654,0.000718827217069582,0.97346,0.000718827217069582,6e-05,0.99994,0.97346,0.99994,"F.P.
skew = 0.5
excess kurtosis = 1"
"unbalanced n, larger n with larger SD",100,"50, 80, 120, 150","1.0, 1.3, 1.7, 2.2","F.P.",4,1,1.6,4,"0, 0, 0, 0",0.02516,0.000700385242562977,0.05068,0.000980933612432564,0.05068,0.000980933612432564,0.11536,0.00142865020491371,0.11536,0.00142865020491371,0.11536,0.00142865020491371,2e-05,1.9999799999e-05,0.99998,1.999979999901e-05,0,0,2e-05,1.9999799999e-05,0.99998,1.999979999901e-05,0.00014,0.99986,0.99998,0.99986,"F.P.
skew = 1
excess kurtosis = 1.6"
"unbalanced n, larger n with larger SD",100,"50, 80, 120, 150","1.0, 1.3, 1.7, 2.2","F.P.",5,2,6.6,4,"0, 0, 0, 0",0.02798,0.00073752450264381,0.05426,0.00101307307140206,0.05414,0.00101201640698163,0.4971,0.0022360303665201,0.4971,0.0022360303665201,0.4971,0.0022360303665201,0,0,1,0,0,0,0,0,1,0,0.00494,0.99506,1,0.99506,"F.P.
skew = 2
excess kurtosis = 6.6"
"unbalanced n, larger n with smaller SD",100,"50, 80, 120, 150","2.2, 1.7, 1.3, 1.0","normal",1,0,0,4,"0, 0, 0, 0",0.1306,0.00150694153834845,0.05168,0.000990042197080508,0.05168,0.000990042197080508,0.08632,0.00125593676273927,0.08164,0.00122453999853006,0.08164,0.00122453999853006,0.27388,0.0019943407211407,0.72612,0.0019943407211407,0,0,0.27388,0.0019943407211407,0.72612,0.0019943407211407,0,1,0.72612,1,"Normal distribution
skew = 0; excess kurtosis = 0"
"unbalanced n, larger n with smaller SD",100,"50, 80, 120, 150","2.2, 1.7, 1.3, 1.0","F.P.",2,0,6,4,"0, 0, 0, 0",0.12444,0.00147617537169538,0.0466,0.000942639273529382,0.04662,0.000942831645629271,0.0774,0.00119506686005428,0.0774,0.00119506686005428,0.0774,0.00119506686005428,0,0,1,0,0,0,0,0,1,0,0.00306,0.99694,1,0.99694,"F.P.
skew = 0
excess kurtosis = 6"
"unbalanced n, larger n with smaller SD",100,"50, 80, 120, 150","2.2, 1.7, 1.3, 1.0","F.P.",3,0.5,1,4,"0, 0, 0, 0",0.12634,0.00148578736298301,0.05042,0.00097854814495762,0.05042,0.00097854814495762,0.10308,0.00135981258708691,0.10278,0.00135805943610727,0.10278,0.00135805943610727,0.0124,0.000494898777529304,0.9876,0.000494898777529304,0,0,0.0124,0.000494898777529304,0.9876,0.000494898777529304,4e-05,0.99996,0.9876,0.99996,"F.P.
skew = 0.5
excess kurtosis = 1"
"unbalanced n, larger n with smaller SD",100,"50, 80, 120, 150","2.2, 1.7, 1.3, 1.0","F.P.",4,1,1.6,4,"0, 0, 0, 0",0.12738,0.00149100191549173,0.0536,0.00100724416106523,0.05362,0.00100742141728276,0.19504,0.00177200111963847,0.19504,0.00177200111963847,0.19504,0.00177200111963847,0,0,1,0,0,0,0,0,1,0,8e-05,0.99992,1,0.99992,"F.P.
skew = 1
excess kurtosis = 1.6"
"unbalanced n, larger n with smaller SD",100,"50, 80, 120, 150","2.2, 1.7, 1.3, 1.0","F.P.",5,2,6.6,4,"0, 0, 0, 0",0.12888,0.00149846551912281,0.0633,0.00108897300242017,0.0635,0.0010905755361276,0.5595,0.00222017904683384,0.5595,0.00222017904683384,0.5595,0.00222017904683384,0,0,1,0,0,0,0,0,1,0,0.00388,0.99612,1,0.99612,"F.P.
skew = 2
excess kurtosis = 6.6"
